races,pts,hit,roi,roi_ex1,axis,a_p,a_w,gap,partner,period
1701,1.0,0.203,0.731,0.708,P1,0,0,-99,Ptop1,explore
1025,1.0,0.21,0.871,0.839,P1,0,0,-99,Ptop1,valid
1706,2.0,0.339,0.741,0.73,P1,0,0,-99,Ptop2,explore
1029,2.0,0.329,0.778,0.762,P1,0,0,-99,Ptop2,valid
1706,3.0,0.423,0.727,0.719,P1,0,0,-99,Ptop3,explore
1030,3.0,0.426,0.791,0.78,P1,0,0,-99,Ptop3,valid
1706,4.0,0.471,0.671,0.665,P1,0,0,-99,Ptop4,explore
1030,4.0,0.482,0.746,0.732,P1,0,0,-99,Ptop4,valid
1706,5.0,0.511,0.683,0.674,P1,0,0,-99,Ptop5,explore
1030,5.0,0.517,0.711,0.7,P1,0,0,-99,Ptop5,valid
1706,2.0,0.334,0.697,0.686,P1,0,0,-99,Wtop2,explore
1029,2.0,0.331,0.8,0.784,P1,0,0,-99,Wtop2,valid
1706,3.0,0.423,0.732,0.725,P1,0,0,-99,Wtop3,explore
1030,3.0,0.428,0.783,0.772,P1,0,0,-99,Wtop3,valid
1706,4.0,0.474,0.694,0.686,P1,0,0,-99,Wtop4,explore
1030,4.0,0.484,0.748,0.733,P1,0,0,-99,Wtop4,valid
1703,3.0,0.408,0.704,0.697,P1,0,0,-99,pidx30,explore
1029,3.0,0.397,0.713,0.703,P1,0,0,-99,pidx30,valid
1595,1.9,0.329,0.722,0.709,P1,0,0,-99,pidx40,explore
974,1.8,0.311,0.766,0.748,P1,0,0,-99,pidx40,valid
1088,1.3,0.267,0.67,0.66,P1,0,0,-99,pidx50,explore
648,1.3,0.256,0.791,0.759,P1,0,0,-99,pidx50,valid
441,1.1,0.308,0.723,0.71,P1,0,0,-99,pidx60,explore
249,1.1,0.277,0.872,0.789,P1,0,0,-99,pidx60,valid
874,1.1,0.232,0.661,0.646,P1,0,0,-99,widx20,explore
526,1.1,0.236,0.859,0.813,P1,0,0,-99,widx20,valid
172,1.0,0.343,0.901,0.817,P1,0,0,-99,widx30,explore
86,1.0,0.314,0.858,0.771,P1,0,0,-99,widx30,valid
6,1.0,0.333,0.567,0.183,P1,0,0,-99,widx40,explore
3,1.0,0.667,1.767,0.333,P1,0,0,-99,widx40,valid
965,1.0,0.212,0.691,0.675,P1,0,0,10,Ptop1,explore
563,1.0,0.215,0.845,0.8,P1,0,0,10,Ptop1,valid
966,2.0,0.359,0.738,0.723,P1,0,0,10,Ptop2,explore
567,2.0,0.354,0.815,0.793,P1,0,0,10,Ptop2,valid
966,3.0,0.46,0.736,0.726,P1,0,0,10,Ptop3,explore
567,3.0,0.481,0.893,0.873,P1,0,0,10,Ptop3,valid
966,4.0,0.512,0.673,0.664,P1,0,0,10,Ptop4,explore
567,4.0,0.54,0.803,0.789,P1,0,0,10,Ptop4,valid
966,5.0,0.562,0.7,0.684,P1,0,0,10,Ptop5,explore
567,5.0,0.58,0.768,0.755,P1,0,0,10,Ptop5,valid
966,2.0,0.356,0.685,0.676,P1,0,0,10,Wtop2,explore
567,2.0,0.358,0.844,0.814,P1,0,0,10,Wtop2,valid
966,3.0,0.454,0.721,0.712,P1,0,0,10,Wtop3,explore
567,3.0,0.487,0.883,0.863,P1,0,0,10,Wtop3,valid
966,4.0,0.516,0.692,0.683,P1,0,0,10,Wtop4,explore
567,4.0,0.543,0.803,0.788,P1,0,0,10,Wtop4,valid
963,2.8,0.432,0.72,0.707,P1,0,0,10,pidx30,explore
566,2.9,0.422,0.759,0.739,P1,0,0,10,pidx30,valid
866,1.8,0.35,0.755,0.745,P1,0,0,10,pidx40,explore
523,1.7,0.314,0.765,0.738,P1,0,0,10,pidx40,valid
524,1.2,0.292,0.734,0.71,P1,0,0,10,pidx50,explore
306,1.2,0.265,0.802,0.76,P1,0,0,10,pidx50,valid
195,1.0,0.323,0.695,0.663,P1,0,0,10,pidx60,explore
103,1.1,0.282,0.817,0.743,P1,0,0,10,pidx60,valid
274,1.0,0.252,0.599,0.563,P1,0,0,10,widx20,explore
168,1.0,0.244,0.806,0.755,P1,0,0,10,widx20,valid
22,1.0,0.318,0.732,0.6,P1,0,0,10,widx30,explore
16,1.0,0.312,0.738,0.444,P1,0,0,10,widx30,valid
0,,,,,P1,0,0,10,widx40,explore
0,,,,,P1,0,0,10,widx40,valid
493,1.0,0.209,0.665,0.634,P1,0,0,20,Ptop1,explore
277,1.0,0.22,0.929,0.871,P1,0,0,20,Ptop1,valid
494,2.0,0.372,0.755,0.737,P1,0,0,20,Ptop2,explore
279,2.0,0.337,0.753,0.724,P1,0,0,20,Ptop2,valid
494,3.0,0.478,0.724,0.712,P1,0,0,20,Ptop3,explore
279,3.0,0.509,0.967,0.927,P1,0,0,20,Ptop3,valid
494,4.0,0.536,0.691,0.674,P1,0,0,20,Ptop4,explore
279,4.0,0.588,0.88,0.85,P1,0,0,20,Ptop4,valid
494,4.9,0.585,0.664,0.647,P1,0,0,20,Ptop5,explore
279,5.0,0.624,0.778,0.754,P1,0,0,20,Ptop5,valid
494,2.0,0.374,0.719,0.7,P1,0,0,20,Wtop2,explore
279,2.0,0.358,0.862,0.803,P1,0,0,20,Wtop2,valid
494,3.0,0.484,0.753,0.737,P1,0,0,20,Wtop3,explore
279,3.0,0.527,0.979,0.94,P1,0,0,20,Wtop3,valid
494,4.0,0.534,0.686,0.67,P1,0,0,20,Wtop4,explore
279,4.0,0.591,0.883,0.853,P1,0,0,20,Wtop4,valid
491,2.8,0.438,0.712,0.689,P1,0,0,20,pidx30,explore
278,2.8,0.424,0.782,0.739,P1,0,0,20,pidx30,valid
407,1.8,0.364,0.785,0.763,P1,0,0,20,pidx40,explore
247,1.6,0.304,0.822,0.783,P1,0,0,20,pidx40,valid
214,1.2,0.313,0.834,0.776,P1,0,0,20,pidx50,explore
122,1.2,0.205,0.857,0.748,P1,0,0,20,pidx50,valid
62,1.0,0.339,0.697,0.643,P1,0,0,20,pidx60,explore
25,1.0,0.2,0.732,0.516,P1,0,0,20,pidx60,valid
54,1.0,0.222,0.65,0.466,P1,0,0,20,widx20,explore
33,1.0,0.212,0.833,0.655,P1,0,0,20,widx20,valid
3,1.0,0.0,0.0,0.0,P1,0,0,20,widx30,explore
1,1.0,0.0,0.0,0.0,P1,0,0,20,widx30,valid
0,,,,,P1,0,0,20,widx40,explore
0,,,,,P1,0,0,20,widx40,valid
1308,1.0,0.232,0.741,0.729,P1,0,30,-99,Ptop1,explore
766,1.0,0.235,0.888,0.855,P1,0,30,-99,Ptop1,valid
1311,2.0,0.375,0.767,0.755,P1,0,30,-99,Ptop2,explore
770,2.0,0.362,0.804,0.787,P1,0,30,-99,Ptop2,valid
1311,3.0,0.469,0.766,0.755,P1,0,30,-99,Ptop3,explore
770,3.0,0.468,0.827,0.812,P1,0,30,-99,Ptop3,valid
1311,4.0,0.52,0.711,0.703,P1,0,30,-99,Ptop4,explore
770,4.0,0.529,0.786,0.767,P1,0,30,-99,Ptop4,valid
1311,5.0,0.564,0.728,0.717,P1,0,30,-99,Ptop5,explore
770,5.0,0.569,0.76,0.745,P1,0,30,-99,Ptop5,valid
1311,2.0,0.374,0.727,0.719,P1,0,30,-99,Wtop2,explore
770,2.0,0.366,0.837,0.815,P1,0,30,-99,Wtop2,valid
1311,3.0,0.466,0.765,0.755,P1,0,30,-99,Wtop3,explore
770,3.0,0.471,0.821,0.806,P1,0,30,-99,Wtop3,valid
1311,4.0,0.523,0.727,0.72,P1,0,30,-99,Wtop4,explore
770,4.0,0.534,0.791,0.773,P1,0,30,-99,Wtop4,valid
1308,2.8,0.44,0.74,0.73,P1,0,30,-99,pidx30,explore
769,2.9,0.427,0.751,0.736,P1,0,30,-99,pidx30,valid
1217,1.8,0.365,0.771,0.764,P1,0,30,-99,pidx40,explore
731,1.7,0.33,0.79,0.769,P1,0,30,-99,pidx40,valid
862,1.3,0.3,0.76,0.746,P1,0,30,-99,pidx50,explore
512,1.2,0.277,0.849,0.807,P1,0,30,-99,pidx50,valid
382,1.1,0.322,0.736,0.72,P1,0,30,-99,pidx60,explore
222,1.1,0.284,0.836,0.742,P1,0,30,-99,pidx60,valid
588,1.1,0.289,0.794,0.772,P1,0,30,-99,widx20,explore
346,1.1,0.275,0.932,0.859,P1,0,30,-99,widx20,valid
109,1.0,0.404,0.885,0.832,P1,0,30,-99,widx30,explore
54,1.0,0.333,0.752,0.643,P1,0,30,-99,widx30,valid
4,1.0,0.5,0.85,0.275,P1,0,30,-99,widx40,explore
2,1.0,0.5,0.5,0.0,P1,0,30,-99,widx40,valid
912,1.0,0.219,0.706,0.688,P1,0,30,10,Ptop1,explore
526,1.0,0.224,0.882,0.835,P1,0,30,10,Ptop1,valid
913,2.0,0.365,0.739,0.722,P1,0,30,10,Ptop2,explore
530,2.0,0.366,0.831,0.807,P1,0,30,10,Ptop2,valid
913,3.0,0.468,0.74,0.729,P1,0,30,10,Ptop3,explore
530,3.0,0.494,0.908,0.886,P1,0,30,10,Ptop3,valid
913,4.0,0.521,0.68,0.671,P1,0,30,10,Ptop4,explore
530,4.0,0.557,0.824,0.808,P1,0,30,10,Ptop4,valid
913,5.0,0.57,0.707,0.691,P1,0,30,10,Ptop5,explore
530,5.0,0.598,0.791,0.776,P1,0,30,10,Ptop5,valid
913,2.0,0.364,0.689,0.68,P1,0,30,10,Wtop2,explore
530,2.0,0.372,0.868,0.837,P1,0,30,10,Wtop2,valid
913,3.0,0.462,0.724,0.715,P1,0,30,10,Wtop3,explore
530,3.0,0.5,0.897,0.876,P1,0,30,10,Wtop3,valid
913,4.0,0.524,0.697,0.688,P1,0,30,10,Wtop4,explore
530,4.0,0.56,0.823,0.807,P1,0,30,10,Wtop4,valid
910,2.8,0.437,0.73,0.715,P1,0,30,10,pidx30,explore
529,2.9,0.435,0.784,0.762,P1,0,30,10,pidx30,valid
820,1.8,0.357,0.767,0.756,P1,0,30,10,pidx40,explore
492,1.7,0.317,0.765,0.736,P1,0,30,10,pidx40,valid
505,1.2,0.297,0.751,0.727,P1,0,30,10,pidx50,explore
296,1.2,0.27,0.81,0.767,P1,0,30,10,pidx50,valid
192,1.0,0.328,0.706,0.673,P1,0,30,10,pidx60,explore
101,1.1,0.277,0.756,0.701,P1,0,30,10,pidx60,valid
248,1.0,0.266,0.634,0.593,P1,0,30,10,widx20,explore
149,1.0,0.262,0.805,0.766,P1,0,30,10,widx20,valid
17,1.0,0.353,0.782,0.612,P1,0,30,10,widx30,explore
13,1.0,0.385,0.908,0.546,P1,0,30,10,widx30,valid
0,,,,,P1,0,30,10,widx40,explore
0,,,,,P1,0,30,10,widx40,valid
489,1.0,0.209,0.664,0.633,P1,0,30,20,Ptop1,explore
275,1.0,0.222,0.936,0.878,P1,0,30,20,Ptop1,valid
490,2.0,0.373,0.758,0.74,P1,0,30,20,Ptop2,explore
277,2.0,0.339,0.759,0.73,P1,0,30,20,Ptop2,valid
490,3.0,0.48,0.728,0.716,P1,0,30,20,Ptop3,explore
277,3.0,0.513,0.974,0.934,P1,0,30,20,Ptop3,valid
490,4.0,0.539,0.695,0.678,P1,0,30,20,Ptop4,explore
277,4.0,0.592,0.887,0.857,P1,0,30,20,Ptop4,valid
490,4.9,0.588,0.668,0.652,P1,0,30,20,Ptop5,explore
277,5.0,0.628,0.784,0.76,P1,0,30,20,Ptop5,valid
490,2.0,0.376,0.721,0.703,P1,0,30,20,Wtop2,explore
277,2.0,0.361,0.869,0.808,P1,0,30,20,Wtop2,valid
490,3.0,0.486,0.757,0.741,P1,0,30,20,Wtop3,explore
277,3.0,0.531,0.986,0.946,P1,0,30,20,Wtop3,valid
490,4.0,0.537,0.69,0.674,P1,0,30,20,Wtop4,explore
277,4.0,0.596,0.89,0.86,P1,0,30,20,Wtop4,valid
487,2.8,0.439,0.716,0.692,P1,0,30,20,pidx30,explore
276,2.8,0.428,0.791,0.748,P1,0,30,20,pidx30,valid
405,1.8,0.363,0.785,0.763,P1,0,30,20,pidx40,explore
245,1.6,0.306,0.828,0.789,P1,0,30,20,pidx40,valid
213,1.2,0.31,0.825,0.767,P1,0,30,20,pidx50,explore
121,1.2,0.207,0.863,0.753,P1,0,30,20,pidx50,valid
62,1.0,0.339,0.697,0.643,P1,0,30,20,pidx60,explore
25,1.0,0.2,0.732,0.516,P1,0,30,20,pidx60,valid
53,1.0,0.226,0.662,0.475,P1,0,30,20,widx20,explore
31,1.0,0.226,0.887,0.697,P1,0,30,20,widx20,valid
3,1.0,0.0,0.0,0.0,P1,0,30,20,widx30,explore
1,1.0,0.0,0.0,0.0,P1,0,30,20,widx30,valid
0,,,,,P1,0,30,20,widx40,explore
0,,,,,P1,0,30,20,widx40,valid
733,1.0,0.244,0.647,0.626,P1,0,40,-99,Ptop1,explore
433,1.0,0.268,0.968,0.916,P1,0,40,-99,Ptop1,valid
735,2.0,0.396,0.681,0.668,P1,0,40,-99,Ptop2,explore
437,2.0,0.4,0.835,0.809,P1,0,40,-99,Ptop2,valid
735,3.0,0.514,0.746,0.734,P1,0,40,-99,Ptop3,explore
437,3.0,0.531,0.927,0.901,P1,0,40,-99,Ptop3,valid
735,4.0,0.573,0.707,0.696,P1,0,40,-99,Ptop4,explore
437,4.0,0.597,0.839,0.82,P1,0,40,-99,Ptop4,valid
735,4.9,0.622,0.695,0.68,P1,0,40,-99,Ptop5,explore
437,5.0,0.641,0.804,0.786,P1,0,40,-99,Ptop5,valid
735,2.0,0.4,0.68,0.668,P1,0,40,-99,Wtop2,explore
437,2.0,0.405,0.886,0.848,P1,0,40,-99,Wtop2,valid
735,3.0,0.514,0.751,0.74,P1,0,40,-99,Wtop3,explore
437,3.0,0.538,0.919,0.894,P1,0,40,-99,Wtop3,valid
735,4.0,0.577,0.721,0.71,P1,0,40,-99,Wtop4,explore
437,4.0,0.597,0.832,0.813,P1,0,40,-99,Wtop4,valid
732,2.6,0.466,0.718,0.702,P1,0,40,-99,pidx30,explore
436,2.7,0.461,0.81,0.781,P1,0,40,-99,pidx30,valid
659,1.7,0.381,0.74,0.726,P1,0,40,-99,pidx40,explore
406,1.6,0.352,0.845,0.811,P1,0,40,-99,pidx40,valid
454,1.2,0.33,0.78,0.751,P1,0,40,-99,pidx50,explore
277,1.2,0.296,0.909,0.841,P1,0,40,-99,pidx50,valid
213,1.0,0.343,0.701,0.675,P1,0,40,-99,pidx60,explore
125,1.0,0.296,0.949,0.776,P1,0,40,-99,pidx60,valid
226,1.0,0.327,0.696,0.671,P1,0,40,-99,widx20,explore
139,1.0,0.331,1.038,0.88,P1,0,40,-99,widx20,valid
31,1.0,0.516,0.871,0.797,P1,0,40,-99,widx30,explore
18,1.0,0.444,0.911,0.65,P1,0,40,-99,widx30,valid
2,1.0,0.5,0.55,0.0,P1,0,40,-99,widx40,explore
0,,,,,P1,0,40,-99,widx40,valid
656,1.0,0.241,0.655,0.632,P1,0,40,10,Ptop1,explore
374,1.0,0.257,0.936,0.894,P1,0,40,10,Ptop1,valid
657,2.0,0.397,0.697,0.684,P1,0,40,10,Ptop2,explore
378,2.0,0.397,0.836,0.815,P1,0,40,10,Ptop2,valid
657,3.0,0.516,0.748,0.735,P1,0,40,10,Ptop3,explore
378,3.0,0.545,0.982,0.952,P1,0,40,10,Ptop3,valid
657,4.0,0.575,0.706,0.694,P1,0,40,10,Ptop4,explore
378,4.0,0.616,0.89,0.868,P1,0,40,10,Ptop4,valid
657,4.9,0.626,0.699,0.681,P1,0,40,10,Ptop5,explore
378,5.0,0.661,0.85,0.83,P1,0,40,10,Ptop5,valid
657,2.0,0.403,0.7,0.687,P1,0,40,10,Wtop2,explore
378,2.0,0.405,0.904,0.86,P1,0,40,10,Wtop2,valid
657,3.0,0.519,0.768,0.756,P1,0,40,10,Wtop3,explore
378,3.0,0.553,0.973,0.943,P1,0,40,10,Wtop3,valid
657,4.0,0.578,0.716,0.704,P1,0,40,10,Wtop4,explore
378,4.0,0.616,0.881,0.859,P1,0,40,10,Wtop4,valid
654,2.7,0.472,0.739,0.721,P1,0,40,10,pidx30,explore
377,2.7,0.464,0.832,0.799,P1,0,40,10,pidx30,valid
582,1.7,0.385,0.755,0.74,P1,0,40,10,pidx40,explore
347,1.6,0.343,0.822,0.793,P1,0,40,10,pidx40,valid
378,1.2,0.336,0.802,0.768,P1,0,40,10,pidx50,explore
220,1.2,0.286,0.879,0.818,P1,0,40,10,pidx50,valid
159,1.0,0.358,0.724,0.69,P1,0,40,10,pidx60,explore
85,1.0,0.282,0.823,0.755,P1,0,40,10,pidx60,valid
152,1.0,0.342,0.719,0.683,P1,0,40,10,widx20,explore
88,1.0,0.33,0.998,0.93,P1,0,40,10,widx20,valid
7,1.0,0.571,1.086,0.757,P1,0,40,10,widx30,explore
9,1.0,0.556,1.311,0.789,P1,0,40,10,widx30,valid
0,,,,,P1,0,40,10,widx40,explore
0,,,,,P1,0,40,10,widx40,valid
439,1.0,0.223,0.673,0.638,P1,0,40,20,Ptop1,explore
251,1.0,0.239,0.996,0.932,P1,0,40,20,Ptop1,valid
440,2.0,0.391,0.735,0.715,P1,0,40,20,Ptop2,explore
253,2.0,0.352,0.77,0.738,P1,0,40,20,Ptop2,valid
440,3.0,0.505,0.725,0.712,P1,0,40,20,Ptop3,explore
253,3.0,0.526,0.993,0.949,P1,0,40,20,Ptop3,valid
440,4.0,0.566,0.703,0.685,P1,0,40,20,Ptop4,explore
253,4.0,0.601,0.89,0.857,P1,0,40,20,Ptop4,valid
440,4.9,0.618,0.678,0.659,P1,0,40,20,Ptop5,explore
253,5.0,0.64,0.794,0.767,P1,0,40,20,Ptop5,valid
440,2.0,0.398,0.732,0.712,P1,0,40,20,Wtop2,explore
253,2.0,0.372,0.896,0.83,P1,0,40,20,Wtop2,valid
440,3.0,0.511,0.758,0.74,P1,0,40,20,Wtop3,explore
253,3.0,0.545,1.015,0.971,P1,0,40,20,Wtop3,valid
440,4.0,0.566,0.704,0.685,P1,0,40,20,Wtop4,explore
253,4.0,0.605,0.893,0.86,P1,0,40,20,Wtop4,valid
437,2.7,0.462,0.733,0.705,P1,0,40,20,pidx30,explore
252,2.7,0.433,0.803,0.754,P1,0,40,20,pidx30,valid
367,1.7,0.381,0.778,0.754,P1,0,40,20,pidx40,explore
224,1.6,0.317,0.858,0.814,P1,0,40,20,pidx40,valid
198,1.2,0.328,0.858,0.795,P1,0,40,20,pidx50,explore
112,1.2,0.223,0.935,0.815,P1,0,40,20,pidx50,valid
60,1.0,0.35,0.72,0.664,P1,0,40,20,pidx60,explore
25,1.0,0.2,0.732,0.516,P1,0,40,20,pidx60,valid
36,1.0,0.278,0.595,0.481,P1,0,40,20,widx20,explore
23,1.0,0.304,1.196,0.939,P1,0,40,20,widx20,valid
2,1.0,0.0,0.0,0.0,P1,0,40,20,widx30,explore
0,,,,,P1,0,40,20,widx30,valid
0,,,,,P1,0,40,20,widx40,explore
0,,,,,P1,0,40,20,widx40,valid
311,1.0,0.296,0.699,0.667,P1,0,50,-99,Ptop1,explore
163,1.0,0.233,0.714,0.664,P1,0,50,-99,Ptop1,valid
312,2.0,0.446,0.689,0.672,P1,0,50,-99,Ptop2,explore
165,2.0,0.388,0.697,0.662,P1,0,50,-99,Ptop2,valid
312,3.0,0.564,0.738,0.718,P1,0,50,-99,Ptop3,explore
165,3.0,0.582,0.931,0.878,P1,0,50,-99,Ptop3,valid
312,4.0,0.619,0.675,0.657,P1,0,50,-99,Ptop4,explore
165,4.0,0.648,0.837,0.798,P1,0,50,-99,Ptop4,valid
312,4.9,0.66,0.611,0.596,P1,0,50,-99,Ptop5,explore
165,5.0,0.679,0.727,0.696,P1,0,50,-99,Ptop5,valid
312,2.0,0.439,0.653,0.637,P1,0,50,-99,Wtop2,explore
165,2.0,0.406,0.795,0.722,P1,0,50,-99,Wtop2,valid
312,3.0,0.558,0.732,0.712,P1,0,50,-99,Wtop3,explore
165,3.0,0.582,0.914,0.862,P1,0,50,-99,Wtop3,valid
312,4.0,0.615,0.673,0.655,P1,0,50,-99,Wtop4,explore
165,4.0,0.655,0.84,0.801,P1,0,50,-99,Wtop4,valid
309,2.4,0.479,0.671,0.653,P1,0,50,-99,pidx30,explore
164,2.4,0.445,0.731,0.67,P1,0,50,-99,pidx30,valid
255,1.5,0.42,0.803,0.775,P1,0,50,-99,pidx40,explore
140,1.5,0.329,0.742,0.687,P1,0,50,-99,pidx40,valid
161,1.1,0.398,0.824,0.766,P1,0,50,-99,pidx50,explore
78,1.1,0.231,0.608,0.473,P1,0,50,-99,pidx50,valid
63,1.0,0.492,0.883,0.83,P1,0,50,-99,pidx60,explore
28,1.0,0.179,0.375,0.282,P1,0,50,-99,pidx60,valid
45,1.0,0.444,0.707,0.653,P1,0,50,-99,widx20,explore
16,1.0,0.438,1.012,0.65,P1,0,50,-99,widx20,valid
3,1.0,1.0,1.8,1.067,P1,0,50,-99,widx30,explore
2,1.0,1.0,1.05,0.5,P1,0,50,-99,widx30,valid
0,,,,,P1,0,50,-99,widx40,explore
0,,,,,P1,0,50,-99,widx40,valid
308,1.0,0.292,0.697,0.664,P1,0,50,10,Ptop1,explore
162,1.0,0.235,0.719,0.669,P1,0,50,10,Ptop1,valid
309,2.0,0.443,0.691,0.674,P1,0,50,10,Ptop2,explore
164,2.0,0.384,0.69,0.654,P1,0,50,10,Ptop2,valid
309,3.0,0.563,0.742,0.722,P1,0,50,10,Ptop3,explore
164,3.0,0.579,0.928,0.876,P1,0,50,10,Ptop3,valid
309,4.0,0.618,0.679,0.661,P1,0,50,10,Ptop4,explore
164,4.0,0.646,0.836,0.797,P1,0,50,10,Ptop4,valid
309,4.9,0.66,0.615,0.6,P1,0,50,10,Ptop5,explore
164,5.0,0.677,0.727,0.695,P1,0,50,10,Ptop5,valid
309,2.0,0.437,0.655,0.638,P1,0,50,10,Wtop2,explore
164,2.0,0.402,0.788,0.714,P1,0,50,10,Wtop2,valid
309,3.0,0.557,0.736,0.715,P1,0,50,10,Wtop3,explore
164,3.0,0.579,0.911,0.859,P1,0,50,10,Wtop3,valid
309,4.0,0.615,0.677,0.659,P1,0,50,10,Wtop4,explore
164,4.0,0.652,0.839,0.8,P1,0,50,10,Wtop4,valid
306,2.4,0.477,0.672,0.654,P1,0,50,10,pidx30,explore
163,2.4,0.442,0.725,0.663,P1,0,50,10,pidx30,valid
252,1.5,0.417,0.804,0.776,P1,0,50,10,pidx40,explore
139,1.5,0.331,0.745,0.691,P1,0,50,10,pidx40,valid
158,1.1,0.392,0.821,0.763,P1,0,50,10,pidx50,explore
77,1.1,0.234,0.615,0.479,P1,0,50,10,pidx50,valid
61,1.0,0.492,0.887,0.832,P1,0,50,10,pidx60,explore
28,1.0,0.179,0.375,0.282,P1,0,50,10,pidx60,valid
42,1.0,0.429,0.688,0.631,P1,0,50,10,widx20,explore
15,1.0,0.467,1.08,0.693,P1,0,50,10,widx20,valid
2,1.0,1.0,2.0,0.9,P1,0,50,10,widx30,explore
2,1.0,1.0,1.05,0.5,P1,0,50,10,widx30,valid
0,,,,,P1,0,50,10,widx40,explore
0,,,,,P1,0,50,10,widx40,valid
266,1.0,0.256,0.671,0.633,P1,0,50,20,Ptop1,explore
145,1.0,0.228,0.748,0.692,P1,0,50,20,Ptop1,valid
267,2.0,0.427,0.722,0.703,P1,0,50,20,Ptop2,explore
146,2.0,0.377,0.706,0.667,P1,0,50,20,Ptop2,valid
267,3.0,0.543,0.747,0.728,P1,0,50,20,Ptop3,explore
146,3.0,0.582,0.97,0.911,P1,0,50,20,Ptop3,valid
267,4.0,0.599,0.681,0.66,P1,0,50,20,Ptop4,explore
146,4.0,0.658,0.885,0.84,P1,0,50,20,Ptop4,valid
267,4.9,0.648,0.626,0.609,P1,0,50,20,Ptop5,explore
146,5.0,0.692,0.773,0.737,P1,0,50,20,Ptop5,valid
267,2.0,0.419,0.68,0.661,P1,0,50,20,Wtop2,explore
146,2.0,0.397,0.816,0.734,P1,0,50,20,Wtop2,valid
267,3.0,0.543,0.753,0.734,P1,0,50,20,Wtop3,explore
146,3.0,0.589,0.968,0.909,P1,0,50,20,Wtop3,valid
267,4.0,0.596,0.68,0.659,P1,0,50,20,Wtop4,explore
146,4.0,0.664,0.888,0.844,P1,0,50,20,Wtop4,valid
264,2.4,0.466,0.693,0.672,P1,0,50,20,pidx30,explore
145,2.5,0.441,0.738,0.671,P1,0,50,20,pidx30,valid
210,1.5,0.395,0.806,0.774,P1,0,50,20,pidx40,explore
122,1.5,0.32,0.751,0.689,P1,0,50,20,pidx40,valid
121,1.1,0.347,0.809,0.735,P1,0,50,20,pidx50,explore
62,1.1,0.21,0.644,0.475,P1,0,50,20,pidx50,valid
38,1.0,0.447,0.879,0.792,P1,0,50,20,pidx60,explore
18,1.0,0.111,0.278,0.133,P1,0,50,20,pidx60,valid
15,1.0,0.267,0.5,0.36,P1,0,50,20,widx20,explore
8,1.0,0.375,1.312,0.588,P1,0,50,20,widx20,valid
0,,,,,P1,0,50,20,widx30,explore
0,,,,,P1,0,50,20,widx30,valid
0,,,,,P1,0,50,20,widx40,explore
0,,,,,P1,0,50,20,widx40,valid
98,1.0,0.306,0.727,0.68,P1,0,60,-99,Ptop1,explore
37,1.0,0.189,0.589,0.438,P1,0,60,-99,Ptop1,valid
99,2.0,0.485,0.662,0.635,P1,0,60,-99,Ptop2,explore
37,2.0,0.405,0.807,0.673,P1,0,60,-99,Ptop2,valid
99,3.0,0.606,0.771,0.719,P1,0,60,-99,Ptop3,explore
37,3.0,0.622,1.188,0.957,P1,0,60,-99,Ptop3,valid
99,3.9,0.667,0.702,0.648,P1,0,60,-99,Ptop4,explore
37,4.0,0.73,1.079,0.904,P1,0,60,-99,Ptop4,valid
99,4.9,0.717,0.646,0.602,P1,0,60,-99,Ptop5,explore
37,4.9,0.757,0.915,0.773,P1,0,60,-99,Ptop5,valid
99,2.0,0.475,0.643,0.607,P1,0,60,-99,Wtop2,explore
37,2.0,0.405,0.832,0.673,P1,0,60,-99,Wtop2,valid
99,2.9,0.616,0.809,0.757,P1,0,60,-99,Wtop3,explore
37,3.0,0.622,1.241,1.01,P1,0,60,-99,Wtop3,valid
99,3.9,0.667,0.702,0.648,P1,0,60,-99,Wtop4,explore
37,4.0,0.73,1.079,0.904,P1,0,60,-99,Wtop4,valid
96,2.1,0.458,0.593,0.557,P1,0,60,-99,pidx30,explore
37,2.0,0.378,0.799,0.633,P1,0,60,-99,pidx30,valid
68,1.4,0.456,0.795,0.749,P1,0,60,-99,pidx40,explore
28,1.3,0.214,0.459,0.322,P1,0,60,-99,pidx40,valid
36,1.1,0.444,0.793,0.717,P1,0,60,-99,pidx50,explore
13,1.0,0.077,0.108,0.0,P1,0,60,-99,pidx50,valid
16,1.0,0.5,0.881,0.725,P1,0,60,-99,pidx60,explore
4,1.0,0.0,0.0,0.0,P1,0,60,-99,pidx60,valid
0,,,,,P1,0,60,-99,widx20,explore
2,1.0,0.0,0.0,0.0,P1,0,60,-99,widx20,valid
0,,,,,P1,0,60,-99,widx30,explore
0,,,,,P1,0,60,-99,widx30,valid
0,,,,,P1,0,60,-99,widx40,explore
0,,,,,P1,0,60,-99,widx40,valid
98,1.0,0.306,0.727,0.68,P1,0,60,10,Ptop1,explore
37,1.0,0.189,0.589,0.438,P1,0,60,10,Ptop1,valid
99,2.0,0.485,0.662,0.635,P1,0,60,10,Ptop2,explore
37,2.0,0.405,0.807,0.673,P1,0,60,10,Ptop2,valid
99,3.0,0.606,0.771,0.719,P1,0,60,10,Ptop3,explore
37,3.0,0.622,1.188,0.957,P1,0,60,10,Ptop3,valid
99,3.9,0.667,0.702,0.648,P1,0,60,10,Ptop4,explore
37,4.0,0.73,1.079,0.904,P1,0,60,10,Ptop4,valid
99,4.9,0.717,0.646,0.602,P1,0,60,10,Ptop5,explore
37,4.9,0.757,0.915,0.773,P1,0,60,10,Ptop5,valid
99,2.0,0.475,0.643,0.607,P1,0,60,10,Wtop2,explore
37,2.0,0.405,0.832,0.673,P1,0,60,10,Wtop2,valid
99,2.9,0.616,0.809,0.757,P1,0,60,10,Wtop3,explore
37,3.0,0.622,1.241,1.01,P1,0,60,10,Wtop3,valid
99,3.9,0.667,0.702,0.648,P1,0,60,10,Wtop4,explore
37,4.0,0.73,1.079,0.904,P1,0,60,10,Wtop4,valid
96,2.1,0.458,0.593,0.557,P1,0,60,10,pidx30,explore
37,2.0,0.378,0.799,0.633,P1,0,60,10,pidx30,valid
68,1.4,0.456,0.795,0.749,P1,0,60,10,pidx40,explore
28,1.3,0.214,0.459,0.322,P1,0,60,10,pidx40,valid
36,1.1,0.444,0.793,0.717,P1,0,60,10,pidx50,explore
13,1.0,0.077,0.108,0.0,P1,0,60,10,pidx50,valid
16,1.0,0.5,0.881,0.725,P1,0,60,10,pidx60,explore
4,1.0,0.0,0.0,0.0,P1,0,60,10,pidx60,valid
0,,,,,P1,0,60,10,widx20,explore
2,1.0,0.0,0.0,0.0,P1,0,60,10,widx20,valid
0,,,,,P1,0,60,10,widx30,explore
0,,,,,P1,0,60,10,widx30,valid
0,,,,,P1,0,60,10,widx40,explore
0,,,,,P1,0,60,10,widx40,valid
93,1.0,0.301,0.734,0.685,P1,0,60,20,Ptop1,explore
35,1.0,0.2,0.623,0.463,P1,0,60,20,Ptop1,valid
94,2.0,0.489,0.682,0.653,P1,0,60,20,Ptop2,explore
35,2.0,0.429,0.853,0.711,P1,0,60,20,Ptop2,valid
94,3.0,0.606,0.77,0.715,P1,0,60,20,Ptop3,explore
35,3.0,0.6,1.143,0.898,P1,0,60,20,Ptop3,valid
94,3.9,0.67,0.708,0.651,P1,0,60,20,Ptop4,explore
35,4.0,0.714,1.055,0.871,P1,0,60,20,Ptop4,valid
94,4.9,0.723,0.656,0.61,P1,0,60,20,Ptop5,explore
35,4.9,0.743,0.899,0.749,P1,0,60,20,Ptop5,valid
94,2.0,0.479,0.662,0.624,P1,0,60,20,Wtop2,explore
35,2.0,0.429,0.88,0.711,P1,0,60,20,Wtop2,valid
94,2.9,0.617,0.81,0.755,P1,0,60,20,Wtop3,explore
35,3.0,0.629,1.27,1.026,P1,0,60,20,Wtop3,valid
94,3.9,0.67,0.708,0.651,P1,0,60,20,Wtop4,explore
35,4.0,0.714,1.055,0.871,P1,0,60,20,Wtop4,valid
91,2.1,0.462,0.615,0.577,P1,0,60,20,pidx30,explore
35,2.1,0.4,0.832,0.66,P1,0,60,20,pidx30,valid
63,1.4,0.46,0.807,0.758,P1,0,60,20,pidx40,explore
26,1.3,0.231,0.486,0.34,P1,0,60,20,pidx40,valid
31,1.2,0.452,0.822,0.736,P1,0,60,20,pidx50,explore
11,1.0,0.091,0.127,0.0,P1,0,60,20,pidx50,valid
11,1.0,0.545,1.018,0.791,P1,0,60,20,pidx60,explore
2,1.0,0.0,0.0,0.0,P1,0,60,20,pidx60,valid
0,,,,,P1,0,60,20,widx20,explore
2,1.0,0.0,0.0,0.0,P1,0,60,20,widx20,valid
0,,,,,P1,0,60,20,widx30,explore
0,,,,,P1,0,60,20,widx30,valid
0,,,,,P1,0,60,20,widx40,explore
0,,,,,P1,0,60,20,widx40,valid
1627,1.0,0.205,0.66,0.65,P1,50,0,-99,Ptop1,explore
973,1.0,0.214,0.861,0.827,P1,50,0,-99,Ptop1,valid
1632,2.0,0.343,0.712,0.703,P1,50,0,-99,Ptop2,explore
977,2.0,0.336,0.776,0.759,P1,50,0,-99,Ptop2,valid
1632,3.0,0.429,0.711,0.703,P1,50,0,-99,Ptop3,explore
978,3.0,0.435,0.799,0.787,P1,50,0,-99,Ptop3,valid
1632,4.0,0.477,0.659,0.653,P1,50,0,-99,Ptop4,explore
978,4.0,0.493,0.76,0.745,P1,50,0,-99,Ptop4,valid
1632,5.0,0.518,0.677,0.668,P1,50,0,-99,Ptop5,explore
978,5.0,0.529,0.722,0.71,P1,50,0,-99,Ptop5,valid
1632,2.0,0.339,0.669,0.663,P1,50,0,-99,Wtop2,explore
977,2.0,0.338,0.799,0.782,P1,50,0,-99,Wtop2,valid
1632,3.0,0.428,0.714,0.706,P1,50,0,-99,Wtop3,explore
978,3.0,0.438,0.793,0.781,P1,50,0,-99,Wtop3,valid
1632,4.0,0.48,0.681,0.673,P1,50,0,-99,Wtop4,explore
978,4.0,0.496,0.761,0.747,P1,50,0,-99,Wtop4,valid
1629,2.9,0.411,0.686,0.679,P1,50,0,-99,pidx30,explore
977,3.0,0.404,0.723,0.712,P1,50,0,-99,pidx30,valid
1533,1.9,0.333,0.69,0.684,P1,50,0,-99,pidx40,explore
936,1.9,0.315,0.761,0.742,P1,50,0,-99,pidx40,valid
1088,1.3,0.267,0.67,0.66,P1,50,0,-99,pidx50,explore
648,1.3,0.256,0.791,0.759,P1,50,0,-99,pidx50,valid
441,1.1,0.308,0.723,0.71,P1,50,0,-99,pidx60,explore
249,1.1,0.277,0.872,0.789,P1,50,0,-99,pidx60,valid
848,1.1,0.237,0.657,0.641,P1,50,0,-99,widx20,explore
505,1.1,0.236,0.843,0.795,P1,50,0,-99,widx20,valid
170,1.0,0.341,0.827,0.793,P1,50,0,-99,widx30,explore
85,1.0,0.306,0.818,0.729,P1,50,0,-99,widx30,valid
6,1.0,0.333,0.567,0.183,P1,50,0,-99,widx40,explore
2,1.0,0.5,0.5,0.0,P1,50,0,-99,widx40,valid
963,1.0,0.213,0.693,0.676,P1,50,0,10,Ptop1,explore
560,1.0,0.216,0.849,0.804,P1,50,0,10,Ptop1,valid
964,2.0,0.359,0.737,0.721,P1,50,0,10,Ptop2,explore
564,2.0,0.356,0.819,0.797,P1,50,0,10,Ptop2,valid
964,3.0,0.46,0.735,0.725,P1,50,0,10,Ptop3,explore
564,3.0,0.482,0.895,0.875,P1,50,0,10,Ptop3,valid
964,4.0,0.512,0.673,0.664,P1,50,0,10,Ptop4,explore
564,4.0,0.541,0.806,0.791,P1,50,0,10,Ptop4,valid
964,5.0,0.562,0.7,0.684,P1,50,0,10,Ptop5,explore
564,5.0,0.582,0.771,0.757,P1,50,0,10,Ptop5,valid
964,2.0,0.356,0.683,0.674,P1,50,0,10,Wtop2,explore
564,2.0,0.36,0.848,0.819,P1,50,0,10,Wtop2,valid
964,3.0,0.454,0.72,0.712,P1,50,0,10,Wtop3,explore
564,3.0,0.488,0.885,0.866,P1,50,0,10,Wtop3,valid
964,4.0,0.516,0.692,0.683,P1,50,0,10,Wtop4,explore
564,4.0,0.544,0.805,0.79,P1,50,0,10,Wtop4,valid
961,2.8,0.433,0.722,0.708,P1,50,0,10,pidx30,explore
563,2.9,0.425,0.762,0.742,P1,50,0,10,pidx30,valid
866,1.8,0.35,0.755,0.745,P1,50,0,10,pidx40,explore
523,1.7,0.314,0.765,0.738,P1,50,0,10,pidx40,valid
524,1.2,0.292,0.734,0.71,P1,50,0,10,pidx50,explore
306,1.2,0.265,0.802,0.76,P1,50,0,10,pidx50,valid
195,1.0,0.323,0.695,0.663,P1,50,0,10,pidx60,explore
103,1.1,0.282,0.817,0.743,P1,50,0,10,pidx60,valid
274,1.0,0.252,0.599,0.563,P1,50,0,10,widx20,explore
167,1.0,0.246,0.81,0.759,P1,50,0,10,widx20,valid
22,1.0,0.318,0.732,0.6,P1,50,0,10,widx30,explore
16,1.0,0.312,0.738,0.444,P1,50,0,10,widx30,valid
0,,,,,P1,50,0,10,widx40,explore
0,,,,,P1,50,0,10,widx40,valid
493,1.0,0.209,0.665,0.634,P1,50,0,20,Ptop1,explore
277,1.0,0.22,0.929,0.871,P1,50,0,20,Ptop1,valid
494,2.0,0.372,0.755,0.737,P1,50,0,20,Ptop2,explore
279,2.0,0.337,0.753,0.724,P1,50,0,20,Ptop2,valid
494,3.0,0.478,0.724,0.712,P1,50,0,20,Ptop3,explore
279,3.0,0.509,0.967,0.927,P1,50,0,20,Ptop3,valid
494,4.0,0.536,0.691,0.674,P1,50,0,20,Ptop4,explore
279,4.0,0.588,0.88,0.85,P1,50,0,20,Ptop4,valid
494,4.9,0.585,0.664,0.647,P1,50,0,20,Ptop5,explore
279,5.0,0.624,0.778,0.754,P1,50,0,20,Ptop5,valid
494,2.0,0.374,0.719,0.7,P1,50,0,20,Wtop2,explore
279,2.0,0.358,0.862,0.803,P1,50,0,20,Wtop2,valid
494,3.0,0.484,0.753,0.737,P1,50,0,20,Wtop3,explore
279,3.0,0.527,0.979,0.94,P1,50,0,20,Wtop3,valid
494,4.0,0.534,0.686,0.67,P1,50,0,20,Wtop4,explore
279,4.0,0.591,0.883,0.853,P1,50,0,20,Wtop4,valid
491,2.8,0.438,0.712,0.689,P1,50,0,20,pidx30,explore
278,2.8,0.424,0.782,0.739,P1,50,0,20,pidx30,valid
407,1.8,0.364,0.785,0.763,P1,50,0,20,pidx40,explore
247,1.6,0.304,0.822,0.783,P1,50,0,20,pidx40,valid
214,1.2,0.313,0.834,0.776,P1,50,0,20,pidx50,explore
122,1.2,0.205,0.857,0.748,P1,50,0,20,pidx50,valid
62,1.0,0.339,0.697,0.643,P1,50,0,20,pidx60,explore
25,1.0,0.2,0.732,0.516,P1,50,0,20,pidx60,valid
54,1.0,0.222,0.65,0.466,P1,50,0,20,widx20,explore
33,1.0,0.212,0.833,0.655,P1,50,0,20,widx20,valid
3,1.0,0.0,0.0,0.0,P1,50,0,20,widx30,explore
1,1.0,0.0,0.0,0.0,P1,50,0,20,widx30,valid
0,,,,,P1,50,0,20,widx40,explore
0,,,,,P1,50,0,20,widx40,valid
1303,1.0,0.231,0.728,0.716,P1,50,30,-99,Ptop1,explore
763,1.0,0.236,0.892,0.859,P1,50,30,-99,Ptop1,valid
1306,2.0,0.374,0.759,0.747,P1,50,30,-99,Ptop2,explore
767,2.0,0.362,0.803,0.786,P1,50,30,-99,Ptop2,valid
1306,3.0,0.469,0.761,0.751,P1,50,30,-99,Ptop3,explore
767,3.0,0.468,0.828,0.813,P1,50,30,-99,Ptop3,valid
1306,4.0,0.52,0.708,0.7,P1,50,30,-99,Ptop4,explore
767,4.0,0.529,0.787,0.769,P1,50,30,-99,Ptop4,valid
1306,5.0,0.564,0.727,0.715,P1,50,30,-99,Ptop5,explore
767,5.0,0.57,0.761,0.746,P1,50,30,-99,Ptop5,valid
1306,2.0,0.373,0.719,0.711,P1,50,30,-99,Wtop2,explore
767,2.0,0.366,0.836,0.814,P1,50,30,-99,Wtop2,valid
1306,3.0,0.466,0.761,0.751,P1,50,30,-99,Wtop3,explore
767,3.0,0.472,0.822,0.807,P1,50,30,-99,Wtop3,valid
1306,4.0,0.522,0.725,0.717,P1,50,30,-99,Wtop4,explore
767,4.0,0.535,0.793,0.774,P1,50,30,-99,Wtop4,valid
1303,2.8,0.44,0.736,0.725,P1,50,30,-99,pidx30,explore
766,2.9,0.427,0.752,0.736,P1,50,30,-99,pidx30,valid
1212,1.8,0.365,0.764,0.757,P1,50,30,-99,pidx40,explore
730,1.7,0.33,0.791,0.77,P1,50,30,-99,pidx40,valid
862,1.3,0.3,0.76,0.746,P1,50,30,-99,pidx50,explore
512,1.2,0.277,0.849,0.807,P1,50,30,-99,pidx50,valid
382,1.1,0.322,0.736,0.72,P1,50,30,-99,pidx60,explore
222,1.1,0.284,0.836,0.742,P1,50,30,-99,pidx60,valid
585,1.1,0.289,0.787,0.764,P1,50,30,-99,widx20,explore
345,1.1,0.275,0.934,0.861,P1,50,30,-99,widx20,valid
109,1.0,0.404,0.885,0.832,P1,50,30,-99,widx30,explore
54,1.0,0.333,0.752,0.643,P1,50,30,-99,widx30,valid
4,1.0,0.5,0.85,0.275,P1,50,30,-99,widx40,explore
2,1.0,0.5,0.5,0.0,P1,50,30,-99,widx40,valid
912,1.0,0.219,0.706,0.688,P1,50,30,10,Ptop1,explore
525,1.0,0.225,0.884,0.836,P1,50,30,10,Ptop1,valid
913,2.0,0.365,0.739,0.722,P1,50,30,10,Ptop2,explore
529,2.0,0.367,0.833,0.809,P1,50,30,10,Ptop2,valid
913,3.0,0.468,0.74,0.729,P1,50,30,10,Ptop3,explore
529,3.0,0.495,0.909,0.888,P1,50,30,10,Ptop3,valid
913,4.0,0.521,0.68,0.671,P1,50,30,10,Ptop4,explore
529,4.0,0.558,0.825,0.809,P1,50,30,10,Ptop4,valid
913,5.0,0.57,0.707,0.691,P1,50,30,10,Ptop5,explore
529,5.0,0.599,0.792,0.778,P1,50,30,10,Ptop5,valid
913,2.0,0.364,0.689,0.68,P1,50,30,10,Wtop2,explore
529,2.0,0.372,0.87,0.838,P1,50,30,10,Wtop2,valid
913,3.0,0.462,0.724,0.715,P1,50,30,10,Wtop3,explore
529,3.0,0.501,0.899,0.878,P1,50,30,10,Wtop3,valid
913,4.0,0.524,0.697,0.688,P1,50,30,10,Wtop4,explore
529,4.0,0.561,0.825,0.809,P1,50,30,10,Wtop4,valid
910,2.8,0.437,0.73,0.715,P1,50,30,10,pidx30,explore
528,2.9,0.436,0.785,0.763,P1,50,30,10,pidx30,valid
820,1.8,0.357,0.767,0.756,P1,50,30,10,pidx40,explore
492,1.7,0.317,0.765,0.736,P1,50,30,10,pidx40,valid
505,1.2,0.297,0.751,0.727,P1,50,30,10,pidx50,explore
296,1.2,0.27,0.81,0.767,P1,50,30,10,pidx50,valid
192,1.0,0.328,0.706,0.673,P1,50,30,10,pidx60,explore
101,1.1,0.277,0.756,0.701,P1,50,30,10,pidx60,valid
248,1.0,0.266,0.634,0.593,P1,50,30,10,widx20,explore
149,1.0,0.262,0.805,0.766,P1,50,30,10,widx20,valid
17,1.0,0.353,0.782,0.612,P1,50,30,10,widx30,explore
13,1.0,0.385,0.908,0.546,P1,50,30,10,widx30,valid
0,,,,,P1,50,30,10,widx40,explore
0,,,,,P1,50,30,10,widx40,valid
489,1.0,0.209,0.664,0.633,P1,50,30,20,Ptop1,explore
275,1.0,0.222,0.936,0.878,P1,50,30,20,Ptop1,valid
490,2.0,0.373,0.758,0.74,P1,50,30,20,Ptop2,explore
277,2.0,0.339,0.759,0.73,P1,50,30,20,Ptop2,valid
490,3.0,0.48,0.728,0.716,P1,50,30,20,Ptop3,explore
277,3.0,0.513,0.974,0.934,P1,50,30,20,Ptop3,valid
490,4.0,0.539,0.695,0.678,P1,50,30,20,Ptop4,explore
277,4.0,0.592,0.887,0.857,P1,50,30,20,Ptop4,valid
490,4.9,0.588,0.668,0.652,P1,50,30,20,Ptop5,explore
277,5.0,0.628,0.784,0.76,P1,50,30,20,Ptop5,valid
490,2.0,0.376,0.721,0.703,P1,50,30,20,Wtop2,explore
277,2.0,0.361,0.869,0.808,P1,50,30,20,Wtop2,valid
490,3.0,0.486,0.757,0.741,P1,50,30,20,Wtop3,explore
277,3.0,0.531,0.986,0.946,P1,50,30,20,Wtop3,valid
490,4.0,0.537,0.69,0.674,P1,50,30,20,Wtop4,explore
277,4.0,0.596,0.89,0.86,P1,50,30,20,Wtop4,valid
487,2.8,0.439,0.716,0.692,P1,50,30,20,pidx30,explore
276,2.8,0.428,0.791,0.748,P1,50,30,20,pidx30,valid
405,1.8,0.363,0.785,0.763,P1,50,30,20,pidx40,explore
245,1.6,0.306,0.828,0.789,P1,50,30,20,pidx40,valid
213,1.2,0.31,0.825,0.767,P1,50,30,20,pidx50,explore
121,1.2,0.207,0.863,0.753,P1,50,30,20,pidx50,valid
62,1.0,0.339,0.697,0.643,P1,50,30,20,pidx60,explore
25,1.0,0.2,0.732,0.516,P1,50,30,20,pidx60,valid
53,1.0,0.226,0.662,0.475,P1,50,30,20,widx20,explore
31,1.0,0.226,0.887,0.697,P1,50,30,20,widx20,valid
3,1.0,0.0,0.0,0.0,P1,50,30,20,widx30,explore
1,1.0,0.0,0.0,0.0,P1,50,30,20,widx30,valid
0,,,,,P1,50,30,20,widx40,explore
0,,,,,P1,50,30,20,widx40,valid
733,1.0,0.244,0.647,0.626,P1,50,40,-99,Ptop1,explore
433,1.0,0.268,0.968,0.916,P1,50,40,-99,Ptop1,valid
735,2.0,0.396,0.681,0.668,P1,50,40,-99,Ptop2,explore
437,2.0,0.4,0.835,0.809,P1,50,40,-99,Ptop2,valid
735,3.0,0.514,0.746,0.734,P1,50,40,-99,Ptop3,explore
437,3.0,0.531,0.927,0.901,P1,50,40,-99,Ptop3,valid
735,4.0,0.573,0.707,0.696,P1,50,40,-99,Ptop4,explore
437,4.0,0.597,0.839,0.82,P1,50,40,-99,Ptop4,valid
735,4.9,0.622,0.695,0.68,P1,50,40,-99,Ptop5,explore
437,5.0,0.641,0.804,0.786,P1,50,40,-99,Ptop5,valid
735,2.0,0.4,0.68,0.668,P1,50,40,-99,Wtop2,explore
437,2.0,0.405,0.886,0.848,P1,50,40,-99,Wtop2,valid
735,3.0,0.514,0.751,0.74,P1,50,40,-99,Wtop3,explore
437,3.0,0.538,0.919,0.894,P1,50,40,-99,Wtop3,valid
735,4.0,0.577,0.721,0.71,P1,50,40,-99,Wtop4,explore
437,4.0,0.597,0.832,0.813,P1,50,40,-99,Wtop4,valid
732,2.6,0.466,0.718,0.702,P1,50,40,-99,pidx30,explore
436,2.7,0.461,0.81,0.781,P1,50,40,-99,pidx30,valid
659,1.7,0.381,0.74,0.726,P1,50,40,-99,pidx40,explore
406,1.6,0.352,0.845,0.811,P1,50,40,-99,pidx40,valid
454,1.2,0.33,0.78,0.751,P1,50,40,-99,pidx50,explore
277,1.2,0.296,0.909,0.841,P1,50,40,-99,pidx50,valid
213,1.0,0.343,0.701,0.675,P1,50,40,-99,pidx60,explore
125,1.0,0.296,0.949,0.776,P1,50,40,-99,pidx60,valid
226,1.0,0.327,0.696,0.671,P1,50,40,-99,widx20,explore
139,1.0,0.331,1.038,0.88,P1,50,40,-99,widx20,valid
31,1.0,0.516,0.871,0.797,P1,50,40,-99,widx30,explore
18,1.0,0.444,0.911,0.65,P1,50,40,-99,widx30,valid
2,1.0,0.5,0.55,0.0,P1,50,40,-99,widx40,explore
0,,,,,P1,50,40,-99,widx40,valid
656,1.0,0.241,0.655,0.632,P1,50,40,10,Ptop1,explore
374,1.0,0.257,0.936,0.894,P1,50,40,10,Ptop1,valid
657,2.0,0.397,0.697,0.684,P1,50,40,10,Ptop2,explore
378,2.0,0.397,0.836,0.815,P1,50,40,10,Ptop2,valid
657,3.0,0.516,0.748,0.735,P1,50,40,10,Ptop3,explore
378,3.0,0.545,0.982,0.952,P1,50,40,10,Ptop3,valid
657,4.0,0.575,0.706,0.694,P1,50,40,10,Ptop4,explore
378,4.0,0.616,0.89,0.868,P1,50,40,10,Ptop4,valid
657,4.9,0.626,0.699,0.681,P1,50,40,10,Ptop5,explore
378,5.0,0.661,0.85,0.83,P1,50,40,10,Ptop5,valid
657,2.0,0.403,0.7,0.687,P1,50,40,10,Wtop2,explore
378,2.0,0.405,0.904,0.86,P1,50,40,10,Wtop2,valid
657,3.0,0.519,0.768,0.756,P1,50,40,10,Wtop3,explore
378,3.0,0.553,0.973,0.943,P1,50,40,10,Wtop3,valid
657,4.0,0.578,0.716,0.704,P1,50,40,10,Wtop4,explore
378,4.0,0.616,0.881,0.859,P1,50,40,10,Wtop4,valid
654,2.7,0.472,0.739,0.721,P1,50,40,10,pidx30,explore
377,2.7,0.464,0.832,0.799,P1,50,40,10,pidx30,valid
582,1.7,0.385,0.755,0.74,P1,50,40,10,pidx40,explore
347,1.6,0.343,0.822,0.793,P1,50,40,10,pidx40,valid
378,1.2,0.336,0.802,0.768,P1,50,40,10,pidx50,explore
220,1.2,0.286,0.879,0.818,P1,50,40,10,pidx50,valid
159,1.0,0.358,0.724,0.69,P1,50,40,10,pidx60,explore
85,1.0,0.282,0.823,0.755,P1,50,40,10,pidx60,valid
152,1.0,0.342,0.719,0.683,P1,50,40,10,widx20,explore
88,1.0,0.33,0.998,0.93,P1,50,40,10,widx20,valid
7,1.0,0.571,1.086,0.757,P1,50,40,10,widx30,explore
9,1.0,0.556,1.311,0.789,P1,50,40,10,widx30,valid
0,,,,,P1,50,40,10,widx40,explore
0,,,,,P1,50,40,10,widx40,valid
439,1.0,0.223,0.673,0.638,P1,50,40,20,Ptop1,explore
251,1.0,0.239,0.996,0.932,P1,50,40,20,Ptop1,valid
440,2.0,0.391,0.735,0.715,P1,50,40,20,Ptop2,explore
253,2.0,0.352,0.77,0.738,P1,50,40,20,Ptop2,valid
440,3.0,0.505,0.725,0.712,P1,50,40,20,Ptop3,explore
253,3.0,0.526,0.993,0.949,P1,50,40,20,Ptop3,valid
440,4.0,0.566,0.703,0.685,P1,50,40,20,Ptop4,explore
253,4.0,0.601,0.89,0.857,P1,50,40,20,Ptop4,valid
440,4.9,0.618,0.678,0.659,P1,50,40,20,Ptop5,explore
253,5.0,0.64,0.794,0.767,P1,50,40,20,Ptop5,valid
440,2.0,0.398,0.732,0.712,P1,50,40,20,Wtop2,explore
253,2.0,0.372,0.896,0.83,P1,50,40,20,Wtop2,valid
440,3.0,0.511,0.758,0.74,P1,50,40,20,Wtop3,explore
253,3.0,0.545,1.015,0.971,P1,50,40,20,Wtop3,valid
440,4.0,0.566,0.704,0.685,P1,50,40,20,Wtop4,explore
253,4.0,0.605,0.893,0.86,P1,50,40,20,Wtop4,valid
437,2.7,0.462,0.733,0.705,P1,50,40,20,pidx30,explore
252,2.7,0.433,0.803,0.754,P1,50,40,20,pidx30,valid
367,1.7,0.381,0.778,0.754,P1,50,40,20,pidx40,explore
224,1.6,0.317,0.858,0.814,P1,50,40,20,pidx40,valid
198,1.2,0.328,0.858,0.795,P1,50,40,20,pidx50,explore
112,1.2,0.223,0.935,0.815,P1,50,40,20,pidx50,valid
60,1.0,0.35,0.72,0.664,P1,50,40,20,pidx60,explore
25,1.0,0.2,0.732,0.516,P1,50,40,20,pidx60,valid
36,1.0,0.278,0.595,0.481,P1,50,40,20,widx20,explore
23,1.0,0.304,1.196,0.939,P1,50,40,20,widx20,valid
2,1.0,0.0,0.0,0.0,P1,50,40,20,widx30,explore
0,,,,,P1,50,40,20,widx30,valid
0,,,,,P1,50,40,20,widx40,explore
0,,,,,P1,50,40,20,widx40,valid
311,1.0,0.296,0.699,0.667,P1,50,50,-99,Ptop1,explore
163,1.0,0.233,0.714,0.664,P1,50,50,-99,Ptop1,valid
312,2.0,0.446,0.689,0.672,P1,50,50,-99,Ptop2,explore
165,2.0,0.388,0.697,0.662,P1,50,50,-99,Ptop2,valid
312,3.0,0.564,0.738,0.718,P1,50,50,-99,Ptop3,explore
165,3.0,0.582,0.931,0.878,P1,50,50,-99,Ptop3,valid
312,4.0,0.619,0.675,0.657,P1,50,50,-99,Ptop4,explore
165,4.0,0.648,0.837,0.798,P1,50,50,-99,Ptop4,valid
312,4.9,0.66,0.611,0.596,P1,50,50,-99,Ptop5,explore
165,5.0,0.679,0.727,0.696,P1,50,50,-99,Ptop5,valid
312,2.0,0.439,0.653,0.637,P1,50,50,-99,Wtop2,explore
165,2.0,0.406,0.795,0.722,P1,50,50,-99,Wtop2,valid
312,3.0,0.558,0.732,0.712,P1,50,50,-99,Wtop3,explore
165,3.0,0.582,0.914,0.862,P1,50,50,-99,Wtop3,valid
312,4.0,0.615,0.673,0.655,P1,50,50,-99,Wtop4,explore
165,4.0,0.655,0.84,0.801,P1,50,50,-99,Wtop4,valid
309,2.4,0.479,0.671,0.653,P1,50,50,-99,pidx30,explore
164,2.4,0.445,0.731,0.67,P1,50,50,-99,pidx30,valid
255,1.5,0.42,0.803,0.775,P1,50,50,-99,pidx40,explore
140,1.5,0.329,0.742,0.687,P1,50,50,-99,pidx40,valid
161,1.1,0.398,0.824,0.766,P1,50,50,-99,pidx50,explore
78,1.1,0.231,0.608,0.473,P1,50,50,-99,pidx50,valid
63,1.0,0.492,0.883,0.83,P1,50,50,-99,pidx60,explore
28,1.0,0.179,0.375,0.282,P1,50,50,-99,pidx60,valid
45,1.0,0.444,0.707,0.653,P1,50,50,-99,widx20,explore
16,1.0,0.438,1.012,0.65,P1,50,50,-99,widx20,valid
3,1.0,1.0,1.8,1.067,P1,50,50,-99,widx30,explore
2,1.0,1.0,1.05,0.5,P1,50,50,-99,widx30,valid
0,,,,,P1,50,50,-99,widx40,explore
0,,,,,P1,50,50,-99,widx40,valid
308,1.0,0.292,0.697,0.664,P1,50,50,10,Ptop1,explore
162,1.0,0.235,0.719,0.669,P1,50,50,10,Ptop1,valid
309,2.0,0.443,0.691,0.674,P1,50,50,10,Ptop2,explore
164,2.0,0.384,0.69,0.654,P1,50,50,10,Ptop2,valid
309,3.0,0.563,0.742,0.722,P1,50,50,10,Ptop3,explore
164,3.0,0.579,0.928,0.876,P1,50,50,10,Ptop3,valid
309,4.0,0.618,0.679,0.661,P1,50,50,10,Ptop4,explore
164,4.0,0.646,0.836,0.797,P1,50,50,10,Ptop4,valid
309,4.9,0.66,0.615,0.6,P1,50,50,10,Ptop5,explore
164,5.0,0.677,0.727,0.695,P1,50,50,10,Ptop5,valid
309,2.0,0.437,0.655,0.638,P1,50,50,10,Wtop2,explore
164,2.0,0.402,0.788,0.714,P1,50,50,10,Wtop2,valid
309,3.0,0.557,0.736,0.715,P1,50,50,10,Wtop3,explore
164,3.0,0.579,0.911,0.859,P1,50,50,10,Wtop3,valid
309,4.0,0.615,0.677,0.659,P1,50,50,10,Wtop4,explore
164,4.0,0.652,0.839,0.8,P1,50,50,10,Wtop4,valid
306,2.4,0.477,0.672,0.654,P1,50,50,10,pidx30,explore
163,2.4,0.442,0.725,0.663,P1,50,50,10,pidx30,valid
252,1.5,0.417,0.804,0.776,P1,50,50,10,pidx40,explore
139,1.5,0.331,0.745,0.691,P1,50,50,10,pidx40,valid
158,1.1,0.392,0.821,0.763,P1,50,50,10,pidx50,explore
77,1.1,0.234,0.615,0.479,P1,50,50,10,pidx50,valid
61,1.0,0.492,0.887,0.832,P1,50,50,10,pidx60,explore
28,1.0,0.179,0.375,0.282,P1,50,50,10,pidx60,valid
42,1.0,0.429,0.688,0.631,P1,50,50,10,widx20,explore
15,1.0,0.467,1.08,0.693,P1,50,50,10,widx20,valid
2,1.0,1.0,2.0,0.9,P1,50,50,10,widx30,explore
2,1.0,1.0,1.05,0.5,P1,50,50,10,widx30,valid
0,,,,,P1,50,50,10,widx40,explore
0,,,,,P1,50,50,10,widx40,valid
266,1.0,0.256,0.671,0.633,P1,50,50,20,Ptop1,explore
145,1.0,0.228,0.748,0.692,P1,50,50,20,Ptop1,valid
267,2.0,0.427,0.722,0.703,P1,50,50,20,Ptop2,explore
146,2.0,0.377,0.706,0.667,P1,50,50,20,Ptop2,valid
267,3.0,0.543,0.747,0.728,P1,50,50,20,Ptop3,explore
146,3.0,0.582,0.97,0.911,P1,50,50,20,Ptop3,valid
267,4.0,0.599,0.681,0.66,P1,50,50,20,Ptop4,explore
146,4.0,0.658,0.885,0.84,P1,50,50,20,Ptop4,valid
267,4.9,0.648,0.626,0.609,P1,50,50,20,Ptop5,explore
146,5.0,0.692,0.773,0.737,P1,50,50,20,Ptop5,valid
267,2.0,0.419,0.68,0.661,P1,50,50,20,Wtop2,explore
146,2.0,0.397,0.816,0.734,P1,50,50,20,Wtop2,valid
267,3.0,0.543,0.753,0.734,P1,50,50,20,Wtop3,explore
146,3.0,0.589,0.968,0.909,P1,50,50,20,Wtop3,valid
267,4.0,0.596,0.68,0.659,P1,50,50,20,Wtop4,explore
146,4.0,0.664,0.888,0.844,P1,50,50,20,Wtop4,valid
264,2.4,0.466,0.693,0.672,P1,50,50,20,pidx30,explore
145,2.5,0.441,0.738,0.671,P1,50,50,20,pidx30,valid
210,1.5,0.395,0.806,0.774,P1,50,50,20,pidx40,explore
122,1.5,0.32,0.751,0.689,P1,50,50,20,pidx40,valid
121,1.1,0.347,0.809,0.735,P1,50,50,20,pidx50,explore
62,1.1,0.21,0.644,0.475,P1,50,50,20,pidx50,valid
38,1.0,0.447,0.879,0.792,P1,50,50,20,pidx60,explore
18,1.0,0.111,0.278,0.133,P1,50,50,20,pidx60,valid
15,1.0,0.267,0.5,0.36,P1,50,50,20,widx20,explore
8,1.0,0.375,1.312,0.588,P1,50,50,20,widx20,valid
0,,,,,P1,50,50,20,widx30,explore
0,,,,,P1,50,50,20,widx30,valid
0,,,,,P1,50,50,20,widx40,explore
0,,,,,P1,50,50,20,widx40,valid
98,1.0,0.306,0.727,0.68,P1,50,60,-99,Ptop1,explore
37,1.0,0.189,0.589,0.438,P1,50,60,-99,Ptop1,valid
99,2.0,0.485,0.662,0.635,P1,50,60,-99,Ptop2,explore
37,2.0,0.405,0.807,0.673,P1,50,60,-99,Ptop2,valid
99,3.0,0.606,0.771,0.719,P1,50,60,-99,Ptop3,explore
37,3.0,0.622,1.188,0.957,P1,50,60,-99,Ptop3,valid
99,3.9,0.667,0.702,0.648,P1,50,60,-99,Ptop4,explore
37,4.0,0.73,1.079,0.904,P1,50,60,-99,Ptop4,valid
99,4.9,0.717,0.646,0.602,P1,50,60,-99,Ptop5,explore
37,4.9,0.757,0.915,0.773,P1,50,60,-99,Ptop5,valid
99,2.0,0.475,0.643,0.607,P1,50,60,-99,Wtop2,explore
37,2.0,0.405,0.832,0.673,P1,50,60,-99,Wtop2,valid
99,2.9,0.616,0.809,0.757,P1,50,60,-99,Wtop3,explore
37,3.0,0.622,1.241,1.01,P1,50,60,-99,Wtop3,valid
99,3.9,0.667,0.702,0.648,P1,50,60,-99,Wtop4,explore
37,4.0,0.73,1.079,0.904,P1,50,60,-99,Wtop4,valid
96,2.1,0.458,0.593,0.557,P1,50,60,-99,pidx30,explore
37,2.0,0.378,0.799,0.633,P1,50,60,-99,pidx30,valid
68,1.4,0.456,0.795,0.749,P1,50,60,-99,pidx40,explore
28,1.3,0.214,0.459,0.322,P1,50,60,-99,pidx40,valid
36,1.1,0.444,0.793,0.717,P1,50,60,-99,pidx50,explore
13,1.0,0.077,0.108,0.0,P1,50,60,-99,pidx50,valid
16,1.0,0.5,0.881,0.725,P1,50,60,-99,pidx60,explore
4,1.0,0.0,0.0,0.0,P1,50,60,-99,pidx60,valid
0,,,,,P1,50,60,-99,widx20,explore
2,1.0,0.0,0.0,0.0,P1,50,60,-99,widx20,valid
0,,,,,P1,50,60,-99,widx30,explore
0,,,,,P1,50,60,-99,widx30,valid
0,,,,,P1,50,60,-99,widx40,explore
0,,,,,P1,50,60,-99,widx40,valid
98,1.0,0.306,0.727,0.68,P1,50,60,10,Ptop1,explore
37,1.0,0.189,0.589,0.438,P1,50,60,10,Ptop1,valid
99,2.0,0.485,0.662,0.635,P1,50,60,10,Ptop2,explore
37,2.0,0.405,0.807,0.673,P1,50,60,10,Ptop2,valid
99,3.0,0.606,0.771,0.719,P1,50,60,10,Ptop3,explore
37,3.0,0.622,1.188,0.957,P1,50,60,10,Ptop3,valid
99,3.9,0.667,0.702,0.648,P1,50,60,10,Ptop4,explore
37,4.0,0.73,1.079,0.904,P1,50,60,10,Ptop4,valid
99,4.9,0.717,0.646,0.602,P1,50,60,10,Ptop5,explore
37,4.9,0.757,0.915,0.773,P1,50,60,10,Ptop5,valid
99,2.0,0.475,0.643,0.607,P1,50,60,10,Wtop2,explore
37,2.0,0.405,0.832,0.673,P1,50,60,10,Wtop2,valid
99,2.9,0.616,0.809,0.757,P1,50,60,10,Wtop3,explore
37,3.0,0.622,1.241,1.01,P1,50,60,10,Wtop3,valid
99,3.9,0.667,0.702,0.648,P1,50,60,10,Wtop4,explore
37,4.0,0.73,1.079,0.904,P1,50,60,10,Wtop4,valid
96,2.1,0.458,0.593,0.557,P1,50,60,10,pidx30,explore
37,2.0,0.378,0.799,0.633,P1,50,60,10,pidx30,valid
68,1.4,0.456,0.795,0.749,P1,50,60,10,pidx40,explore
28,1.3,0.214,0.459,0.322,P1,50,60,10,pidx40,valid
36,1.1,0.444,0.793,0.717,P1,50,60,10,pidx50,explore
13,1.0,0.077,0.108,0.0,P1,50,60,10,pidx50,valid
16,1.0,0.5,0.881,0.725,P1,50,60,10,pidx60,explore
4,1.0,0.0,0.0,0.0,P1,50,60,10,pidx60,valid
0,,,,,P1,50,60,10,widx20,explore
2,1.0,0.0,0.0,0.0,P1,50,60,10,widx20,valid
0,,,,,P1,50,60,10,widx30,explore
0,,,,,P1,50,60,10,widx30,valid
0,,,,,P1,50,60,10,widx40,explore
0,,,,,P1,50,60,10,widx40,valid
93,1.0,0.301,0.734,0.685,P1,50,60,20,Ptop1,explore
35,1.0,0.2,0.623,0.463,P1,50,60,20,Ptop1,valid
94,2.0,0.489,0.682,0.653,P1,50,60,20,Ptop2,explore
35,2.0,0.429,0.853,0.711,P1,50,60,20,Ptop2,valid
94,3.0,0.606,0.77,0.715,P1,50,60,20,Ptop3,explore
35,3.0,0.6,1.143,0.898,P1,50,60,20,Ptop3,valid
94,3.9,0.67,0.708,0.651,P1,50,60,20,Ptop4,explore
35,4.0,0.714,1.055,0.871,P1,50,60,20,Ptop4,valid
94,4.9,0.723,0.656,0.61,P1,50,60,20,Ptop5,explore
35,4.9,0.743,0.899,0.749,P1,50,60,20,Ptop5,valid
94,2.0,0.479,0.662,0.624,P1,50,60,20,Wtop2,explore
35,2.0,0.429,0.88,0.711,P1,50,60,20,Wtop2,valid
94,2.9,0.617,0.81,0.755,P1,50,60,20,Wtop3,explore
35,3.0,0.629,1.27,1.026,P1,50,60,20,Wtop3,valid
94,3.9,0.67,0.708,0.651,P1,50,60,20,Wtop4,explore
35,4.0,0.714,1.055,0.871,P1,50,60,20,Wtop4,valid
91,2.1,0.462,0.615,0.577,P1,50,60,20,pidx30,explore
35,2.1,0.4,0.832,0.66,P1,50,60,20,pidx30,valid
63,1.4,0.46,0.807,0.758,P1,50,60,20,pidx40,explore
26,1.3,0.231,0.486,0.34,P1,50,60,20,pidx40,valid
31,1.2,0.452,0.822,0.736,P1,50,60,20,pidx50,explore
11,1.0,0.091,0.127,0.0,P1,50,60,20,pidx50,valid
11,1.0,0.545,1.018,0.791,P1,50,60,20,pidx60,explore
2,1.0,0.0,0.0,0.0,P1,50,60,20,pidx60,valid
0,,,,,P1,50,60,20,widx20,explore
2,1.0,0.0,0.0,0.0,P1,50,60,20,widx20,valid
0,,,,,P1,50,60,20,widx30,explore
0,,,,,P1,50,60,20,widx30,valid
0,,,,,P1,50,60,20,widx40,explore
0,,,,,P1,50,60,20,widx40,valid
1270,1.0,0.226,0.679,0.667,P1,60,0,-99,Ptop1,explore
753,1.0,0.236,0.92,0.887,P1,60,0,-99,Ptop1,valid
1272,2.0,0.365,0.712,0.701,P1,60,0,-99,Ptop2,explore
756,2.0,0.36,0.806,0.789,P1,60,0,-99,Ptop2,valid
1272,3.0,0.458,0.719,0.709,P1,60,0,-99,Ptop3,explore
756,3.0,0.47,0.835,0.821,P1,60,0,-99,Ptop3,valid
1272,4.0,0.511,0.683,0.676,P1,60,0,-99,Ptop4,explore
756,4.0,0.53,0.791,0.771,P1,60,0,-99,Ptop4,valid
1272,5.0,0.554,0.699,0.687,P1,60,0,-99,Ptop5,explore
756,5.0,0.569,0.761,0.746,P1,60,0,-99,Ptop5,valid
1272,2.0,0.366,0.686,0.679,P1,60,0,-99,Wtop2,explore
756,2.0,0.365,0.849,0.827,P1,60,0,-99,Wtop2,valid
1272,3.0,0.456,0.726,0.716,P1,60,0,-99,Wtop3,explore
756,3.0,0.474,0.828,0.813,P1,60,0,-99,Wtop3,valid
1272,4.0,0.512,0.692,0.684,P1,60,0,-99,Wtop4,explore
756,4.0,0.534,0.792,0.773,P1,60,0,-99,Wtop4,valid
1269,2.8,0.435,0.703,0.694,P1,60,0,-99,pidx30,explore
755,2.9,0.429,0.752,0.737,P1,60,0,-99,pidx30,valid
1191,1.9,0.36,0.719,0.712,P1,60,0,-99,pidx40,explore
724,1.8,0.337,0.811,0.791,P1,60,0,-99,pidx40,valid
917,1.3,0.293,0.705,0.692,P1,60,0,-99,pidx50,explore
545,1.3,0.273,0.842,0.804,P1,60,0,-99,pidx50,valid
441,1.1,0.308,0.723,0.71,P1,60,0,-99,pidx60,explore
249,1.1,0.277,0.872,0.789,P1,60,0,-99,pidx60,valid
623,1.1,0.265,0.687,0.666,P1,60,0,-99,widx20,explore
376,1.1,0.261,0.939,0.873,P1,60,0,-99,widx20,valid
140,1.0,0.386,0.936,0.894,P1,60,0,-99,widx30,explore
73,1.0,0.288,0.69,0.61,P1,60,0,-99,widx30,valid
6,1.0,0.333,0.567,0.183,P1,60,0,-99,widx40,explore
2,1.0,0.5,0.5,0.0,P1,60,0,-99,widx40,valid
877,1.0,0.218,0.674,0.657,P1,60,0,10,Ptop1,explore
514,1.0,0.228,0.9,0.851,P1,60,0,10,Ptop1,valid
878,2.0,0.364,0.729,0.712,P1,60,0,10,Ptop2,explore
517,2.0,0.371,0.834,0.809,P1,60,0,10,Ptop2,valid
878,3.0,0.467,0.723,0.712,P1,60,0,10,Ptop3,explore
517,3.0,0.507,0.928,0.907,P1,60,0,10,Ptop3,valid
878,4.0,0.524,0.672,0.663,P1,60,0,10,Ptop4,explore
517,4.0,0.571,0.843,0.827,P1,60,0,10,Ptop4,valid
878,5.0,0.573,0.694,0.677,P1,60,0,10,Ptop5,explore
517,5.0,0.611,0.803,0.788,P1,60,0,10,Ptop5,valid
878,2.0,0.366,0.695,0.685,P1,60,0,10,Wtop2,explore
517,2.0,0.379,0.884,0.852,P1,60,0,10,Wtop2,valid
878,3.0,0.462,0.713,0.704,P1,60,0,10,Wtop3,explore
517,3.0,0.513,0.918,0.896,P1,60,0,10,Wtop3,valid
878,4.0,0.525,0.683,0.674,P1,60,0,10,Wtop4,explore
517,4.0,0.574,0.842,0.826,P1,60,0,10,Wtop4,valid
875,2.8,0.441,0.71,0.697,P1,60,0,10,pidx30,explore
516,2.9,0.446,0.803,0.78,P1,60,0,10,pidx30,valid
798,1.8,0.357,0.746,0.736,P1,60,0,10,pidx40,explore
485,1.8,0.328,0.799,0.77,P1,60,0,10,pidx40,valid
524,1.2,0.292,0.734,0.71,P1,60,0,10,pidx50,explore
306,1.2,0.265,0.802,0.76,P1,60,0,10,pidx50,valid
195,1.0,0.323,0.695,0.663,P1,60,0,10,pidx60,explore
103,1.1,0.282,0.817,0.743,P1,60,0,10,pidx60,valid
252,1.0,0.254,0.613,0.573,P1,60,0,10,widx20,explore
159,1.0,0.252,0.823,0.77,P1,60,0,10,widx20,valid
20,1.0,0.35,0.805,0.66,P1,60,0,10,widx30,explore
16,1.0,0.312,0.738,0.444,P1,60,0,10,widx30,valid
0,,,,,P1,60,0,10,widx40,explore
0,,,,,P1,60,0,10,widx40,valid
486,1.0,0.212,0.675,0.644,P1,60,0,20,Ptop1,explore
276,1.0,0.221,0.932,0.875,P1,60,0,20,Ptop1,valid
487,2.0,0.376,0.764,0.746,P1,60,0,20,Ptop2,explore
278,2.0,0.338,0.756,0.727,P1,60,0,20,Ptop2,valid
487,3.0,0.483,0.733,0.721,P1,60,0,20,Ptop3,explore
278,3.0,0.511,0.971,0.931,P1,60,0,20,Ptop3,valid
487,4.0,0.54,0.694,0.677,P1,60,0,20,Ptop4,explore
278,4.0,0.59,0.883,0.853,P1,60,0,20,Ptop4,valid
487,5.0,0.587,0.666,0.649,P1,60,0,20,Ptop5,explore
278,5.0,0.626,0.781,0.757,P1,60,0,20,Ptop5,valid
487,2.0,0.378,0.727,0.709,P1,60,0,20,Wtop2,explore
278,2.0,0.36,0.866,0.805,P1,60,0,20,Wtop2,valid
487,3.0,0.487,0.755,0.739,P1,60,0,20,Wtop3,explore
278,3.0,0.529,0.983,0.943,P1,60,0,20,Wtop3,valid
487,4.0,0.538,0.69,0.673,P1,60,0,20,Wtop4,explore
278,4.0,0.594,0.886,0.856,P1,60,0,20,Wtop4,valid
484,2.8,0.444,0.719,0.695,P1,60,0,20,pidx30,explore
277,2.8,0.426,0.788,0.745,P1,60,0,20,pidx30,valid
407,1.8,0.364,0.785,0.763,P1,60,0,20,pidx40,explore
247,1.6,0.304,0.822,0.783,P1,60,0,20,pidx40,valid
214,1.2,0.313,0.834,0.776,P1,60,0,20,pidx50,explore
122,1.2,0.205,0.857,0.748,P1,60,0,20,pidx50,valid
62,1.0,0.339,0.697,0.643,P1,60,0,20,pidx60,explore
25,1.0,0.2,0.732,0.516,P1,60,0,20,pidx60,valid
54,1.0,0.222,0.65,0.466,P1,60,0,20,widx20,explore
33,1.0,0.212,0.833,0.655,P1,60,0,20,widx20,valid
3,1.0,0.0,0.0,0.0,P1,60,0,20,widx30,explore
1,1.0,0.0,0.0,0.0,P1,60,0,20,widx30,valid
0,,,,,P1,60,0,20,widx40,explore
0,,,,,P1,60,0,20,widx40,valid
1149,1.0,0.234,0.698,0.685,P1,60,30,-99,Ptop1,explore
678,1.0,0.243,0.928,0.891,P1,60,30,-99,Ptop1,valid
1151,2.0,0.38,0.739,0.726,P1,60,30,-99,Ptop2,explore
681,2.0,0.37,0.808,0.789,P1,60,30,-99,Ptop2,valid
1151,3.0,0.477,0.741,0.73,P1,60,30,-99,Ptop3,explore
681,3.0,0.485,0.852,0.836,P1,60,30,-99,Ptop3,valid
1151,4.0,0.532,0.704,0.695,P1,60,30,-99,Ptop4,explore
681,4.0,0.549,0.817,0.795,P1,60,30,-99,Ptop4,valid
1151,5.0,0.577,0.728,0.715,P1,60,30,-99,Ptop5,explore
681,5.0,0.59,0.79,0.773,P1,60,30,-99,Ptop5,valid
1151,2.0,0.38,0.709,0.701,P1,60,30,-99,Wtop2,explore
681,2.0,0.377,0.86,0.835,P1,60,30,-99,Wtop2,valid
1151,3.0,0.475,0.749,0.738,P1,60,30,-99,Wtop3,explore
681,3.0,0.489,0.844,0.828,P1,60,30,-99,Wtop3,valid
1151,4.0,0.533,0.717,0.708,P1,60,30,-99,Wtop4,explore
681,4.0,0.554,0.818,0.797,P1,60,30,-99,Wtop4,valid
1148,2.8,0.449,0.72,0.71,P1,60,30,-99,pidx30,explore
680,2.8,0.437,0.766,0.749,P1,60,30,-99,pidx30,valid
1071,1.8,0.373,0.752,0.744,P1,60,30,-99,pidx40,explore
649,1.8,0.339,0.811,0.788,P1,60,30,-99,pidx40,valid
802,1.3,0.309,0.756,0.741,P1,60,30,-99,pidx50,explore
478,1.3,0.282,0.863,0.819,P1,60,30,-99,pidx50,valid
382,1.1,0.322,0.736,0.72,P1,60,30,-99,pidx60,explore
222,1.1,0.284,0.836,0.742,P1,60,30,-99,pidx60,valid
513,1.0,0.283,0.724,0.698,P1,60,30,-99,widx20,explore
306,1.0,0.281,0.97,0.888,P1,60,30,-99,widx20,valid
96,1.0,0.438,0.962,0.902,P1,60,30,-99,widx30,explore
51,1.0,0.333,0.745,0.629,P1,60,30,-99,widx30,valid
4,1.0,0.5,0.85,0.275,P1,60,30,-99,widx40,explore
2,1.0,0.5,0.5,0.0,P1,60,30,-99,widx40,valid
852,1.0,0.221,0.68,0.662,P1,60,30,10,Ptop1,explore
496,1.0,0.232,0.911,0.861,P1,60,30,10,Ptop1,valid
853,2.0,0.368,0.732,0.714,P1,60,30,10,Ptop2,explore
499,2.0,0.375,0.827,0.802,P1,60,30,10,Ptop2,valid
853,3.0,0.472,0.729,0.717,P1,60,30,10,Ptop3,explore
499,3.0,0.511,0.927,0.905,P1,60,30,10,Ptop3,valid
853,4.0,0.529,0.677,0.667,P1,60,30,10,Ptop4,explore
499,4.0,0.577,0.847,0.83,P1,60,30,10,Ptop4,valid
853,5.0,0.577,0.7,0.682,P1,60,30,10,Ptop5,explore
499,5.0,0.619,0.811,0.795,P1,60,30,10,Ptop5,valid
853,2.0,0.369,0.697,0.687,P1,60,30,10,Wtop2,explore
499,2.0,0.385,0.886,0.853,P1,60,30,10,Wtop2,valid
853,3.0,0.468,0.719,0.709,P1,60,30,10,Wtop3,explore
499,3.0,0.517,0.916,0.894,P1,60,30,10,Wtop3,valid
853,4.0,0.53,0.688,0.678,P1,60,30,10,Wtop4,explore
499,4.0,0.581,0.846,0.83,P1,60,30,10,Wtop4,valid
850,2.8,0.444,0.714,0.7,P1,60,30,10,pidx30,explore
498,2.8,0.448,0.802,0.779,P1,60,30,10,pidx30,valid
774,1.8,0.36,0.752,0.741,P1,60,30,10,pidx40,explore
467,1.7,0.328,0.784,0.753,P1,60,30,10,pidx40,valid
505,1.2,0.297,0.751,0.727,P1,60,30,10,pidx50,explore
296,1.2,0.27,0.81,0.767,P1,60,30,10,pidx50,valid
192,1.0,0.328,0.706,0.673,P1,60,30,10,pidx60,explore
101,1.1,0.277,0.756,0.701,P1,60,30,10,pidx60,valid
236,1.0,0.263,0.632,0.59,P1,60,30,10,widx20,explore
146,1.0,0.26,0.792,0.752,P1,60,30,10,widx20,valid
16,1.0,0.375,0.831,0.65,P1,60,30,10,widx30,explore
13,1.0,0.385,0.908,0.546,P1,60,30,10,widx30,valid
0,,,,,P1,60,30,10,widx40,explore
0,,,,,P1,60,30,10,widx40,valid
483,1.0,0.211,0.672,0.641,P1,60,30,20,Ptop1,explore
274,1.0,0.223,0.939,0.881,P1,60,30,20,Ptop1,valid
484,2.0,0.376,0.766,0.747,P1,60,30,20,Ptop2,explore
276,2.0,0.341,0.761,0.732,P1,60,30,20,Ptop2,valid
484,3.0,0.483,0.735,0.723,P1,60,30,20,Ptop3,explore
276,3.0,0.514,0.978,0.937,P1,60,30,20,Ptop3,valid
484,4.0,0.541,0.697,0.68,P1,60,30,20,Ptop4,explore
276,4.0,0.594,0.89,0.86,P1,60,30,20,Ptop4,valid
484,5.0,0.589,0.669,0.652,P1,60,30,20,Ptop5,explore
276,5.0,0.63,0.787,0.763,P1,60,30,20,Ptop5,valid
484,2.0,0.378,0.728,0.71,P1,60,30,20,Wtop2,explore
276,2.0,0.362,0.872,0.811,P1,60,30,20,Wtop2,valid
484,3.0,0.488,0.757,0.741,P1,60,30,20,Wtop3,explore
276,3.0,0.533,0.99,0.95,P1,60,30,20,Wtop3,valid
484,4.0,0.539,0.692,0.676,P1,60,30,20,Wtop4,explore
276,4.0,0.598,0.893,0.863,P1,60,30,20,Wtop4,valid
481,2.8,0.445,0.722,0.698,P1,60,30,20,pidx30,explore
275,2.8,0.429,0.798,0.754,P1,60,30,20,pidx30,valid
405,1.8,0.363,0.785,0.763,P1,60,30,20,pidx40,explore
245,1.6,0.306,0.828,0.789,P1,60,30,20,pidx40,valid
213,1.2,0.31,0.825,0.767,P1,60,30,20,pidx50,explore
121,1.2,0.207,0.863,0.753,P1,60,30,20,pidx50,valid
62,1.0,0.339,0.697,0.643,P1,60,30,20,pidx60,explore
25,1.0,0.2,0.732,0.516,P1,60,30,20,pidx60,valid
53,1.0,0.226,0.662,0.475,P1,60,30,20,widx20,explore
31,1.0,0.226,0.887,0.697,P1,60,30,20,widx20,valid
3,1.0,0.0,0.0,0.0,P1,60,30,20,widx30,explore
1,1.0,0.0,0.0,0.0,P1,60,30,20,widx30,valid
0,,,,,P1,60,30,20,widx40,explore
0,,,,,P1,60,30,20,widx40,valid
715,1.0,0.245,0.65,0.629,P1,60,40,-99,Ptop1,explore
427,1.0,0.267,0.974,0.921,P1,60,40,-99,Ptop1,valid
717,2.0,0.396,0.685,0.673,P1,60,40,-99,Ptop2,explore
430,2.0,0.4,0.836,0.81,P1,60,40,-99,Ptop2,valid
717,3.0,0.515,0.745,0.733,P1,60,40,-99,Ptop3,explore
430,3.0,0.533,0.934,0.908,P1,60,40,-99,Ptop3,valid
717,4.0,0.573,0.706,0.695,P1,60,40,-99,Ptop4,explore
430,4.0,0.6,0.847,0.828,P1,60,40,-99,Ptop4,valid
717,4.9,0.622,0.697,0.681,P1,60,40,-99,Ptop5,explore
430,5.0,0.644,0.812,0.794,P1,60,40,-99,Ptop5,valid
717,2.0,0.4,0.685,0.672,P1,60,40,-99,Wtop2,explore
430,2.0,0.407,0.896,0.857,P1,60,40,-99,Wtop2,valid
717,3.0,0.513,0.745,0.734,P1,60,40,-99,Wtop3,explore
430,3.0,0.54,0.926,0.9,P1,60,40,-99,Wtop3,valid
717,4.0,0.577,0.721,0.709,P1,60,40,-99,Wtop4,explore
430,4.0,0.6,0.84,0.82,P1,60,40,-99,Wtop4,valid
714,2.6,0.468,0.724,0.707,P1,60,40,-99,pidx30,explore
429,2.7,0.462,0.811,0.782,P1,60,40,-99,pidx30,valid
646,1.7,0.382,0.743,0.729,P1,60,40,-99,pidx40,explore
400,1.6,0.352,0.851,0.817,P1,60,40,-99,pidx40,valid
450,1.2,0.333,0.785,0.757,P1,60,40,-99,pidx50,explore
275,1.2,0.295,0.913,0.844,P1,60,40,-99,pidx50,valid
213,1.0,0.343,0.701,0.675,P1,60,40,-99,pidx60,explore
125,1.0,0.296,0.949,0.776,P1,60,40,-99,pidx60,valid
216,1.0,0.333,0.708,0.682,P1,60,40,-99,widx20,explore
135,1.0,0.333,1.064,0.9,P1,60,40,-99,widx20,valid
30,1.0,0.533,0.9,0.823,P1,60,40,-99,widx30,explore
18,1.0,0.444,0.911,0.65,P1,60,40,-99,widx30,valid
2,1.0,0.5,0.55,0.0,P1,60,40,-99,widx40,explore
0,,,,,P1,60,40,-99,widx40,valid
643,1.0,0.241,0.658,0.634,P1,60,40,10,Ptop1,explore
372,1.0,0.258,0.941,0.899,P1,60,40,10,Ptop1,valid
644,2.0,0.398,0.701,0.687,P1,60,40,10,Ptop2,explore
375,2.0,0.397,0.833,0.812,P1,60,40,10,Ptop2,valid
644,3.0,0.516,0.743,0.73,P1,60,40,10,Ptop3,explore
375,3.0,0.547,0.983,0.953,P1,60,40,10,Ptop3,valid
644,4.0,0.575,0.701,0.689,P1,60,40,10,Ptop4,explore
375,4.0,0.619,0.892,0.87,P1,60,40,10,Ptop4,valid
644,4.9,0.624,0.697,0.679,P1,60,40,10,Ptop5,explore
375,5.0,0.664,0.853,0.832,P1,60,40,10,Ptop5,valid
644,2.0,0.404,0.704,0.69,P1,60,40,10,Wtop2,explore
375,2.0,0.408,0.91,0.866,P1,60,40,10,Wtop2,valid
644,3.0,0.517,0.759,0.746,P1,60,40,10,Wtop3,explore
375,3.0,0.555,0.974,0.944,P1,60,40,10,Wtop3,valid
644,4.0,0.578,0.712,0.699,P1,60,40,10,Wtop4,explore
375,4.0,0.619,0.884,0.861,P1,60,40,10,Wtop4,valid
641,2.7,0.474,0.744,0.725,P1,60,40,10,pidx30,explore
374,2.7,0.465,0.832,0.799,P1,60,40,10,pidx30,valid
574,1.7,0.385,0.756,0.741,P1,60,40,10,pidx40,explore
345,1.6,0.345,0.826,0.798,P1,60,40,10,pidx40,valid
378,1.2,0.336,0.802,0.768,P1,60,40,10,pidx50,explore
220,1.2,0.286,0.879,0.818,P1,60,40,10,pidx50,valid
159,1.0,0.358,0.724,0.69,P1,60,40,10,pidx60,explore
85,1.0,0.282,0.823,0.755,P1,60,40,10,pidx60,valid
147,1.0,0.347,0.728,0.691,P1,60,40,10,widx20,explore
87,1.0,0.333,1.009,0.941,P1,60,40,10,widx20,valid
7,1.0,0.571,1.086,0.757,P1,60,40,10,widx30,explore
9,1.0,0.556,1.311,0.789,P1,60,40,10,widx30,valid
0,,,,,P1,60,40,10,widx40,explore
0,,,,,P1,60,40,10,widx40,valid
436,1.0,0.225,0.678,0.643,P1,60,40,20,Ptop1,explore
251,1.0,0.239,0.996,0.932,P1,60,40,20,Ptop1,valid
437,2.0,0.394,0.741,0.72,P1,60,40,20,Ptop2,explore
253,2.0,0.352,0.77,0.738,P1,60,40,20,Ptop2,valid
437,3.0,0.508,0.73,0.717,P1,60,40,20,Ptop3,explore
253,3.0,0.526,0.993,0.949,P1,60,40,20,Ptop3,valid
437,4.0,0.568,0.702,0.683,P1,60,40,20,Ptop4,explore
253,4.0,0.601,0.89,0.857,P1,60,40,20,Ptop4,valid
437,4.9,0.618,0.676,0.657,P1,60,40,20,Ptop5,explore
253,5.0,0.64,0.794,0.767,P1,60,40,20,Ptop5,valid
437,2.0,0.4,0.738,0.717,P1,60,40,20,Wtop2,explore
253,2.0,0.372,0.896,0.83,P1,60,40,20,Wtop2,valid
437,3.0,0.513,0.754,0.736,P1,60,40,20,Wtop3,explore
253,3.0,0.545,1.015,0.971,P1,60,40,20,Wtop3,valid
437,4.0,0.568,0.702,0.684,P1,60,40,20,Wtop4,explore
253,4.0,0.605,0.893,0.86,P1,60,40,20,Wtop4,valid
434,2.7,0.465,0.736,0.708,P1,60,40,20,pidx30,explore
252,2.7,0.433,0.803,0.754,P1,60,40,20,pidx30,valid
367,1.7,0.381,0.778,0.754,P1,60,40,20,pidx40,explore
224,1.6,0.317,0.858,0.814,P1,60,40,20,pidx40,valid
198,1.2,0.328,0.858,0.795,P1,60,40,20,pidx50,explore
112,1.2,0.223,0.935,0.815,P1,60,40,20,pidx50,valid
60,1.0,0.35,0.72,0.664,P1,60,40,20,pidx60,explore
25,1.0,0.2,0.732,0.516,P1,60,40,20,pidx60,valid
36,1.0,0.278,0.595,0.481,P1,60,40,20,widx20,explore
23,1.0,0.304,1.196,0.939,P1,60,40,20,widx20,valid
2,1.0,0.0,0.0,0.0,P1,60,40,20,widx30,explore
0,,,,,P1,60,40,20,widx30,valid
0,,,,,P1,60,40,20,widx40,explore
0,,,,,P1,60,40,20,widx40,valid
310,1.0,0.294,0.695,0.662,P1,60,50,-99,Ptop1,explore
163,1.0,0.233,0.714,0.664,P1,60,50,-99,Ptop1,valid
311,2.0,0.444,0.688,0.671,P1,60,50,-99,Ptop2,explore
165,2.0,0.388,0.697,0.662,P1,60,50,-99,Ptop2,valid
311,3.0,0.563,0.738,0.718,P1,60,50,-99,Ptop3,explore
165,3.0,0.582,0.931,0.878,P1,60,50,-99,Ptop3,valid
311,4.0,0.617,0.675,0.657,P1,60,50,-99,Ptop4,explore
165,4.0,0.648,0.837,0.798,P1,60,50,-99,Ptop4,valid
311,4.9,0.659,0.612,0.597,P1,60,50,-99,Ptop5,explore
165,5.0,0.679,0.727,0.696,P1,60,50,-99,Ptop5,valid
311,2.0,0.437,0.652,0.635,P1,60,50,-99,Wtop2,explore
165,2.0,0.406,0.795,0.722,P1,60,50,-99,Wtop2,valid
311,3.0,0.556,0.732,0.712,P1,60,50,-99,Wtop3,explore
165,3.0,0.582,0.914,0.862,P1,60,50,-99,Wtop3,valid
311,4.0,0.614,0.673,0.655,P1,60,50,-99,Wtop4,explore
165,4.0,0.655,0.84,0.801,P1,60,50,-99,Wtop4,valid
308,2.4,0.477,0.671,0.652,P1,60,50,-99,pidx30,explore
164,2.4,0.445,0.731,0.67,P1,60,50,-99,pidx30,valid
254,1.5,0.417,0.799,0.772,P1,60,50,-99,pidx40,explore
140,1.5,0.329,0.742,0.687,P1,60,50,-99,pidx40,valid
161,1.1,0.398,0.824,0.766,P1,60,50,-99,pidx50,explore
78,1.1,0.231,0.608,0.473,P1,60,50,-99,pidx50,valid
63,1.0,0.492,0.883,0.83,P1,60,50,-99,pidx60,explore
28,1.0,0.179,0.375,0.282,P1,60,50,-99,pidx60,valid
45,1.0,0.444,0.707,0.653,P1,60,50,-99,widx20,explore
16,1.0,0.438,1.012,0.65,P1,60,50,-99,widx20,valid
3,1.0,1.0,1.8,1.067,P1,60,50,-99,widx30,explore
2,1.0,1.0,1.05,0.5,P1,60,50,-99,widx30,valid
0,,,,,P1,60,50,-99,widx40,explore
0,,,,,P1,60,50,-99,widx40,valid
307,1.0,0.29,0.692,0.659,P1,60,50,10,Ptop1,explore
162,1.0,0.235,0.719,0.669,P1,60,50,10,Ptop1,valid
308,2.0,0.442,0.69,0.673,P1,60,50,10,Ptop2,explore
164,2.0,0.384,0.69,0.654,P1,60,50,10,Ptop2,valid
308,3.0,0.562,0.742,0.722,P1,60,50,10,Ptop3,explore
164,3.0,0.579,0.928,0.876,P1,60,50,10,Ptop3,valid
308,4.0,0.617,0.679,0.661,P1,60,50,10,Ptop4,explore
164,4.0,0.646,0.836,0.797,P1,60,50,10,Ptop4,valid
308,4.9,0.659,0.616,0.601,P1,60,50,10,Ptop5,explore
164,5.0,0.677,0.727,0.695,P1,60,50,10,Ptop5,valid
308,2.0,0.435,0.653,0.637,P1,60,50,10,Wtop2,explore
164,2.0,0.402,0.788,0.714,P1,60,50,10,Wtop2,valid
308,3.0,0.555,0.736,0.715,P1,60,50,10,Wtop3,explore
164,3.0,0.579,0.911,0.859,P1,60,50,10,Wtop3,valid
308,4.0,0.614,0.678,0.659,P1,60,50,10,Wtop4,explore
164,4.0,0.652,0.839,0.8,P1,60,50,10,Wtop4,valid
305,2.4,0.475,0.672,0.654,P1,60,50,10,pidx30,explore
163,2.4,0.442,0.725,0.663,P1,60,50,10,pidx30,valid
251,1.5,0.414,0.8,0.772,P1,60,50,10,pidx40,explore
139,1.5,0.331,0.745,0.691,P1,60,50,10,pidx40,valid
158,1.1,0.392,0.821,0.763,P1,60,50,10,pidx50,explore
77,1.1,0.234,0.615,0.479,P1,60,50,10,pidx50,valid
61,1.0,0.492,0.887,0.832,P1,60,50,10,pidx60,explore
28,1.0,0.179,0.375,0.282,P1,60,50,10,pidx60,valid
42,1.0,0.429,0.688,0.631,P1,60,50,10,widx20,explore
15,1.0,0.467,1.08,0.693,P1,60,50,10,widx20,valid
2,1.0,1.0,2.0,0.9,P1,60,50,10,widx30,explore
2,1.0,1.0,1.05,0.5,P1,60,50,10,widx30,valid
0,,,,,P1,60,50,10,widx40,explore
0,,,,,P1,60,50,10,widx40,valid
266,1.0,0.256,0.671,0.633,P1,60,50,20,Ptop1,explore
145,1.0,0.228,0.748,0.692,P1,60,50,20,Ptop1,valid
267,2.0,0.427,0.722,0.703,P1,60,50,20,Ptop2,explore
146,2.0,0.377,0.706,0.667,P1,60,50,20,Ptop2,valid
267,3.0,0.543,0.747,0.728,P1,60,50,20,Ptop3,explore
146,3.0,0.582,0.97,0.911,P1,60,50,20,Ptop3,valid
267,4.0,0.599,0.681,0.66,P1,60,50,20,Ptop4,explore
146,4.0,0.658,0.885,0.84,P1,60,50,20,Ptop4,valid
267,4.9,0.648,0.626,0.609,P1,60,50,20,Ptop5,explore
146,5.0,0.692,0.773,0.737,P1,60,50,20,Ptop5,valid
267,2.0,0.419,0.68,0.661,P1,60,50,20,Wtop2,explore
146,2.0,0.397,0.816,0.734,P1,60,50,20,Wtop2,valid
267,3.0,0.543,0.753,0.734,P1,60,50,20,Wtop3,explore
146,3.0,0.589,0.968,0.909,P1,60,50,20,Wtop3,valid
267,4.0,0.596,0.68,0.659,P1,60,50,20,Wtop4,explore
146,4.0,0.664,0.888,0.844,P1,60,50,20,Wtop4,valid
264,2.4,0.466,0.693,0.672,P1,60,50,20,pidx30,explore
145,2.5,0.441,0.738,0.671,P1,60,50,20,pidx30,valid
210,1.5,0.395,0.806,0.774,P1,60,50,20,pidx40,explore
122,1.5,0.32,0.751,0.689,P1,60,50,20,pidx40,valid
121,1.1,0.347,0.809,0.735,P1,60,50,20,pidx50,explore
62,1.1,0.21,0.644,0.475,P1,60,50,20,pidx50,valid
38,1.0,0.447,0.879,0.792,P1,60,50,20,pidx60,explore
18,1.0,0.111,0.278,0.133,P1,60,50,20,pidx60,valid
15,1.0,0.267,0.5,0.36,P1,60,50,20,widx20,explore
8,1.0,0.375,1.312,0.588,P1,60,50,20,widx20,valid
0,,,,,P1,60,50,20,widx30,explore
0,,,,,P1,60,50,20,widx30,valid
0,,,,,P1,60,50,20,widx40,explore
0,,,,,P1,60,50,20,widx40,valid
98,1.0,0.306,0.727,0.68,P1,60,60,-99,Ptop1,explore
37,1.0,0.189,0.589,0.438,P1,60,60,-99,Ptop1,valid
99,2.0,0.485,0.662,0.635,P1,60,60,-99,Ptop2,explore
37,2.0,0.405,0.807,0.673,P1,60,60,-99,Ptop2,valid
99,3.0,0.606,0.771,0.719,P1,60,60,-99,Ptop3,explore
37,3.0,0.622,1.188,0.957,P1,60,60,-99,Ptop3,valid
99,3.9,0.667,0.702,0.648,P1,60,60,-99,Ptop4,explore
37,4.0,0.73,1.079,0.904,P1,60,60,-99,Ptop4,valid
99,4.9,0.717,0.646,0.602,P1,60,60,-99,Ptop5,explore
37,4.9,0.757,0.915,0.773,P1,60,60,-99,Ptop5,valid
99,2.0,0.475,0.643,0.607,P1,60,60,-99,Wtop2,explore
37,2.0,0.405,0.832,0.673,P1,60,60,-99,Wtop2,valid
99,2.9,0.616,0.809,0.757,P1,60,60,-99,Wtop3,explore
37,3.0,0.622,1.241,1.01,P1,60,60,-99,Wtop3,valid
99,3.9,0.667,0.702,0.648,P1,60,60,-99,Wtop4,explore
37,4.0,0.73,1.079,0.904,P1,60,60,-99,Wtop4,valid
96,2.1,0.458,0.593,0.557,P1,60,60,-99,pidx30,explore
37,2.0,0.378,0.799,0.633,P1,60,60,-99,pidx30,valid
68,1.4,0.456,0.795,0.749,P1,60,60,-99,pidx40,explore
28,1.3,0.214,0.459,0.322,P1,60,60,-99,pidx40,valid
36,1.1,0.444,0.793,0.717,P1,60,60,-99,pidx50,explore
13,1.0,0.077,0.108,0.0,P1,60,60,-99,pidx50,valid
16,1.0,0.5,0.881,0.725,P1,60,60,-99,pidx60,explore
4,1.0,0.0,0.0,0.0,P1,60,60,-99,pidx60,valid
0,,,,,P1,60,60,-99,widx20,explore
2,1.0,0.0,0.0,0.0,P1,60,60,-99,widx20,valid
0,,,,,P1,60,60,-99,widx30,explore
0,,,,,P1,60,60,-99,widx30,valid
0,,,,,P1,60,60,-99,widx40,explore
0,,,,,P1,60,60,-99,widx40,valid
98,1.0,0.306,0.727,0.68,P1,60,60,10,Ptop1,explore
37,1.0,0.189,0.589,0.438,P1,60,60,10,Ptop1,valid
99,2.0,0.485,0.662,0.635,P1,60,60,10,Ptop2,explore
37,2.0,0.405,0.807,0.673,P1,60,60,10,Ptop2,valid
99,3.0,0.606,0.771,0.719,P1,60,60,10,Ptop3,explore
37,3.0,0.622,1.188,0.957,P1,60,60,10,Ptop3,valid
99,3.9,0.667,0.702,0.648,P1,60,60,10,Ptop4,explore
37,4.0,0.73,1.079,0.904,P1,60,60,10,Ptop4,valid
99,4.9,0.717,0.646,0.602,P1,60,60,10,Ptop5,explore
37,4.9,0.757,0.915,0.773,P1,60,60,10,Ptop5,valid
99,2.0,0.475,0.643,0.607,P1,60,60,10,Wtop2,explore
37,2.0,0.405,0.832,0.673,P1,60,60,10,Wtop2,valid
99,2.9,0.616,0.809,0.757,P1,60,60,10,Wtop3,explore
37,3.0,0.622,1.241,1.01,P1,60,60,10,Wtop3,valid
99,3.9,0.667,0.702,0.648,P1,60,60,10,Wtop4,explore
37,4.0,0.73,1.079,0.904,P1,60,60,10,Wtop4,valid
96,2.1,0.458,0.593,0.557,P1,60,60,10,pidx30,explore
37,2.0,0.378,0.799,0.633,P1,60,60,10,pidx30,valid
68,1.4,0.456,0.795,0.749,P1,60,60,10,pidx40,explore
28,1.3,0.214,0.459,0.322,P1,60,60,10,pidx40,valid
36,1.1,0.444,0.793,0.717,P1,60,60,10,pidx50,explore
13,1.0,0.077,0.108,0.0,P1,60,60,10,pidx50,valid
16,1.0,0.5,0.881,0.725,P1,60,60,10,pidx60,explore
4,1.0,0.0,0.0,0.0,P1,60,60,10,pidx60,valid
0,,,,,P1,60,60,10,widx20,explore
2,1.0,0.0,0.0,0.0,P1,60,60,10,widx20,valid
0,,,,,P1,60,60,10,widx30,explore
0,,,,,P1,60,60,10,widx30,valid
0,,,,,P1,60,60,10,widx40,explore
0,,,,,P1,60,60,10,widx40,valid
93,1.0,0.301,0.734,0.685,P1,60,60,20,Ptop1,explore
35,1.0,0.2,0.623,0.463,P1,60,60,20,Ptop1,valid
94,2.0,0.489,0.682,0.653,P1,60,60,20,Ptop2,explore
35,2.0,0.429,0.853,0.711,P1,60,60,20,Ptop2,valid
94,3.0,0.606,0.77,0.715,P1,60,60,20,Ptop3,explore
35,3.0,0.6,1.143,0.898,P1,60,60,20,Ptop3,valid
94,3.9,0.67,0.708,0.651,P1,60,60,20,Ptop4,explore
35,4.0,0.714,1.055,0.871,P1,60,60,20,Ptop4,valid
94,4.9,0.723,0.656,0.61,P1,60,60,20,Ptop5,explore
35,4.9,0.743,0.899,0.749,P1,60,60,20,Ptop5,valid
94,2.0,0.479,0.662,0.624,P1,60,60,20,Wtop2,explore
35,2.0,0.429,0.88,0.711,P1,60,60,20,Wtop2,valid
94,2.9,0.617,0.81,0.755,P1,60,60,20,Wtop3,explore
35,3.0,0.629,1.27,1.026,P1,60,60,20,Wtop3,valid
94,3.9,0.67,0.708,0.651,P1,60,60,20,Wtop4,explore
35,4.0,0.714,1.055,0.871,P1,60,60,20,Wtop4,valid
91,2.1,0.462,0.615,0.577,P1,60,60,20,pidx30,explore
35,2.1,0.4,0.832,0.66,P1,60,60,20,pidx30,valid
63,1.4,0.46,0.807,0.758,P1,60,60,20,pidx40,explore
26,1.3,0.231,0.486,0.34,P1,60,60,20,pidx40,valid
31,1.2,0.452,0.822,0.736,P1,60,60,20,pidx50,explore
11,1.0,0.091,0.127,0.0,P1,60,60,20,pidx50,valid
11,1.0,0.545,1.018,0.791,P1,60,60,20,pidx60,explore
2,1.0,0.0,0.0,0.0,P1,60,60,20,pidx60,valid
0,,,,,P1,60,60,20,widx20,explore
2,1.0,0.0,0.0,0.0,P1,60,60,20,widx20,valid
0,,,,,P1,60,60,20,widx30,explore
0,,,,,P1,60,60,20,widx30,valid
0,,,,,P1,60,60,20,widx40,explore
0,,,,,P1,60,60,20,widx40,valid
743,1.0,0.253,0.706,0.685,P1,70,0,-99,Ptop1,explore
435,1.0,0.257,0.962,0.911,P1,70,0,-99,Ptop1,valid
745,2.0,0.401,0.706,0.696,P1,70,0,-99,Ptop2,explore
438,2.0,0.381,0.814,0.788,P1,70,0,-99,Ptop2,valid
745,3.0,0.511,0.749,0.731,P1,70,0,-99,Ptop3,explore
438,3.0,0.502,0.89,0.865,P1,70,0,-99,Ptop3,valid
745,4.0,0.564,0.686,0.673,P1,70,0,-99,Ptop4,explore
438,4.0,0.573,0.833,0.814,P1,70,0,-99,Ptop4,valid
745,5.0,0.615,0.697,0.681,P1,70,0,-99,Ptop5,explore
438,5.0,0.623,0.818,0.801,P1,70,0,-99,Ptop5,valid
745,2.0,0.412,0.724,0.714,P1,70,0,-99,Wtop2,explore
438,2.0,0.39,0.875,0.837,P1,70,0,-99,Wtop2,valid
745,3.0,0.511,0.759,0.742,P1,70,0,-99,Wtop3,explore
438,3.0,0.509,0.882,0.857,P1,70,0,-99,Wtop3,valid
745,4.0,0.562,0.685,0.671,P1,70,0,-99,Wtop4,explore
438,4.0,0.578,0.833,0.814,P1,70,0,-99,Wtop4,valid
742,2.7,0.476,0.714,0.701,P1,70,0,-99,pidx30,explore
438,2.8,0.441,0.772,0.745,P1,70,0,-99,pidx30,valid
692,1.8,0.393,0.734,0.722,P1,70,0,-99,pidx40,explore
415,1.8,0.349,0.803,0.773,P1,70,0,-99,pidx40,valid
557,1.3,0.327,0.775,0.754,P1,70,0,-99,pidx50,explore
327,1.3,0.284,0.847,0.794,P1,70,0,-99,pidx50,valid
341,1.1,0.317,0.725,0.707,P1,70,0,-99,pidx60,explore
175,1.1,0.297,0.91,0.791,P1,70,0,-99,pidx60,valid
333,1.0,0.291,0.721,0.691,P1,70,0,-99,widx20,explore
194,1.1,0.278,0.882,0.773,P1,70,0,-99,widx20,valid
89,1.0,0.371,0.874,0.809,P1,70,0,-99,widx30,explore
38,1.0,0.316,0.524,0.411,P1,70,0,-99,widx30,valid
6,1.0,0.333,0.567,0.183,P1,70,0,-99,widx40,explore
1,1.0,1.0,1.0,0.0,P1,70,0,-99,widx40,valid
597,1.0,0.246,0.696,0.671,P1,70,0,10,Ptop1,explore
363,1.0,0.248,0.937,0.893,P1,70,0,10,Ptop1,valid
598,2.0,0.401,0.724,0.711,P1,70,0,10,Ptop2,explore
366,2.0,0.385,0.836,0.815,P1,70,0,10,Ptop2,valid
598,3.0,0.518,0.747,0.733,P1,70,0,10,Ptop3,explore
366,3.0,0.522,0.955,0.924,P1,70,0,10,Ptop3,valid
598,4.0,0.574,0.688,0.677,P1,70,0,10,Ptop4,explore
366,4.0,0.59,0.863,0.84,P1,70,0,10,Ptop4,valid
598,4.9,0.632,0.711,0.692,P1,70,0,10,Ptop5,explore
366,5.0,0.642,0.84,0.819,P1,70,0,10,Ptop5,valid
598,2.0,0.415,0.746,0.733,P1,70,0,10,Wtop2,explore
366,2.0,0.396,0.91,0.864,P1,70,0,10,Wtop2,valid
598,3.0,0.518,0.763,0.749,P1,70,0,10,Wtop3,explore
366,3.0,0.53,0.946,0.915,P1,70,0,10,Wtop3,valid
598,4.0,0.572,0.687,0.677,P1,70,0,10,Wtop4,explore
366,4.0,0.596,0.863,0.84,P1,70,0,10,Wtop4,valid
595,2.7,0.484,0.739,0.724,P1,70,0,10,pidx30,explore
366,2.8,0.451,0.809,0.777,P1,70,0,10,pidx30,valid
546,1.8,0.392,0.763,0.748,P1,70,0,10,pidx40,explore
343,1.8,0.347,0.807,0.78,P1,70,0,10,pidx40,valid
411,1.3,0.319,0.794,0.764,P1,70,0,10,pidx50,explore
255,1.3,0.267,0.806,0.757,P1,70,0,10,pidx50,valid
195,1.0,0.323,0.695,0.663,P1,70,0,10,pidx60,explore
103,1.1,0.282,0.817,0.743,P1,70,0,10,pidx60,valid
188,1.0,0.277,0.679,0.625,P1,70,0,10,widx20,explore
122,1.0,0.246,0.744,0.68,P1,70,0,10,widx20,valid
18,1.0,0.389,0.894,0.733,P1,70,0,10,widx30,explore
12,1.0,0.25,0.267,0.175,P1,70,0,10,widx30,valid
0,,,,,P1,70,0,10,widx40,explore
0,,,,,P1,70,0,10,widx40,valid
400,1.0,0.238,0.715,0.677,P1,70,0,20,Ptop1,explore
230,1.0,0.23,0.981,0.912,P1,70,0,20,Ptop1,valid
401,2.0,0.409,0.763,0.744,P1,70,0,20,Ptop2,explore
232,2.0,0.345,0.765,0.731,P1,70,0,20,Ptop2,valid
401,3.0,0.519,0.727,0.715,P1,70,0,20,Ptop3,explore
232,3.0,0.513,0.979,0.931,P1,70,0,20,Ptop3,valid
401,4.0,0.579,0.682,0.668,P1,70,0,20,Ptop4,explore
232,4.0,0.595,0.888,0.852,P1,70,0,20,Ptop4,valid
401,4.9,0.633,0.671,0.65,P1,70,0,20,Ptop5,explore
232,5.0,0.638,0.799,0.77,P1,70,0,20,Ptop5,valid
401,2.0,0.419,0.769,0.75,P1,70,0,20,Wtop2,explore
232,2.0,0.366,0.897,0.825,P1,70,0,20,Wtop2,valid
401,3.0,0.524,0.753,0.734,P1,70,0,20,Wtop3,explore
232,3.0,0.534,1.003,0.955,P1,70,0,20,Wtop3,valid
401,4.0,0.576,0.677,0.663,P1,70,0,20,Wtop4,explore
232,4.0,0.599,0.89,0.854,P1,70,0,20,Wtop4,valid
398,2.7,0.482,0.721,0.7,P1,70,0,20,pidx30,explore
232,2.8,0.427,0.804,0.752,P1,70,0,20,pidx30,valid
349,1.8,0.393,0.781,0.757,P1,70,0,20,pidx40,explore
210,1.7,0.319,0.85,0.805,P1,70,0,20,pidx40,valid
214,1.2,0.313,0.834,0.776,P1,70,0,20,pidx50,explore
122,1.2,0.205,0.857,0.748,P1,70,0,20,pidx50,valid
62,1.0,0.339,0.697,0.643,P1,70,0,20,pidx60,explore
25,1.0,0.2,0.732,0.516,P1,70,0,20,pidx60,valid
46,1.0,0.217,0.611,0.387,P1,70,0,20,widx20,explore
26,1.0,0.192,0.819,0.592,P1,70,0,20,widx20,valid
3,1.0,0.0,0.0,0.0,P1,70,0,20,widx30,explore
1,1.0,0.0,0.0,0.0,P1,70,0,20,widx30,valid
0,,,,,P1,70,0,20,widx40,explore
0,,,,,P1,70,0,20,widx40,valid
715,1.0,0.255,0.706,0.684,P1,70,30,-99,Ptop1,explore
424,1.0,0.259,0.957,0.904,P1,70,30,-99,Ptop1,valid
717,2.0,0.404,0.711,0.7,P1,70,30,-99,Ptop2,explore
427,2.0,0.384,0.812,0.786,P1,70,30,-99,Ptop2,valid
717,3.0,0.517,0.758,0.74,P1,70,30,-99,Ptop3,explore
427,3.0,0.506,0.893,0.867,P1,70,30,-99,Ptop3,valid
717,4.0,0.57,0.693,0.679,P1,70,30,-99,Ptop4,explore
427,4.0,0.578,0.84,0.82,P1,70,30,-99,Ptop4,valid
717,5.0,0.621,0.705,0.689,P1,70,30,-99,Ptop5,explore
427,5.0,0.628,0.816,0.798,P1,70,30,-99,Ptop5,valid
717,2.0,0.416,0.729,0.718,P1,70,30,-99,Wtop2,explore
427,2.0,0.393,0.875,0.836,P1,70,30,-99,Wtop2,valid
717,3.0,0.517,0.769,0.751,P1,70,30,-99,Wtop3,explore
427,3.0,0.513,0.885,0.859,P1,70,30,-99,Wtop3,valid
717,4.0,0.57,0.697,0.683,P1,70,30,-99,Wtop4,explore
427,4.0,0.583,0.84,0.82,P1,70,30,-99,Wtop4,valid
714,2.7,0.478,0.71,0.697,P1,70,30,-99,pidx30,explore
427,2.7,0.443,0.775,0.746,P1,70,30,-99,pidx30,valid
664,1.8,0.396,0.741,0.728,P1,70,30,-99,pidx40,explore
404,1.7,0.349,0.798,0.767,P1,70,30,-99,pidx40,valid
529,1.3,0.329,0.788,0.766,P1,70,30,-99,pidx50,explore
316,1.3,0.285,0.835,0.779,P1,70,30,-99,pidx50,valid
319,1.1,0.323,0.735,0.716,P1,70,30,-99,pidx60,explore
168,1.1,0.298,0.879,0.755,P1,70,30,-99,pidx60,valid
308,1.0,0.292,0.722,0.69,P1,70,30,-99,widx20,explore
183,1.1,0.284,0.875,0.759,P1,70,30,-99,widx20,valid
71,1.0,0.394,0.88,0.799,P1,70,30,-99,widx30,explore
34,1.0,0.353,0.585,0.459,P1,70,30,-99,widx30,valid
4,1.0,0.5,0.85,0.275,P1,70,30,-99,widx40,explore
1,1.0,1.0,1.0,0.0,P1,70,30,-99,widx40,valid
588,1.0,0.247,0.696,0.671,P1,70,30,10,Ptop1,explore
357,1.0,0.249,0.93,0.885,P1,70,30,10,Ptop1,valid
589,2.0,0.401,0.72,0.707,P1,70,30,10,Ptop2,explore
360,2.0,0.386,0.83,0.808,P1,70,30,10,Ptop2,valid
589,3.0,0.52,0.749,0.734,P1,70,30,10,Ptop3,explore
360,3.0,0.525,0.957,0.926,P1,70,30,10,Ptop3,valid
589,4.0,0.576,0.691,0.68,P1,70,30,10,Ptop4,explore
360,4.0,0.594,0.867,0.844,P1,70,30,10,Ptop4,valid
589,4.9,0.633,0.714,0.695,P1,70,30,10,Ptop5,explore
360,5.0,0.647,0.846,0.824,P1,70,30,10,Ptop5,valid
589,2.0,0.414,0.742,0.729,P1,70,30,10,Wtop2,explore
360,2.0,0.4,0.914,0.867,P1,70,30,10,Wtop2,valid
589,3.0,0.52,0.764,0.75,P1,70,30,10,Wtop3,explore
360,3.0,0.533,0.948,0.917,P1,70,30,10,Wtop3,valid
589,4.0,0.574,0.69,0.68,P1,70,30,10,Wtop4,explore
360,4.0,0.6,0.867,0.844,P1,70,30,10,Wtop4,valid
586,2.7,0.483,0.738,0.722,P1,70,30,10,pidx30,explore
360,2.8,0.453,0.812,0.779,P1,70,30,10,pidx30,valid
537,1.8,0.391,0.76,0.745,P1,70,30,10,pidx40,explore
337,1.7,0.347,0.802,0.775,P1,70,30,10,pidx40,valid
402,1.2,0.318,0.798,0.768,P1,70,30,10,pidx50,explore
249,1.3,0.269,0.801,0.75,P1,70,30,10,pidx50,valid
192,1.0,0.328,0.706,0.673,P1,70,30,10,pidx60,explore
101,1.1,0.277,0.756,0.701,P1,70,30,10,pidx60,valid
182,1.0,0.275,0.67,0.614,P1,70,30,10,widx20,explore
116,1.0,0.25,0.719,0.669,P1,70,30,10,widx20,valid
15,1.0,0.4,0.887,0.693,P1,70,30,10,widx30,explore
10,1.0,0.3,0.32,0.21,P1,70,30,10,widx30,valid
0,,,,,P1,70,30,10,widx40,explore
0,,,,,P1,70,30,10,widx40,valid
399,1.0,0.236,0.709,0.671,P1,70,30,20,Ptop1,explore
229,1.0,0.231,0.986,0.916,P1,70,30,20,Ptop1,valid
400,2.0,0.408,0.761,0.741,P1,70,30,20,Ptop2,explore
231,2.0,0.346,0.769,0.734,P1,70,30,20,Ptop2,valid
400,3.0,0.518,0.726,0.714,P1,70,30,20,Ptop3,explore
231,3.0,0.515,0.984,0.935,P1,70,30,20,Ptop3,valid
400,4.0,0.578,0.682,0.668,P1,70,30,20,Ptop4,explore
231,4.0,0.597,0.892,0.855,P1,70,30,20,Ptop4,valid
400,4.9,0.632,0.671,0.65,P1,70,30,20,Ptop5,explore
231,5.0,0.641,0.802,0.773,P1,70,30,20,Ptop5,valid
400,2.0,0.418,0.767,0.748,P1,70,30,20,Wtop2,explore
231,2.0,0.368,0.901,0.828,P1,70,30,20,Wtop2,valid
400,3.0,0.522,0.752,0.733,P1,70,30,20,Wtop3,explore
231,3.0,0.537,1.007,0.959,P1,70,30,20,Wtop3,valid
400,4.0,0.575,0.677,0.662,P1,70,30,20,Wtop4,explore
231,4.0,0.602,0.894,0.858,P1,70,30,20,Wtop4,valid
397,2.7,0.481,0.72,0.698,P1,70,30,20,pidx30,explore
231,2.7,0.429,0.809,0.757,P1,70,30,20,pidx30,valid
348,1.8,0.391,0.778,0.754,P1,70,30,20,pidx40,explore
209,1.7,0.321,0.855,0.809,P1,70,30,20,pidx40,valid
213,1.2,0.31,0.825,0.767,P1,70,30,20,pidx50,explore
121,1.2,0.207,0.863,0.753,P1,70,30,20,pidx50,valid
62,1.0,0.339,0.697,0.643,P1,70,30,20,pidx60,explore
25,1.0,0.2,0.732,0.516,P1,70,30,20,pidx60,valid
46,1.0,0.217,0.611,0.387,P1,70,30,20,widx20,explore
25,1.0,0.2,0.852,0.616,P1,70,30,20,widx20,valid
3,1.0,0.0,0.0,0.0,P1,70,30,20,widx30,explore
1,1.0,0.0,0.0,0.0,P1,70,30,20,widx30,valid
0,,,,,P1,70,30,20,widx40,explore
0,,,,,P1,70,30,20,widx40,valid
567,1.0,0.263,0.701,0.674,P1,70,40,-99,Ptop1,explore
340,1.0,0.274,1.03,0.964,P1,70,40,-99,Ptop1,valid
569,2.0,0.42,0.719,0.706,P1,70,40,-99,Ptop2,explore
343,2.0,0.399,0.863,0.83,P1,70,40,-99,Ptop2,valid
569,3.0,0.536,0.753,0.738,P1,70,40,-99,Ptop3,explore
343,3.0,0.539,0.981,0.949,P1,70,40,-99,Ptop3,valid
569,4.0,0.591,0.695,0.684,P1,70,40,-99,Ptop4,explore
343,4.0,0.615,0.897,0.872,P1,70,40,-99,Ptop4,valid
569,4.9,0.645,0.699,0.679,P1,70,40,-99,Ptop5,explore
343,5.0,0.668,0.882,0.859,P1,70,40,-99,Ptop5,valid
569,2.0,0.429,0.727,0.713,P1,70,40,-99,Wtop2,explore
343,2.0,0.411,0.943,0.894,P1,70,40,-99,Wtop2,valid
569,3.0,0.536,0.769,0.755,P1,70,40,-99,Wtop3,explore
343,3.0,0.548,0.972,0.939,P1,70,40,-99,Wtop3,valid
569,4.0,0.594,0.706,0.695,P1,70,40,-99,Wtop4,explore
343,4.0,0.615,0.887,0.862,P1,70,40,-99,Wtop4,valid
566,2.6,0.495,0.743,0.726,P1,70,40,-99,pidx30,explore
343,2.7,0.466,0.859,0.822,P1,70,40,-99,pidx30,valid
517,1.7,0.404,0.766,0.749,P1,70,40,-99,pidx40,explore
320,1.7,0.359,0.877,0.835,P1,70,40,-99,pidx40,valid
388,1.2,0.338,0.809,0.777,P1,70,40,-99,pidx50,explore
234,1.2,0.295,0.936,0.856,P1,70,40,-99,pidx50,valid
207,1.0,0.343,0.703,0.677,P1,70,40,-99,pidx60,explore
115,1.0,0.296,0.972,0.785,P1,70,40,-99,pidx60,valid
179,1.0,0.313,0.665,0.634,P1,70,40,-99,widx20,explore
107,1.0,0.318,1.073,0.867,P1,70,40,-99,widx20,valid
22,1.0,0.545,0.918,0.814,P1,70,40,-99,widx30,explore
13,1.0,0.385,0.5,0.362,P1,70,40,-99,widx30,valid
2,1.0,0.5,0.55,0.0,P1,70,40,-99,widx40,explore
0,,,,,P1,70,40,-99,widx40,valid
519,1.0,0.26,0.706,0.677,P1,70,40,10,Ptop1,explore
310,1.0,0.268,0.99,0.938,P1,70,40,10,Ptop1,valid
520,2.0,0.423,0.736,0.722,P1,70,40,10,Ptop2,explore
313,2.0,0.399,0.854,0.828,P1,70,40,10,Ptop2,valid
520,3.0,0.542,0.762,0.746,P1,70,40,10,Ptop3,explore
313,3.0,0.553,1.014,0.979,P1,70,40,10,Ptop3,valid
520,4.0,0.598,0.703,0.691,P1,70,40,10,Ptop4,explore
313,4.0,0.629,0.921,0.894,P1,70,40,10,Ptop4,valid
520,4.9,0.658,0.719,0.696,P1,70,40,10,Ptop5,explore
313,5.0,0.684,0.902,0.878,P1,70,40,10,Ptop5,valid
520,2.0,0.433,0.745,0.73,P1,70,40,10,Wtop2,explore
313,2.0,0.415,0.952,0.898,P1,70,40,10,Wtop2,valid
520,3.0,0.544,0.784,0.768,P1,70,40,10,Wtop3,explore
313,3.0,0.562,1.004,0.968,P1,70,40,10,Wtop3,valid
520,4.0,0.602,0.716,0.704,P1,70,40,10,Wtop4,explore
313,4.0,0.629,0.91,0.883,P1,70,40,10,Wtop4,valid
517,2.7,0.501,0.764,0.746,P1,70,40,10,pidx30,explore
313,2.7,0.473,0.869,0.829,P1,70,40,10,pidx30,valid
469,1.7,0.407,0.783,0.764,P1,70,40,10,pidx40,explore
290,1.7,0.359,0.86,0.827,P1,70,40,10,pidx40,valid
340,1.2,0.338,0.823,0.786,P1,70,40,10,pidx50,explore
204,1.2,0.289,0.889,0.825,P1,70,40,10,pidx50,valid
159,1.0,0.358,0.724,0.69,P1,70,40,10,pidx60,explore
85,1.0,0.282,0.823,0.755,P1,70,40,10,pidx60,valid
132,1.0,0.318,0.667,0.625,P1,70,40,10,widx20,explore
77,1.0,0.312,0.931,0.854,P1,70,40,10,widx20,valid
7,1.0,0.571,1.086,0.757,P1,70,40,10,widx30,explore
7,1.0,0.429,0.457,0.3,P1,70,40,10,widx30,valid
0,,,,,P1,70,40,10,widx40,explore
0,,,,,P1,70,40,10,widx40,valid
377,1.0,0.244,0.718,0.677,P1,70,40,20,Ptop1,explore
218,1.0,0.243,1.035,0.962,P1,70,40,20,Ptop1,valid
378,2.0,0.423,0.77,0.749,P1,70,40,20,Ptop2,explore
220,2.0,0.355,0.792,0.756,P1,70,40,20,Ptop2,valid
378,3.0,0.537,0.74,0.727,P1,70,40,20,Ptop3,explore
220,3.0,0.527,1.014,0.963,P1,70,40,20,Ptop3,valid
378,4.0,0.595,0.693,0.677,P1,70,40,20,Ptop4,explore
220,4.0,0.609,0.904,0.866,P1,70,40,20,Ptop4,valid
378,4.9,0.653,0.686,0.664,P1,70,40,20,Ptop5,explore
220,5.0,0.655,0.817,0.787,P1,70,40,20,Ptop5,valid
378,2.0,0.431,0.77,0.749,P1,70,40,20,Wtop2,explore
220,2.0,0.377,0.931,0.855,P1,70,40,20,Wtop2,valid
378,3.0,0.542,0.768,0.747,P1,70,40,20,Wtop3,explore
220,3.0,0.55,1.038,0.988,P1,70,40,20,Wtop3,valid
378,4.0,0.595,0.693,0.678,P1,70,40,20,Wtop4,explore
220,4.0,0.614,0.907,0.869,P1,70,40,20,Wtop4,valid
375,2.7,0.496,0.741,0.718,P1,70,40,20,pidx30,explore
220,2.7,0.436,0.822,0.766,P1,70,40,20,pidx30,valid
327,1.8,0.407,0.801,0.775,P1,70,40,20,pidx40,explore
198,1.7,0.328,0.888,0.84,P1,70,40,20,pidx40,valid
198,1.2,0.328,0.858,0.795,P1,70,40,20,pidx50,explore
112,1.2,0.223,0.935,0.815,P1,70,40,20,pidx50,valid
60,1.0,0.35,0.72,0.664,P1,70,40,20,pidx60,explore
25,1.0,0.2,0.732,0.516,P1,70,40,20,pidx60,valid
34,1.0,0.265,0.524,0.453,P1,70,40,20,widx20,explore
17,1.0,0.294,1.253,0.906,P1,70,40,20,widx20,valid
2,1.0,0.0,0.0,0.0,P1,70,40,20,widx30,explore
0,,,,,P1,70,40,20,widx30,valid
0,,,,,P1,70,40,20,widx40,explore
0,,,,,P1,70,40,20,widx40,valid
282,1.0,0.291,0.707,0.671,P1,70,50,-99,Ptop1,explore
150,1.0,0.227,0.694,0.64,P1,70,50,-99,Ptop1,valid
283,2.0,0.449,0.713,0.696,P1,70,50,-99,Ptop2,explore
152,2.0,0.382,0.697,0.659,P1,70,50,-99,Ptop2,valid
283,3.0,0.565,0.747,0.725,P1,70,50,-99,Ptop3,explore
152,3.0,0.579,0.935,0.878,P1,70,50,-99,Ptop3,valid
283,4.0,0.618,0.675,0.655,P1,70,50,-99,Ptop4,explore
152,4.0,0.645,0.819,0.776,P1,70,50,-99,Ptop4,valid
283,4.9,0.664,0.618,0.602,P1,70,50,-99,Ptop5,explore
152,5.0,0.678,0.717,0.683,P1,70,50,-99,Ptop5,valid
283,2.0,0.442,0.674,0.656,P1,70,50,-99,Wtop2,explore
152,2.0,0.401,0.804,0.724,P1,70,50,-99,Wtop2,valid
283,3.0,0.558,0.739,0.717,P1,70,50,-99,Wtop3,explore
152,3.0,0.579,0.917,0.86,P1,70,50,-99,Wtop3,valid
283,4.0,0.615,0.673,0.653,P1,70,50,-99,Wtop4,explore
152,4.0,0.651,0.822,0.78,P1,70,50,-99,Wtop4,valid
280,2.4,0.489,0.69,0.67,P1,70,50,-99,pidx30,explore
152,2.5,0.447,0.74,0.675,P1,70,50,-99,pidx30,valid
235,1.5,0.413,0.806,0.777,P1,70,50,-99,pidx40,explore
131,1.5,0.336,0.765,0.707,P1,70,50,-99,pidx40,valid
154,1.1,0.383,0.813,0.753,P1,70,50,-99,pidx50,explore
75,1.1,0.227,0.613,0.473,P1,70,50,-99,pidx50,valid
63,1.0,0.492,0.883,0.83,P1,70,50,-99,pidx60,explore
28,1.0,0.179,0.375,0.282,P1,70,50,-99,pidx60,valid
36,1.0,0.417,0.672,0.611,P1,70,50,-99,widx20,explore
11,1.0,0.455,1.036,0.509,P1,70,50,-99,widx20,valid
2,1.0,1.0,2.0,0.9,P1,70,50,-99,widx30,explore
2,1.0,1.0,1.05,0.5,P1,70,50,-99,widx30,valid
0,,,,,P1,70,50,-99,widx40,explore
0,,,,,P1,70,50,-99,widx40,valid
280,1.0,0.289,0.706,0.67,P1,70,50,10,Ptop1,explore
150,1.0,0.227,0.694,0.64,P1,70,50,10,Ptop1,valid
281,2.0,0.448,0.716,0.698,P1,70,50,10,Ptop2,explore
152,2.0,0.382,0.697,0.659,P1,70,50,10,Ptop2,valid
281,3.0,0.566,0.75,0.728,P1,70,50,10,Ptop3,explore
152,3.0,0.579,0.935,0.878,P1,70,50,10,Ptop3,valid
281,4.0,0.619,0.678,0.658,P1,70,50,10,Ptop4,explore
152,4.0,0.645,0.819,0.776,P1,70,50,10,Ptop4,valid
281,4.9,0.665,0.621,0.605,P1,70,50,10,Ptop5,explore
152,5.0,0.678,0.717,0.683,P1,70,50,10,Ptop5,valid
281,2.0,0.441,0.676,0.658,P1,70,50,10,Wtop2,explore
152,2.0,0.401,0.804,0.724,P1,70,50,10,Wtop2,valid
281,3.0,0.559,0.743,0.721,P1,70,50,10,Wtop3,explore
152,3.0,0.579,0.917,0.86,P1,70,50,10,Wtop3,valid
281,4.0,0.616,0.676,0.656,P1,70,50,10,Wtop4,explore
152,4.0,0.651,0.822,0.78,P1,70,50,10,Wtop4,valid
278,2.4,0.489,0.693,0.673,P1,70,50,10,pidx30,explore
152,2.5,0.447,0.74,0.675,P1,70,50,10,pidx30,valid
233,1.5,0.412,0.808,0.779,P1,70,50,10,pidx40,explore
131,1.5,0.336,0.765,0.707,P1,70,50,10,pidx40,valid
152,1.1,0.382,0.814,0.753,P1,70,50,10,pidx50,explore
75,1.1,0.227,0.613,0.473,P1,70,50,10,pidx50,valid
61,1.0,0.492,0.887,0.832,P1,70,50,10,pidx60,explore
28,1.0,0.179,0.375,0.282,P1,70,50,10,pidx60,valid
34,1.0,0.412,0.668,0.603,P1,70,50,10,widx20,explore
11,1.0,0.455,1.036,0.509,P1,70,50,10,widx20,valid
2,1.0,1.0,2.0,0.9,P1,70,50,10,widx30,explore
2,1.0,1.0,1.05,0.5,P1,70,50,10,widx30,valid
0,,,,,P1,70,50,10,widx40,explore
0,,,,,P1,70,50,10,widx40,valid
249,1.0,0.261,0.69,0.65,P1,70,50,20,Ptop1,explore
137,1.0,0.219,0.712,0.653,P1,70,50,20,Ptop1,valid
250,2.0,0.436,0.743,0.723,P1,70,50,20,Ptop2,explore
138,2.0,0.37,0.701,0.659,P1,70,50,20,Ptop2,valid
250,3.0,0.548,0.746,0.726,P1,70,50,20,Ptop3,explore
138,3.0,0.572,0.956,0.893,P1,70,50,20,Ptop3,valid
250,4.0,0.608,0.689,0.667,P1,70,50,20,Ptop4,explore
138,4.0,0.645,0.846,0.8,P1,70,50,20,Ptop4,valid
250,4.9,0.66,0.638,0.62,P1,70,50,20,Ptop5,explore
138,5.0,0.681,0.746,0.708,P1,70,50,20,Ptop5,valid
250,2.0,0.428,0.698,0.678,P1,70,50,20,Wtop2,explore
138,2.0,0.391,0.817,0.73,P1,70,50,20,Wtop2,valid
250,3.0,0.548,0.753,0.733,P1,70,50,20,Wtop3,explore
138,3.0,0.58,0.954,0.892,P1,70,50,20,Wtop3,valid
250,4.0,0.604,0.687,0.665,P1,70,50,20,Wtop4,explore
138,4.0,0.652,0.85,0.803,P1,70,50,20,Wtop4,valid
247,2.5,0.482,0.713,0.691,P1,70,50,20,pidx30,explore
138,2.5,0.442,0.744,0.674,P1,70,50,20,pidx30,valid
202,1.5,0.396,0.814,0.781,P1,70,50,20,pidx40,explore
118,1.6,0.322,0.756,0.693,P1,70,50,20,pidx40,valid
121,1.1,0.347,0.809,0.735,P1,70,50,20,pidx50,explore
62,1.1,0.21,0.644,0.475,P1,70,50,20,pidx50,valid
38,1.0,0.447,0.879,0.792,P1,70,50,20,pidx60,explore
18,1.0,0.111,0.278,0.133,P1,70,50,20,pidx60,valid
15,1.0,0.267,0.5,0.36,P1,70,50,20,widx20,explore
6,1.0,0.333,1.183,0.217,P1,70,50,20,widx20,valid
0,,,,,P1,70,50,20,widx30,explore
0,,,,,P1,70,50,20,widx30,valid
0,,,,,P1,70,50,20,widx40,explore
0,,,,,P1,70,50,20,widx40,valid
96,1.0,0.312,0.742,0.694,P1,70,60,-99,Ptop1,explore
37,1.0,0.189,0.589,0.438,P1,70,60,-99,Ptop1,valid
97,2.0,0.495,0.676,0.648,P1,70,60,-99,Ptop2,explore
37,2.0,0.405,0.807,0.673,P1,70,60,-99,Ptop2,valid
97,3.0,0.608,0.749,0.697,P1,70,60,-99,Ptop3,explore
37,3.0,0.622,1.188,0.957,P1,70,60,-99,Ptop3,valid
97,3.9,0.67,0.689,0.633,P1,70,60,-99,Ptop4,explore
37,4.0,0.73,1.079,0.904,P1,70,60,-99,Ptop4,valid
97,4.9,0.722,0.637,0.592,P1,70,60,-99,Ptop5,explore
37,4.9,0.757,0.915,0.773,P1,70,60,-99,Ptop5,valid
97,2.0,0.485,0.657,0.619,P1,70,60,-99,Wtop2,explore
37,2.0,0.405,0.832,0.673,P1,70,60,-99,Wtop2,valid
97,2.9,0.619,0.788,0.735,P1,70,60,-99,Wtop3,explore
37,3.0,0.622,1.241,1.01,P1,70,60,-99,Wtop3,valid
97,3.9,0.67,0.689,0.633,P1,70,60,-99,Wtop4,explore
37,4.0,0.73,1.079,0.904,P1,70,60,-99,Wtop4,valid
94,2.1,0.468,0.605,0.569,P1,70,60,-99,pidx30,explore
37,2.0,0.378,0.799,0.633,P1,70,60,-99,pidx30,valid
67,1.4,0.463,0.803,0.757,P1,70,60,-99,pidx40,explore
28,1.3,0.214,0.459,0.322,P1,70,60,-99,pidx40,valid
36,1.1,0.444,0.793,0.717,P1,70,60,-99,pidx50,explore
13,1.0,0.077,0.108,0.0,P1,70,60,-99,pidx50,valid
16,1.0,0.5,0.881,0.725,P1,70,60,-99,pidx60,explore
4,1.0,0.0,0.0,0.0,P1,70,60,-99,pidx60,valid
0,,,,,P1,70,60,-99,widx20,explore
2,1.0,0.0,0.0,0.0,P1,70,60,-99,widx20,valid
0,,,,,P1,70,60,-99,widx30,explore
0,,,,,P1,70,60,-99,widx30,valid
0,,,,,P1,70,60,-99,widx40,explore
0,,,,,P1,70,60,-99,widx40,valid
96,1.0,0.312,0.742,0.694,P1,70,60,10,Ptop1,explore
37,1.0,0.189,0.589,0.438,P1,70,60,10,Ptop1,valid
97,2.0,0.495,0.676,0.648,P1,70,60,10,Ptop2,explore
37,2.0,0.405,0.807,0.673,P1,70,60,10,Ptop2,valid
97,3.0,0.608,0.749,0.697,P1,70,60,10,Ptop3,explore
37,3.0,0.622,1.188,0.957,P1,70,60,10,Ptop3,valid
97,3.9,0.67,0.689,0.633,P1,70,60,10,Ptop4,explore
37,4.0,0.73,1.079,0.904,P1,70,60,10,Ptop4,valid
97,4.9,0.722,0.637,0.592,P1,70,60,10,Ptop5,explore
37,4.9,0.757,0.915,0.773,P1,70,60,10,Ptop5,valid
97,2.0,0.485,0.657,0.619,P1,70,60,10,Wtop2,explore
37,2.0,0.405,0.832,0.673,P1,70,60,10,Wtop2,valid
97,2.9,0.619,0.788,0.735,P1,70,60,10,Wtop3,explore
37,3.0,0.622,1.241,1.01,P1,70,60,10,Wtop3,valid
97,3.9,0.67,0.689,0.633,P1,70,60,10,Wtop4,explore
37,4.0,0.73,1.079,0.904,P1,70,60,10,Wtop4,valid
94,2.1,0.468,0.605,0.569,P1,70,60,10,pidx30,explore
37,2.0,0.378,0.799,0.633,P1,70,60,10,pidx30,valid
67,1.4,0.463,0.803,0.757,P1,70,60,10,pidx40,explore
28,1.3,0.214,0.459,0.322,P1,70,60,10,pidx40,valid
36,1.1,0.444,0.793,0.717,P1,70,60,10,pidx50,explore
13,1.0,0.077,0.108,0.0,P1,70,60,10,pidx50,valid
16,1.0,0.5,0.881,0.725,P1,70,60,10,pidx60,explore
4,1.0,0.0,0.0,0.0,P1,70,60,10,pidx60,valid
0,,,,,P1,70,60,10,widx20,explore
2,1.0,0.0,0.0,0.0,P1,70,60,10,widx20,valid
0,,,,,P1,70,60,10,widx30,explore
0,,,,,P1,70,60,10,widx30,valid
0,,,,,P1,70,60,10,widx40,explore
0,,,,,P1,70,60,10,widx40,valid
91,1.0,0.308,0.751,0.7,P1,70,60,20,Ptop1,explore
35,1.0,0.2,0.623,0.463,P1,70,60,20,Ptop1,valid
92,2.0,0.5,0.697,0.668,P1,70,60,20,Ptop2,explore
35,2.0,0.429,0.853,0.711,P1,70,60,20,Ptop2,valid
92,3.0,0.609,0.748,0.692,P1,70,60,20,Ptop3,explore
35,3.0,0.6,1.143,0.898,P1,70,60,20,Ptop3,valid
92,3.9,0.674,0.694,0.636,P1,70,60,20,Ptop4,explore
35,4.0,0.714,1.055,0.871,P1,70,60,20,Ptop4,valid
92,4.8,0.728,0.647,0.599,P1,70,60,20,Ptop5,explore
35,4.9,0.743,0.899,0.749,P1,70,60,20,Ptop5,valid
92,2.0,0.489,0.677,0.638,P1,70,60,20,Wtop2,explore
35,2.0,0.429,0.88,0.711,P1,70,60,20,Wtop2,valid
92,2.9,0.62,0.789,0.732,P1,70,60,20,Wtop3,explore
35,3.0,0.629,1.27,1.026,P1,70,60,20,Wtop3,valid
92,3.9,0.674,0.694,0.636,P1,70,60,20,Wtop4,explore
35,4.0,0.714,1.055,0.871,P1,70,60,20,Wtop4,valid
89,2.1,0.472,0.628,0.59,P1,70,60,20,pidx30,explore
35,2.1,0.4,0.832,0.66,P1,70,60,20,pidx30,valid
62,1.4,0.468,0.816,0.767,P1,70,60,20,pidx40,explore
26,1.3,0.231,0.486,0.34,P1,70,60,20,pidx40,valid
31,1.2,0.452,0.822,0.736,P1,70,60,20,pidx50,explore
11,1.0,0.091,0.127,0.0,P1,70,60,20,pidx50,valid
11,1.0,0.545,1.018,0.791,P1,70,60,20,pidx60,explore
2,1.0,0.0,0.0,0.0,P1,70,60,20,pidx60,valid
0,,,,,P1,70,60,20,widx20,explore
2,1.0,0.0,0.0,0.0,P1,70,60,20,widx20,valid
0,,,,,P1,70,60,20,widx30,explore
0,,,,,P1,70,60,20,widx30,valid
0,,,,,P1,70,60,20,widx40,explore
0,,,,,P1,70,60,20,widx40,valid
339,1.0,0.283,0.757,0.712,P1,80,0,-99,Ptop1,explore
184,1.0,0.255,0.982,0.861,P1,80,0,-99,Ptop1,valid
341,2.0,0.419,0.703,0.68,P1,80,0,-99,Ptop2,explore
186,2.0,0.371,0.762,0.701,P1,80,0,-99,Ptop2,valid
341,3.0,0.537,0.731,0.692,P1,80,0,-99,Ptop3,explore
186,3.0,0.532,1.009,0.949,P1,80,0,-99,Ptop3,valid
341,4.0,0.589,0.651,0.622,P1,80,0,-99,Ptop4,explore
186,4.0,0.613,0.928,0.883,P1,80,0,-99,Ptop4,valid
341,4.9,0.648,0.654,0.631,P1,80,0,-99,Ptop5,explore
186,5.0,0.656,0.905,0.864,P1,80,0,-99,Ptop5,valid
341,2.0,0.428,0.718,0.696,P1,80,0,-99,Wtop2,explore
186,2.0,0.382,0.914,0.824,P1,80,0,-99,Wtop2,valid
341,3.0,0.531,0.731,0.692,P1,80,0,-99,Wtop3,explore
186,3.0,0.543,1.001,0.941,P1,80,0,-99,Wtop3,valid
341,4.0,0.589,0.665,0.636,P1,80,0,-99,Wtop4,explore
186,4.0,0.624,0.939,0.894,P1,80,0,-99,Wtop4,valid
339,2.7,0.496,0.676,0.659,P1,80,0,-99,pidx30,explore
186,2.6,0.452,0.865,0.797,P1,80,0,-99,pidx30,valid
316,1.8,0.421,0.777,0.75,P1,80,0,-99,pidx40,explore
173,1.7,0.335,0.794,0.719,P1,80,0,-99,pidx40,valid
262,1.3,0.359,0.846,0.8,P1,80,0,-99,pidx50,explore
140,1.2,0.279,0.939,0.807,P1,80,0,-99,pidx50,valid
167,1.0,0.347,0.701,0.669,P1,80,0,-99,pidx60,explore
84,1.1,0.321,1.051,0.8,P1,80,0,-99,pidx60,valid
117,1.0,0.316,0.726,0.639,P1,80,0,-99,widx20,explore
66,1.0,0.348,1.249,0.921,P1,80,0,-99,widx20,valid
30,1.0,0.4,0.787,0.69,P1,80,0,-99,widx30,explore
20,1.0,0.4,0.775,0.56,P1,80,0,-99,widx30,valid
0,,,,,P1,80,0,-99,widx40,explore
0,,,,,P1,80,0,-99,widx40,valid
310,1.0,0.277,0.767,0.718,P1,80,0,10,Ptop1,explore
162,1.0,0.228,0.861,0.763,P1,80,0,10,Ptop1,valid
311,2.0,0.415,0.708,0.684,P1,80,0,10,Ptop2,explore
164,2.0,0.354,0.718,0.67,P1,80,0,10,Ptop2,valid
311,3.0,0.54,0.718,0.701,P1,80,0,10,Ptop3,explore
164,3.0,0.53,1.034,0.966,P1,80,0,10,Ptop3,valid
311,4.0,0.595,0.644,0.626,P1,80,0,10,Ptop4,explore
164,4.0,0.61,0.911,0.86,P1,80,0,10,Ptop4,valid
311,4.9,0.656,0.653,0.634,P1,80,0,10,Ptop5,explore
164,5.0,0.659,0.914,0.867,P1,80,0,10,Ptop5,valid
311,2.0,0.424,0.726,0.701,P1,80,0,10,Wtop2,explore
164,2.0,0.372,0.911,0.808,P1,80,0,10,Wtop2,valid
311,3.0,0.534,0.718,0.702,P1,80,0,10,Wtop3,explore
164,3.0,0.543,1.026,0.958,P1,80,0,10,Wtop3,valid
311,4.0,0.592,0.649,0.631,P1,80,0,10,Wtop4,explore
164,4.0,0.622,0.924,0.873,P1,80,0,10,Wtop4,valid
309,2.7,0.498,0.686,0.668,P1,80,0,10,pidx30,explore
164,2.6,0.439,0.85,0.773,P1,80,0,10,pidx30,valid
287,1.8,0.415,0.779,0.749,P1,80,0,10,pidx40,explore
151,1.7,0.318,0.743,0.682,P1,80,0,10,pidx40,valid
233,1.3,0.352,0.857,0.805,P1,80,0,10,pidx50,explore
118,1.2,0.246,0.827,0.715,P1,80,0,10,pidx50,valid
138,1.0,0.348,0.722,0.683,P1,80,0,10,pidx60,explore
62,1.0,0.274,0.805,0.712,P1,80,0,10,pidx60,valid
88,1.0,0.307,0.76,0.644,P1,80,0,10,widx20,explore
44,1.0,0.295,0.971,0.838,P1,80,0,10,widx20,valid
13,1.0,0.385,0.854,0.631,P1,80,0,10,widx30,explore
8,1.0,0.125,0.138,0.0,P1,80,0,10,widx30,valid
0,,,,,P1,80,0,10,widx40,explore
0,,,,,P1,80,0,10,widx40,valid
234,1.0,0.256,0.778,0.713,P1,80,0,20,Ptop1,explore
125,1.0,0.2,0.844,0.717,P1,80,0,20,Ptop1,valid
235,2.0,0.404,0.74,0.707,P1,80,0,20,Ptop2,explore
126,2.0,0.31,0.676,0.613,P1,80,0,20,Ptop2,valid
235,3.0,0.532,0.744,0.723,P1,80,0,20,Ptop3,explore
126,3.0,0.5,1.039,0.951,P1,80,0,20,Ptop3,valid
235,4.0,0.587,0.667,0.643,P1,80,0,20,Ptop4,explore
126,4.0,0.595,0.942,0.876,P1,80,0,20,Ptop4,valid
235,4.9,0.643,0.656,0.631,P1,80,0,20,Ptop5,explore
126,5.0,0.627,0.816,0.763,P1,80,0,20,Ptop5,valid
235,2.0,0.417,0.763,0.73,P1,80,0,20,Wtop2,explore
126,2.0,0.333,0.925,0.793,P1,80,0,20,Wtop2,valid
235,3.0,0.536,0.756,0.734,P1,80,0,20,Wtop3,explore
126,3.0,0.532,1.086,0.997,P1,80,0,20,Wtop3,valid
235,4.0,0.583,0.665,0.641,P1,80,0,20,Wtop4,explore
126,4.0,0.611,0.958,0.892,P1,80,0,20,Wtop4,valid
233,2.8,0.489,0.699,0.675,P1,80,0,20,pidx30,explore
126,2.7,0.413,0.846,0.749,P1,80,0,20,pidx30,valid
211,1.8,0.403,0.797,0.756,P1,80,0,20,pidx40,explore
114,1.7,0.272,0.719,0.636,P1,80,0,20,pidx40,valid
157,1.2,0.325,0.866,0.788,P1,80,0,20,pidx50,explore
81,1.2,0.198,0.828,0.664,P1,80,0,20,pidx50,valid
62,1.0,0.339,0.697,0.643,P1,80,0,20,pidx60,explore
25,1.0,0.2,0.732,0.516,P1,80,0,20,pidx60,valid
26,1.0,0.192,0.704,0.308,P1,80,0,20,widx20,explore
14,1.0,0.214,1.014,0.593,P1,80,0,20,widx20,valid
3,1.0,0.0,0.0,0.0,P1,80,0,20,widx30,explore
1,1.0,0.0,0.0,0.0,P1,80,0,20,widx30,valid
0,,,,,P1,80,0,20,widx40,explore
0,,,,,P1,80,0,20,widx40,valid
339,1.0,0.283,0.757,0.712,P1,80,30,-99,Ptop1,explore
183,1.0,0.257,0.987,0.866,P1,80,30,-99,Ptop1,valid
341,2.0,0.419,0.703,0.68,P1,80,30,-99,Ptop2,explore
185,2.0,0.373,0.766,0.705,P1,80,30,-99,Ptop2,valid
341,3.0,0.537,0.731,0.692,P1,80,30,-99,Ptop3,explore
185,3.0,0.535,1.014,0.954,P1,80,30,-99,Ptop3,valid
341,4.0,0.589,0.651,0.622,P1,80,30,-99,Ptop4,explore
185,4.0,0.616,0.933,0.888,P1,80,30,-99,Ptop4,valid
341,4.9,0.648,0.654,0.631,P1,80,30,-99,Ptop5,explore
185,5.0,0.659,0.91,0.869,P1,80,30,-99,Ptop5,valid
341,2.0,0.428,0.718,0.696,P1,80,30,-99,Wtop2,explore
185,2.0,0.384,0.919,0.828,P1,80,30,-99,Wtop2,valid
341,3.0,0.531,0.731,0.692,P1,80,30,-99,Wtop3,explore
185,3.0,0.546,1.007,0.947,P1,80,30,-99,Wtop3,valid
341,4.0,0.589,0.665,0.636,P1,80,30,-99,Wtop4,explore
185,4.0,0.627,0.944,0.899,P1,80,30,-99,Wtop4,valid
339,2.7,0.496,0.676,0.659,P1,80,30,-99,pidx30,explore
185,2.6,0.454,0.872,0.804,P1,80,30,-99,pidx30,valid
316,1.8,0.421,0.777,0.75,P1,80,30,-99,pidx40,explore
172,1.7,0.337,0.8,0.724,P1,80,30,-99,pidx40,valid
262,1.3,0.359,0.846,0.8,P1,80,30,-99,pidx50,explore
139,1.2,0.281,0.945,0.812,P1,80,30,-99,pidx50,valid
167,1.0,0.347,0.701,0.669,P1,80,30,-99,pidx60,explore
84,1.1,0.321,1.051,0.8,P1,80,30,-99,pidx60,valid
117,1.0,0.316,0.726,0.639,P1,80,30,-99,widx20,explore
65,1.0,0.354,1.267,0.934,P1,80,30,-99,widx20,valid
30,1.0,0.4,0.787,0.69,P1,80,30,-99,widx30,explore
20,1.0,0.4,0.775,0.56,P1,80,30,-99,widx30,valid
0,,,,,P1,80,30,-99,widx40,explore
0,,,,,P1,80,30,-99,widx40,valid
310,1.0,0.277,0.767,0.718,P1,80,30,10,Ptop1,explore
161,1.0,0.23,0.866,0.768,P1,80,30,10,Ptop1,valid
311,2.0,0.415,0.708,0.684,P1,80,30,10,Ptop2,explore
163,2.0,0.356,0.723,0.674,P1,80,30,10,Ptop2,valid
311,3.0,0.54,0.718,0.701,P1,80,30,10,Ptop3,explore
163,3.0,0.534,1.041,0.972,P1,80,30,10,Ptop3,valid
311,4.0,0.595,0.644,0.626,P1,80,30,10,Ptop4,explore
163,4.0,0.613,0.917,0.866,P1,80,30,10,Ptop4,valid
311,4.9,0.656,0.653,0.634,P1,80,30,10,Ptop5,explore
163,5.0,0.663,0.92,0.873,P1,80,30,10,Ptop5,valid
311,2.0,0.424,0.726,0.701,P1,80,30,10,Wtop2,explore
163,2.0,0.374,0.916,0.813,P1,80,30,10,Wtop2,valid
311,3.0,0.534,0.718,0.702,P1,80,30,10,Wtop3,explore
163,3.0,0.546,1.032,0.964,P1,80,30,10,Wtop3,valid
311,4.0,0.592,0.649,0.631,P1,80,30,10,Wtop4,explore
163,4.0,0.626,0.93,0.878,P1,80,30,10,Wtop4,valid
309,2.7,0.498,0.686,0.668,P1,80,30,10,pidx30,explore
163,2.6,0.442,0.858,0.78,P1,80,30,10,pidx30,valid
287,1.8,0.415,0.779,0.749,P1,80,30,10,pidx40,explore
150,1.7,0.32,0.748,0.687,P1,80,30,10,pidx40,valid
233,1.3,0.352,0.857,0.805,P1,80,30,10,pidx50,explore
117,1.2,0.248,0.833,0.721,P1,80,30,10,pidx50,valid
138,1.0,0.348,0.722,0.683,P1,80,30,10,pidx60,explore
62,1.0,0.274,0.805,0.712,P1,80,30,10,pidx60,valid
88,1.0,0.307,0.76,0.644,P1,80,30,10,widx20,explore
43,1.0,0.302,0.993,0.857,P1,80,30,10,widx20,valid
13,1.0,0.385,0.854,0.631,P1,80,30,10,widx30,explore
8,1.0,0.125,0.138,0.0,P1,80,30,10,widx30,valid
0,,,,,P1,80,30,10,widx40,explore
0,,,,,P1,80,30,10,widx40,valid
234,1.0,0.256,0.778,0.713,P1,80,30,20,Ptop1,explore
124,1.0,0.202,0.851,0.723,P1,80,30,20,Ptop1,valid
235,2.0,0.404,0.74,0.707,P1,80,30,20,Ptop2,explore
125,2.0,0.312,0.682,0.618,P1,80,30,20,Ptop2,valid
235,3.0,0.532,0.744,0.723,P1,80,30,20,Ptop3,explore
125,3.0,0.504,1.047,0.958,P1,80,30,20,Ptop3,valid
235,4.0,0.587,0.667,0.643,P1,80,30,20,Ptop4,explore
125,4.0,0.6,0.95,0.883,P1,80,30,20,Ptop4,valid
235,4.9,0.643,0.656,0.631,P1,80,30,20,Ptop5,explore
125,5.0,0.632,0.822,0.769,P1,80,30,20,Ptop5,valid
235,2.0,0.417,0.763,0.73,P1,80,30,20,Wtop2,explore
125,2.0,0.336,0.933,0.799,P1,80,30,20,Wtop2,valid
235,3.0,0.536,0.756,0.734,P1,80,30,20,Wtop3,explore
125,3.0,0.536,1.094,1.005,P1,80,30,20,Wtop3,valid
235,4.0,0.583,0.665,0.641,P1,80,30,20,Wtop4,explore
125,4.0,0.616,0.966,0.899,P1,80,30,20,Wtop4,valid
233,2.8,0.489,0.699,0.675,P1,80,30,20,pidx30,explore
125,2.7,0.416,0.856,0.758,P1,80,30,20,pidx30,valid
211,1.8,0.403,0.797,0.756,P1,80,30,20,pidx40,explore
113,1.7,0.274,0.726,0.643,P1,80,30,20,pidx40,valid
157,1.2,0.325,0.866,0.788,P1,80,30,20,pidx50,explore
80,1.2,0.2,0.836,0.671,P1,80,30,20,pidx50,valid
62,1.0,0.339,0.697,0.643,P1,80,30,20,pidx60,explore
25,1.0,0.2,0.732,0.516,P1,80,30,20,pidx60,valid
26,1.0,0.192,0.704,0.308,P1,80,30,20,widx20,explore
13,1.0,0.231,1.092,0.638,P1,80,30,20,widx20,valid
3,1.0,0.0,0.0,0.0,P1,80,30,20,widx30,explore
1,1.0,0.0,0.0,0.0,P1,80,30,20,widx30,valid
0,,,,,P1,80,30,20,widx40,explore
0,,,,,P1,80,30,20,widx40,valid
312,1.0,0.288,0.754,0.706,P1,80,40,-99,Ptop1,explore
169,1.0,0.249,1.004,0.872,P1,80,40,-99,Ptop1,valid
314,2.0,0.424,0.701,0.677,P1,80,40,-99,Ptop2,explore
171,2.0,0.368,0.787,0.721,P1,80,40,-99,Ptop2,valid
314,3.0,0.545,0.704,0.687,P1,80,40,-99,Ptop3,explore
171,3.0,0.538,1.057,0.992,P1,80,40,-99,Ptop3,valid
314,4.0,0.596,0.625,0.607,P1,80,40,-99,Ptop4,explore
171,4.0,0.62,0.938,0.889,P1,80,40,-99,Ptop4,valid
314,4.9,0.653,0.629,0.61,P1,80,40,-99,Ptop5,explore
171,5.0,0.667,0.928,0.883,P1,80,40,-99,Ptop5,valid
314,2.0,0.433,0.718,0.694,P1,80,40,-99,Wtop2,explore
171,2.0,0.38,0.953,0.854,P1,80,40,-99,Wtop2,valid
314,3.0,0.541,0.711,0.695,P1,80,40,-99,Wtop3,explore
171,3.0,0.55,1.049,0.984,P1,80,40,-99,Wtop3,valid
314,4.0,0.596,0.636,0.618,P1,80,40,-99,Wtop4,explore
171,4.0,0.632,0.949,0.9,P1,80,40,-99,Wtop4,valid
312,2.7,0.503,0.68,0.662,P1,80,40,-99,pidx30,explore
171,2.6,0.45,0.898,0.823,P1,80,40,-99,pidx30,valid
289,1.7,0.426,0.789,0.759,P1,80,40,-99,pidx40,explore
158,1.7,0.329,0.821,0.738,P1,80,40,-99,pidx40,valid
235,1.2,0.362,0.86,0.807,P1,80,40,-99,pidx50,explore
125,1.2,0.272,0.991,0.841,P1,80,40,-99,pidx50,valid
142,1.0,0.373,0.76,0.722,P1,80,40,-99,pidx60,explore
73,1.0,0.301,1.084,0.791,P1,80,40,-99,pidx60,valid
90,1.0,0.344,0.723,0.661,P1,80,40,-99,widx20,explore
52,1.0,0.346,1.392,0.972,P1,80,40,-99,widx20,valid
14,1.0,0.5,0.9,0.736,P1,80,40,-99,widx30,explore
10,1.0,0.3,0.44,0.26,P1,80,40,-99,widx30,valid
0,,,,,P1,80,40,-99,widx40,explore
0,,,,,P1,80,40,-99,widx40,valid
294,1.0,0.282,0.755,0.703,P1,80,40,10,Ptop1,explore
155,1.0,0.239,0.9,0.797,P1,80,40,10,Ptop1,valid
295,2.0,0.42,0.705,0.68,P1,80,40,10,Ptop2,explore
157,2.0,0.363,0.741,0.689,P1,80,40,10,Ptop2,valid
295,3.0,0.549,0.722,0.705,P1,80,40,10,Ptop3,explore
157,3.0,0.548,1.074,1.003,P1,80,40,10,Ptop3,valid
295,4.0,0.603,0.645,0.626,P1,80,40,10,Ptop4,explore
157,4.0,0.631,0.947,0.894,P1,80,40,10,Ptop4,valid
295,4.9,0.664,0.654,0.633,P1,80,40,10,Ptop5,explore
157,5.0,0.682,0.951,0.902,P1,80,40,10,Ptop5,valid
295,2.0,0.431,0.724,0.698,P1,80,40,10,Wtop2,explore
157,2.0,0.382,0.941,0.834,P1,80,40,10,Wtop2,valid
295,3.0,0.546,0.729,0.712,P1,80,40,10,Wtop3,explore
157,3.0,0.561,1.065,0.994,P1,80,40,10,Wtop3,valid
295,4.0,0.603,0.656,0.637,P1,80,40,10,Wtop4,explore
157,4.0,0.643,0.96,0.907,P1,80,40,10,Wtop4,valid
293,2.7,0.505,0.689,0.67,P1,80,40,10,pidx30,explore
157,2.6,0.452,0.885,0.805,P1,80,40,10,pidx30,valid
271,1.7,0.421,0.79,0.758,P1,80,40,10,pidx40,explore
144,1.7,0.326,0.772,0.707,P1,80,40,10,pidx40,valid
217,1.2,0.355,0.852,0.795,P1,80,40,10,pidx50,explore
111,1.2,0.261,0.883,0.764,P1,80,40,10,pidx50,valid
124,1.0,0.371,0.761,0.718,P1,80,40,10,pidx60,explore
59,1.0,0.288,0.857,0.759,P1,80,40,10,pidx60,valid
72,1.0,0.333,0.717,0.639,P1,80,40,10,widx20,explore
38,1.0,0.342,1.121,0.967,P1,80,40,10,widx20,valid
6,1.0,0.5,0.9,0.517,P1,80,40,10,widx30,explore
5,1.0,0.2,0.22,0.0,P1,80,40,10,widx30,valid
0,,,,,P1,80,40,10,widx40,explore
0,,,,,P1,80,40,10,widx40,valid
230,1.0,0.257,0.747,0.68,P1,80,40,20,Ptop1,explore
121,1.0,0.207,0.872,0.74,P1,80,40,20,Ptop1,valid
231,2.0,0.407,0.731,0.697,P1,80,40,20,Ptop2,explore
122,2.0,0.32,0.699,0.633,P1,80,40,20,Ptop2,valid
231,3.0,0.537,0.742,0.72,P1,80,40,20,Ptop3,explore
122,3.0,0.516,1.073,0.982,P1,80,40,20,Ptop3,valid
231,4.0,0.593,0.668,0.643,P1,80,40,20,Ptop4,explore
122,4.0,0.615,0.973,0.905,P1,80,40,20,Ptop4,valid
231,4.9,0.649,0.659,0.633,P1,80,40,20,Ptop5,explore
122,5.0,0.648,0.843,0.788,P1,80,40,20,Ptop5,valid
231,2.0,0.42,0.754,0.721,P1,80,40,20,Wtop2,explore
122,2.0,0.344,0.956,0.819,P1,80,40,20,Wtop2,valid
231,3.0,0.541,0.754,0.732,P1,80,40,20,Wtop3,explore
122,3.0,0.549,1.121,1.03,P1,80,40,20,Wtop3,valid
231,4.0,0.589,0.665,0.641,P1,80,40,20,Wtop4,explore
122,4.0,0.631,0.99,0.922,P1,80,40,20,Wtop4,valid
229,2.8,0.493,0.698,0.674,P1,80,40,20,pidx30,explore
122,2.7,0.426,0.882,0.781,P1,80,40,20,pidx30,valid
207,1.8,0.406,0.793,0.751,P1,80,40,20,pidx40,explore
110,1.7,0.282,0.75,0.664,P1,80,40,20,pidx40,valid
153,1.2,0.327,0.848,0.766,P1,80,40,20,pidx50,explore
77,1.2,0.208,0.873,0.7,P1,80,40,20,pidx50,valid
60,1.0,0.35,0.72,0.664,P1,80,40,20,pidx60,explore
25,1.0,0.2,0.732,0.516,P1,80,40,20,pidx60,valid
22,1.0,0.182,0.364,0.264,P1,80,40,20,widx20,explore
11,1.0,0.273,1.291,0.755,P1,80,40,20,widx20,valid
2,1.0,0.0,0.0,0.0,P1,80,40,20,widx30,explore
0,,,,,P1,80,40,20,widx30,valid
0,,,,,P1,80,40,20,widx40,explore
0,,,,,P1,80,40,20,widx40,valid
200,1.0,0.3,0.732,0.682,P1,80,50,-99,Ptop1,explore
102,1.0,0.196,0.642,0.563,P1,80,50,-99,Ptop1,valid
201,2.0,0.433,0.677,0.652,P1,80,50,-99,Ptop2,explore
104,2.0,0.356,0.685,0.63,P1,80,50,-99,Ptop2,valid
201,3.0,0.557,0.709,0.683,P1,80,50,-99,Ptop3,explore
104,3.0,0.558,0.969,0.886,P1,80,50,-99,Ptop3,valid
201,4.0,0.612,0.647,0.619,P1,80,50,-99,Ptop4,explore
104,4.0,0.644,0.872,0.81,P1,80,50,-99,Ptop4,valid
201,4.9,0.657,0.591,0.569,P1,80,50,-99,Ptop5,explore
104,5.0,0.673,0.756,0.706,P1,80,50,-99,Ptop5,valid
201,2.0,0.433,0.654,0.629,P1,80,50,-99,Wtop2,explore
104,2.0,0.365,0.798,0.681,P1,80,50,-99,Wtop2,valid
201,3.0,0.552,0.705,0.679,P1,80,50,-99,Wtop3,explore
104,3.0,0.567,0.958,0.875,P1,80,50,-99,Wtop3,valid
201,4.0,0.607,0.644,0.617,P1,80,50,-99,Wtop4,explore
104,4.0,0.654,0.877,0.815,P1,80,50,-99,Wtop4,valid
199,2.6,0.503,0.659,0.633,P1,80,50,-99,pidx30,explore
104,2.5,0.442,0.772,0.681,P1,80,50,-99,pidx30,valid
177,1.6,0.412,0.74,0.703,P1,80,50,-99,pidx40,explore
91,1.6,0.308,0.727,0.649,P1,80,50,-99,pidx40,valid
130,1.1,0.369,0.796,0.726,P1,80,50,-99,pidx50,explore
62,1.1,0.177,0.601,0.43,P1,80,50,-99,pidx50,valid
59,1.0,0.475,0.865,0.808,P1,80,50,-99,pidx60,explore
26,1.0,0.154,0.362,0.262,P1,80,50,-99,pidx60,valid
18,1.0,0.444,0.728,0.611,P1,80,50,-99,widx20,explore
5,1.0,0.2,0.44,0.0,P1,80,50,-99,widx20,valid
1,1.0,1.0,1.8,0.0,P1,80,50,-99,widx30,explore
0,,,,,P1,80,50,-99,widx30,valid
0,,,,,P1,80,50,-99,widx40,explore
0,,,,,P1,80,50,-99,widx40,valid
198,1.0,0.298,0.732,0.681,P1,80,50,10,Ptop1,explore
102,1.0,0.196,0.642,0.563,P1,80,50,10,Ptop1,valid
199,2.0,0.432,0.68,0.655,P1,80,50,10,Ptop2,explore
104,2.0,0.356,0.685,0.63,P1,80,50,10,Ptop2,valid
199,3.0,0.558,0.713,0.688,P1,80,50,10,Ptop3,explore
104,3.0,0.558,0.969,0.886,P1,80,50,10,Ptop3,valid
199,4.0,0.613,0.652,0.623,P1,80,50,10,Ptop4,explore
104,4.0,0.644,0.872,0.81,P1,80,50,10,Ptop4,valid
199,4.9,0.658,0.596,0.573,P1,80,50,10,Ptop5,explore
104,5.0,0.673,0.756,0.706,P1,80,50,10,Ptop5,valid
199,2.0,0.432,0.657,0.631,P1,80,50,10,Wtop2,explore
104,2.0,0.365,0.798,0.681,P1,80,50,10,Wtop2,valid
199,3.0,0.553,0.709,0.684,P1,80,50,10,Wtop3,explore
104,3.0,0.567,0.958,0.875,P1,80,50,10,Wtop3,valid
199,4.0,0.608,0.649,0.621,P1,80,50,10,Wtop4,explore
104,4.0,0.654,0.877,0.815,P1,80,50,10,Wtop4,valid
197,2.6,0.503,0.662,0.636,P1,80,50,10,pidx30,explore
104,2.5,0.442,0.772,0.681,P1,80,50,10,pidx30,valid
175,1.6,0.411,0.742,0.705,P1,80,50,10,pidx40,explore
91,1.6,0.308,0.727,0.649,P1,80,50,10,pidx40,valid
128,1.1,0.367,0.796,0.725,P1,80,50,10,pidx50,explore
62,1.1,0.177,0.601,0.43,P1,80,50,10,pidx50,valid
57,1.0,0.474,0.869,0.81,P1,80,50,10,pidx60,explore
26,1.0,0.154,0.362,0.262,P1,80,50,10,pidx60,valid
16,1.0,0.438,0.725,0.594,P1,80,50,10,widx20,explore
5,1.0,0.2,0.44,0.0,P1,80,50,10,widx20,valid
1,1.0,1.0,1.8,0.0,P1,80,50,10,widx30,explore
0,,,,,P1,80,50,10,widx30,valid
0,,,,,P1,80,50,10,widx40,explore
0,,,,,P1,80,50,10,widx40,valid
179,1.0,0.274,0.72,0.664,P1,80,50,20,Ptop1,explore
94,1.0,0.191,0.65,0.564,P1,80,50,20,Ptop1,valid
180,2.0,0.422,0.708,0.679,P1,80,50,20,Ptop2,explore
95,2.0,0.337,0.663,0.603,P1,80,50,20,Ptop2,valid
180,3.0,0.539,0.716,0.687,P1,80,50,20,Ptop3,explore
95,3.0,0.537,0.96,0.869,P1,80,50,20,Ptop3,valid
180,4.0,0.6,0.666,0.635,P1,80,50,20,Ptop4,explore
95,4.0,0.632,0.879,0.812,P1,80,50,20,Ptop4,valid
180,4.9,0.65,0.615,0.589,P1,80,50,20,Ptop5,explore
95,5.0,0.663,0.768,0.713,P1,80,50,20,Ptop5,valid
180,2.0,0.422,0.682,0.654,P1,80,50,20,Wtop2,explore
95,2.0,0.347,0.786,0.659,P1,80,50,20,Wtop2,valid
180,3.0,0.544,0.732,0.704,P1,80,50,20,Wtop3,explore
95,3.0,0.558,0.974,0.884,P1,80,50,20,Wtop3,valid
180,4.0,0.594,0.663,0.632,P1,80,50,20,Wtop4,explore
95,4.0,0.642,0.885,0.817,P1,80,50,20,Wtop4,valid
178,2.7,0.494,0.681,0.653,P1,80,50,20,pidx30,explore
95,2.6,0.432,0.764,0.666,P1,80,50,20,pidx30,valid
156,1.6,0.397,0.738,0.698,P1,80,50,20,pidx40,explore
83,1.6,0.289,0.699,0.613,P1,80,50,20,pidx40,valid
109,1.1,0.339,0.789,0.707,P1,80,50,20,pidx50,explore
54,1.1,0.167,0.619,0.421,P1,80,50,20,pidx50,valid
38,1.0,0.447,0.879,0.792,P1,80,50,20,pidx60,explore
18,1.0,0.111,0.278,0.133,P1,80,50,20,pidx60,valid
6,1.0,0.167,0.35,0.0,P1,80,50,20,widx20,explore
3,1.0,0.0,0.0,0.0,P1,80,50,20,widx20,valid
0,,,,,P1,80,50,20,widx30,explore
0,,,,,P1,80,50,20,widx30,valid
0,,,,,P1,80,50,20,widx40,explore
0,,,,,P1,80,50,20,widx40,valid
73,1.0,0.356,0.878,0.815,P1,80,60,-99,Ptop1,explore
30,1.0,0.167,0.57,0.383,P1,80,60,-99,Ptop1,valid
74,2.0,0.486,0.67,0.634,P1,80,60,-99,Ptop2,explore
30,2.0,0.367,0.713,0.573,P1,80,60,-99,Ptop2,valid
74,2.9,0.608,0.764,0.694,P1,80,60,-99,Ptop3,explore
30,3.0,0.567,1.092,0.807,P1,80,60,-99,Ptop3,valid
74,3.9,0.662,0.666,0.593,P1,80,60,-99,Ptop4,explore
30,4.0,0.7,1.042,0.828,P1,80,60,-99,Ptop4,valid
74,4.8,0.703,0.606,0.547,P1,80,60,-99,Ptop5,explore
30,4.9,0.733,0.899,0.724,P1,80,60,-99,Ptop5,valid
74,2.0,0.486,0.681,0.632,P1,80,60,-99,Wtop2,explore
30,2.0,0.367,0.713,0.573,P1,80,60,-99,Wtop2,valid
74,2.9,0.608,0.755,0.685,P1,80,60,-99,Wtop3,explore
30,3.0,0.6,1.212,0.927,P1,80,60,-99,Wtop3,valid
74,3.9,0.662,0.666,0.593,P1,80,60,-99,Wtop4,explore
30,4.0,0.7,1.042,0.828,P1,80,60,-99,Wtop4,valid
72,2.2,0.486,0.598,0.554,P1,80,60,-99,pidx30,explore
30,2.2,0.4,0.849,0.658,P1,80,60,-99,pidx30,valid
56,1.4,0.482,0.821,0.768,P1,80,60,-99,pidx40,explore
22,1.4,0.227,0.481,0.316,P1,80,60,-99,pidx40,valid
35,1.1,0.429,0.78,0.702,P1,80,60,-99,pidx50,explore
13,1.0,0.077,0.108,0.0,P1,80,60,-99,pidx50,valid
16,1.0,0.5,0.881,0.725,P1,80,60,-99,pidx60,explore
4,1.0,0.0,0.0,0.0,P1,80,60,-99,pidx60,valid
0,,,,,P1,80,60,-99,widx20,explore
1,1.0,0.0,0.0,0.0,P1,80,60,-99,widx20,valid
0,,,,,P1,80,60,-99,widx30,explore
0,,,,,P1,80,60,-99,widx30,valid
0,,,,,P1,80,60,-99,widx40,explore
0,,,,,P1,80,60,-99,widx40,valid
73,1.0,0.356,0.878,0.815,P1,80,60,10,Ptop1,explore
30,1.0,0.167,0.57,0.383,P1,80,60,10,Ptop1,valid
74,2.0,0.486,0.67,0.634,P1,80,60,10,Ptop2,explore
30,2.0,0.367,0.713,0.573,P1,80,60,10,Ptop2,valid
74,2.9,0.608,0.764,0.694,P1,80,60,10,Ptop3,explore
30,3.0,0.567,1.092,0.807,P1,80,60,10,Ptop3,valid
74,3.9,0.662,0.666,0.593,P1,80,60,10,Ptop4,explore
30,4.0,0.7,1.042,0.828,P1,80,60,10,Ptop4,valid
74,4.8,0.703,0.606,0.547,P1,80,60,10,Ptop5,explore
30,4.9,0.733,0.899,0.724,P1,80,60,10,Ptop5,valid
74,2.0,0.486,0.681,0.632,P1,80,60,10,Wtop2,explore
30,2.0,0.367,0.713,0.573,P1,80,60,10,Wtop2,valid
74,2.9,0.608,0.755,0.685,P1,80,60,10,Wtop3,explore
30,3.0,0.6,1.212,0.927,P1,80,60,10,Wtop3,valid
74,3.9,0.662,0.666,0.593,P1,80,60,10,Wtop4,explore
30,4.0,0.7,1.042,0.828,P1,80,60,10,Wtop4,valid
72,2.2,0.486,0.598,0.554,P1,80,60,10,pidx30,explore
30,2.2,0.4,0.849,0.658,P1,80,60,10,pidx30,valid
56,1.4,0.482,0.821,0.768,P1,80,60,10,pidx40,explore
22,1.4,0.227,0.481,0.316,P1,80,60,10,pidx40,valid
35,1.1,0.429,0.78,0.702,P1,80,60,10,pidx50,explore
13,1.0,0.077,0.108,0.0,P1,80,60,10,pidx50,valid
16,1.0,0.5,0.881,0.725,P1,80,60,10,pidx60,explore
4,1.0,0.0,0.0,0.0,P1,80,60,10,pidx60,valid
0,,,,,P1,80,60,10,widx20,explore
1,1.0,0.0,0.0,0.0,P1,80,60,10,widx20,valid
0,,,,,P1,80,60,10,widx30,explore
0,,,,,P1,80,60,10,widx30,valid
0,,,,,P1,80,60,10,widx40,explore
0,,,,,P1,80,60,10,widx40,valid
68,1.0,0.353,0.9,0.832,P1,80,60,20,Ptop1,explore
28,1.0,0.179,0.611,0.411,P1,80,60,20,Ptop1,valid
69,2.0,0.493,0.698,0.659,P1,80,60,20,Ptop2,explore
28,2.0,0.393,0.764,0.614,P1,80,60,20,Ptop2,valid
69,2.9,0.609,0.763,0.688,P1,80,60,20,Ptop3,explore
28,3.0,0.536,1.029,0.723,P1,80,60,20,Ptop3,valid
69,3.9,0.667,0.672,0.594,P1,80,60,20,Ptop4,explore
28,4.0,0.679,1.01,0.78,P1,80,60,20,Ptop4,valid
69,4.8,0.71,0.617,0.553,P1,80,60,20,Ptop5,explore
28,4.9,0.714,0.877,0.69,P1,80,60,20,Ptop5,valid
69,2.0,0.493,0.71,0.657,P1,80,60,20,Wtop2,explore
28,2.0,0.393,0.764,0.614,P1,80,60,20,Wtop2,valid
69,2.9,0.609,0.753,0.678,P1,80,60,20,Wtop3,explore
28,3.0,0.607,1.246,0.94,P1,80,60,20,Wtop3,valid
69,3.9,0.667,0.672,0.594,P1,80,60,20,Wtop4,explore
28,4.0,0.679,1.01,0.78,P1,80,60,20,Wtop4,valid
67,2.2,0.493,0.626,0.579,P1,80,60,20,pidx30,explore
28,2.2,0.429,0.89,0.69,P1,80,60,20,pidx30,valid
51,1.5,0.49,0.837,0.78,P1,80,60,20,pidx40,explore
20,1.4,0.25,0.514,0.338,P1,80,60,20,pidx40,valid
30,1.2,0.433,0.809,0.72,P1,80,60,20,pidx50,explore
11,1.0,0.091,0.127,0.0,P1,80,60,20,pidx50,valid
11,1.0,0.545,1.018,0.791,P1,80,60,20,pidx60,explore
2,1.0,0.0,0.0,0.0,P1,80,60,20,pidx60,valid
0,,,,,P1,80,60,20,widx20,explore
1,1.0,0.0,0.0,0.0,P1,80,60,20,widx20,valid
0,,,,,P1,80,60,20,widx30,explore
0,,,,,P1,80,60,20,widx30,valid
0,,,,,P1,80,60,20,widx40,explore
0,,,,,P1,80,60,20,widx40,valid
1701,1.0,0.206,0.74,0.718,W1,0,0,-99,Ptop1,explore
1025,1.0,0.206,0.849,0.817,W1,0,0,-99,Ptop1,valid
1704,2.0,0.343,0.759,0.747,W1,0,0,-99,Ptop2,explore
1029,2.0,0.325,0.766,0.75,W1,0,0,-99,Ptop2,valid
1704,3.0,0.428,0.755,0.743,W1,0,0,-99,Ptop3,explore
1030,3.0,0.422,0.798,0.787,W1,0,0,-99,Ptop3,valid
1704,4.0,0.482,0.724,0.714,W1,0,0,-99,Ptop4,explore
1030,4.0,0.482,0.779,0.765,W1,0,0,-99,Ptop4,valid
1704,5.0,0.525,0.743,0.734,W1,0,0,-99,Ptop5,explore
1030,5.0,0.519,0.74,0.729,W1,0,0,-99,Ptop5,valid
1704,2.0,0.341,0.727,0.716,W1,0,0,-99,Wtop2,explore
1029,2.0,0.328,0.788,0.772,W1,0,0,-99,Wtop2,valid
1704,3.0,0.426,0.748,0.736,W1,0,0,-99,Wtop3,explore
1030,3.0,0.426,0.793,0.783,W1,0,0,-99,Wtop3,valid
1704,4.0,0.486,0.749,0.739,W1,0,0,-99,Wtop4,explore
1030,4.0,0.482,0.771,0.757,W1,0,0,-99,Wtop4,valid
1701,3.0,0.414,0.75,0.738,W1,0,0,-99,pidx30,explore
1029,3.0,0.392,0.705,0.694,W1,0,0,-99,pidx30,valid
1594,1.9,0.336,0.752,0.739,W1,0,0,-99,pidx40,explore
975,1.8,0.308,0.782,0.764,W1,0,0,-99,pidx40,valid
1109,1.3,0.27,0.694,0.684,W1,0,0,-99,pidx50,explore
662,1.3,0.257,0.817,0.786,W1,0,0,-99,pidx50,valid
459,1.1,0.303,0.718,0.704,W1,0,0,-99,pidx60,explore
273,1.1,0.264,0.835,0.759,W1,0,0,-99,pidx60,valid
843,1.1,0.24,0.675,0.659,W1,0,0,-99,widx20,explore
505,1.1,0.242,0.875,0.826,W1,0,0,-99,widx20,valid
109,1.0,0.404,0.885,0.832,W1,0,0,-99,widx30,explore
54,1.0,0.333,0.752,0.643,W1,0,0,-99,widx30,valid
2,1.0,0.5,0.55,0.0,W1,0,0,-99,widx40,explore
0,,,,,W1,0,0,-99,widx40,valid
951,1.0,0.216,0.701,0.685,W1,0,0,10,Ptop1,explore
556,1.0,0.218,0.855,0.81,W1,0,0,10,Ptop1,valid
952,2.0,0.361,0.74,0.724,W1,0,0,10,Ptop2,explore
560,2.0,0.357,0.819,0.797,W1,0,0,10,Ptop2,valid
952,3.0,0.461,0.733,0.722,W1,0,0,10,Ptop3,explore
560,3.0,0.482,0.893,0.873,W1,0,0,10,Ptop3,valid
952,4.0,0.515,0.672,0.664,W1,0,0,10,Ptop4,explore
560,4.0,0.541,0.805,0.791,W1,0,0,10,Ptop4,valid
952,5.0,0.563,0.7,0.684,W1,0,0,10,Ptop5,explore
560,5.0,0.582,0.772,0.758,W1,0,0,10,Ptop5,valid
952,2.0,0.359,0.691,0.681,W1,0,0,10,Wtop2,explore
560,2.0,0.362,0.854,0.824,W1,0,0,10,Wtop2,valid
952,3.0,0.457,0.722,0.713,W1,0,0,10,Wtop3,explore
560,3.0,0.488,0.884,0.864,W1,0,0,10,Wtop3,valid
952,4.0,0.518,0.692,0.683,W1,0,0,10,Wtop4,explore
560,4.0,0.545,0.805,0.79,W1,0,0,10,Wtop4,valid
949,2.8,0.433,0.72,0.706,W1,0,0,10,pidx30,explore
559,2.9,0.424,0.762,0.741,W1,0,0,10,pidx30,valid
852,1.8,0.353,0.764,0.754,W1,0,0,10,pidx40,explore
516,1.7,0.316,0.771,0.743,W1,0,0,10,pidx40,valid
517,1.2,0.294,0.743,0.719,W1,0,0,10,pidx50,explore
301,1.2,0.269,0.815,0.773,W1,0,0,10,pidx50,valid
191,1.0,0.33,0.709,0.676,W1,0,0,10,pidx60,explore
102,1.1,0.284,0.825,0.75,W1,0,0,10,pidx60,valid
260,1.0,0.262,0.625,0.586,W1,0,0,10,widx20,explore
161,1.0,0.255,0.844,0.791,W1,0,0,10,widx20,valid
14,1.0,0.429,0.95,0.743,W1,0,0,10,widx30,explore
11,1.0,0.455,1.073,0.645,W1,0,0,10,widx30,valid
0,,,,,W1,0,0,10,widx40,explore
0,,,,,W1,0,0,10,widx40,valid
492,1.0,0.209,0.667,0.636,W1,0,0,20,Ptop1,explore
276,1.0,0.221,0.932,0.875,W1,0,0,20,Ptop1,valid
493,2.0,0.373,0.757,0.739,W1,0,0,20,Ptop2,explore
278,2.0,0.338,0.756,0.727,W1,0,0,20,Ptop2,valid
493,3.0,0.479,0.725,0.713,W1,0,0,20,Ptop3,explore
278,3.0,0.511,0.971,0.931,W1,0,0,20,Ptop3,valid
493,4.0,0.538,0.692,0.676,W1,0,0,20,Ptop4,explore
278,4.0,0.59,0.883,0.853,W1,0,0,20,Ptop4,valid
493,4.9,0.586,0.666,0.649,W1,0,0,20,Ptop5,explore
278,5.0,0.626,0.781,0.757,W1,0,0,20,Ptop5,valid
493,2.0,0.375,0.72,0.702,W1,0,0,20,Wtop2,explore
278,2.0,0.36,0.866,0.805,W1,0,0,20,Wtop2,valid
493,3.0,0.485,0.754,0.738,W1,0,0,20,Wtop3,explore
278,3.0,0.529,0.983,0.943,W1,0,0,20,Wtop3,valid
493,4.0,0.535,0.688,0.671,W1,0,0,20,Wtop4,explore
278,4.0,0.594,0.886,0.856,W1,0,0,20,Wtop4,valid
490,2.8,0.439,0.714,0.69,W1,0,0,20,pidx30,explore
277,2.8,0.426,0.786,0.743,W1,0,0,20,pidx30,valid
406,1.8,0.365,0.787,0.765,W1,0,0,20,pidx40,explore
246,1.6,0.305,0.826,0.787,W1,0,0,20,pidx40,valid
213,1.2,0.315,0.841,0.782,W1,0,0,20,pidx50,explore
121,1.2,0.207,0.863,0.753,W1,0,0,20,pidx50,valid
61,1.0,0.344,0.708,0.653,W1,0,0,20,pidx60,explore
25,1.0,0.2,0.732,0.516,W1,0,0,20,pidx60,valid
53,1.0,0.226,0.662,0.475,W1,0,0,20,widx20,explore
32,1.0,0.219,0.859,0.675,W1,0,0,20,widx20,valid
2,1.0,0.0,0.0,0.0,W1,0,0,20,widx30,explore
0,,,,,W1,0,0,20,widx30,valid
0,,,,,W1,0,0,20,widx40,explore
0,,,,,W1,0,0,20,widx40,valid
1371,1.0,0.232,0.75,0.738,W1,0,30,-99,Ptop1,explore
798,1.0,0.236,0.892,0.86,W1,0,30,-99,Ptop1,valid
1374,2.0,0.376,0.779,0.768,W1,0,30,-99,Ptop2,explore
802,2.0,0.36,0.791,0.775,W1,0,30,-99,Ptop2,valid
1374,3.0,0.468,0.786,0.771,W1,0,30,-99,Ptop3,explore
802,3.0,0.465,0.822,0.808,W1,0,30,-99,Ptop3,valid
1374,4.0,0.52,0.742,0.729,W1,0,30,-99,Ptop4,explore
802,4.0,0.526,0.794,0.776,W1,0,30,-99,Ptop4,valid
1374,5.0,0.566,0.759,0.748,W1,0,30,-99,Ptop5,explore
802,5.0,0.565,0.755,0.741,W1,0,30,-99,Ptop5,valid
1374,2.0,0.376,0.747,0.74,W1,0,30,-99,Wtop2,explore
802,2.0,0.364,0.822,0.802,W1,0,30,-99,Wtop2,valid
1374,3.0,0.464,0.777,0.762,W1,0,30,-99,Wtop3,explore
802,3.0,0.47,0.82,0.806,W1,0,30,-99,Wtop3,valid
1374,4.0,0.523,0.76,0.748,W1,0,30,-99,Wtop4,explore
802,4.0,0.531,0.799,0.781,W1,0,30,-99,Wtop4,valid
1371,2.8,0.441,0.763,0.747,W1,0,30,-99,pidx30,explore
801,2.9,0.424,0.738,0.723,W1,0,30,-99,pidx30,valid
1280,1.8,0.363,0.772,0.765,W1,0,30,-99,pidx40,explore
763,1.8,0.33,0.786,0.766,W1,0,30,-99,pidx40,valid
925,1.3,0.302,0.772,0.759,W1,0,30,-99,pidx50,explore
545,1.2,0.277,0.851,0.812,W1,0,30,-99,pidx50,valid
426,1.1,0.322,0.76,0.745,W1,0,30,-99,pidx60,explore
248,1.1,0.274,0.823,0.738,W1,0,30,-99,pidx60,valid
645,1.1,0.285,0.793,0.772,W1,0,30,-99,widx20,explore
376,1.1,0.274,0.94,0.874,W1,0,30,-99,widx20,valid
109,1.0,0.404,0.885,0.832,W1,0,30,-99,widx30,explore
54,1.0,0.333,0.752,0.643,W1,0,30,-99,widx30,valid
2,1.0,0.5,0.55,0.0,W1,0,30,-99,widx40,explore
0,,,,,W1,0,30,-99,widx40,valid
909,1.0,0.22,0.708,0.691,W1,0,30,10,Ptop1,explore
524,1.0,0.225,0.886,0.838,W1,0,30,10,Ptop1,valid
910,2.0,0.366,0.741,0.725,W1,0,30,10,Ptop2,explore
528,2.0,0.367,0.834,0.81,W1,0,30,10,Ptop2,valid
910,3.0,0.468,0.738,0.727,W1,0,30,10,Ptop3,explore
528,3.0,0.494,0.909,0.888,W1,0,30,10,Ptop3,valid
910,4.0,0.522,0.679,0.67,W1,0,30,10,Ptop4,explore
528,4.0,0.557,0.825,0.809,W1,0,30,10,Ptop4,valid
910,5.0,0.57,0.707,0.69,W1,0,30,10,Ptop5,explore
528,5.0,0.598,0.792,0.778,W1,0,30,10,Ptop5,valid
910,2.0,0.365,0.692,0.682,W1,0,30,10,Wtop2,explore
528,2.0,0.373,0.871,0.84,W1,0,30,10,Wtop2,valid
910,3.0,0.464,0.727,0.718,W1,0,30,10,Wtop3,explore
528,3.0,0.5,0.898,0.877,W1,0,30,10,Wtop3,valid
910,4.0,0.524,0.696,0.687,W1,0,30,10,Wtop4,explore
528,4.0,0.561,0.824,0.809,W1,0,30,10,Wtop4,valid
907,2.8,0.439,0.732,0.717,W1,0,30,10,pidx30,explore
527,2.9,0.436,0.787,0.765,W1,0,30,10,pidx30,valid
817,1.8,0.359,0.77,0.759,W1,0,30,10,pidx40,explore
490,1.7,0.318,0.769,0.739,W1,0,30,10,pidx40,valid
503,1.2,0.298,0.756,0.731,W1,0,30,10,pidx50,explore
295,1.2,0.271,0.813,0.769,W1,0,30,10,pidx50,valid
190,1.0,0.332,0.713,0.68,W1,0,30,10,pidx60,explore
101,1.1,0.277,0.756,0.701,W1,0,30,10,pidx60,valid
245,1.0,0.269,0.641,0.6,W1,0,30,10,widx20,explore
147,1.0,0.265,0.815,0.776,W1,0,30,10,widx20,valid
14,1.0,0.429,0.95,0.743,W1,0,30,10,widx30,explore
11,1.0,0.455,1.073,0.645,W1,0,30,10,widx30,valid
0,,,,,W1,0,30,10,widx40,explore
0,,,,,W1,0,30,10,widx40,valid
488,1.0,0.209,0.666,0.634,W1,0,30,20,Ptop1,explore
274,1.0,0.223,0.939,0.881,W1,0,30,20,Ptop1,valid
489,2.0,0.374,0.76,0.741,W1,0,30,20,Ptop2,explore
276,2.0,0.341,0.761,0.732,W1,0,30,20,Ptop2,valid
489,3.0,0.481,0.729,0.717,W1,0,30,20,Ptop3,explore
276,3.0,0.514,0.978,0.937,W1,0,30,20,Ptop3,valid
489,4.0,0.54,0.696,0.68,W1,0,30,20,Ptop4,explore
276,4.0,0.594,0.89,0.86,W1,0,30,20,Ptop4,valid
489,4.9,0.589,0.67,0.653,W1,0,30,20,Ptop5,explore
276,5.0,0.63,0.787,0.763,W1,0,30,20,Ptop5,valid
489,2.0,0.376,0.723,0.704,W1,0,30,20,Wtop2,explore
276,2.0,0.362,0.872,0.811,W1,0,30,20,Wtop2,valid
489,3.0,0.487,0.758,0.742,W1,0,30,20,Wtop3,explore
276,3.0,0.533,0.99,0.95,W1,0,30,20,Wtop3,valid
489,4.0,0.538,0.692,0.675,W1,0,30,20,Wtop4,explore
276,4.0,0.598,0.893,0.863,W1,0,30,20,Wtop4,valid
486,2.8,0.44,0.718,0.694,W1,0,30,20,pidx30,explore
275,2.8,0.429,0.795,0.752,W1,0,30,20,pidx30,valid
404,1.8,0.364,0.787,0.765,W1,0,30,20,pidx40,explore
244,1.6,0.307,0.832,0.792,W1,0,30,20,pidx40,valid
212,1.2,0.311,0.832,0.773,W1,0,30,20,pidx50,explore
120,1.2,0.208,0.869,0.758,W1,0,30,20,pidx50,valid
61,1.0,0.344,0.708,0.653,W1,0,30,20,pidx60,explore
25,1.0,0.2,0.732,0.516,W1,0,30,20,pidx60,valid
52,1.0,0.231,0.674,0.483,W1,0,30,20,widx20,explore
30,1.0,0.233,0.917,0.72,W1,0,30,20,widx20,valid
2,1.0,0.0,0.0,0.0,W1,0,30,20,widx30,explore
0,,,,,W1,0,30,20,widx30,valid
0,,,,,W1,0,30,20,widx40,explore
0,,,,,W1,0,30,20,widx40,valid
737,1.0,0.244,0.646,0.626,W1,0,40,-99,Ptop1,explore
436,1.0,0.271,0.973,0.922,W1,0,40,-99,Ptop1,valid
739,2.0,0.398,0.692,0.68,W1,0,40,-99,Ptop2,explore
440,2.0,0.402,0.835,0.809,W1,0,40,-99,Ptop2,valid
739,3.0,0.516,0.752,0.74,W1,0,40,-99,Ptop3,explore
440,3.0,0.532,0.924,0.899,W1,0,40,-99,Ptop3,valid
739,4.0,0.574,0.711,0.7,W1,0,40,-99,Ptop4,explore
440,4.0,0.6,0.857,0.837,W1,0,40,-99,Ptop4,valid
739,4.9,0.622,0.698,0.682,W1,0,40,-99,Ptop5,explore
440,5.0,0.643,0.818,0.8,W1,0,40,-99,Ptop5,valid
739,2.0,0.402,0.691,0.679,W1,0,40,-99,Wtop2,explore
440,2.0,0.407,0.886,0.848,W1,0,40,-99,Wtop2,valid
739,3.0,0.516,0.757,0.746,W1,0,40,-99,Wtop3,explore
440,3.0,0.539,0.917,0.891,W1,0,40,-99,Wtop3,valid
739,4.0,0.578,0.725,0.714,W1,0,40,-99,Wtop4,explore
440,4.0,0.6,0.85,0.829,W1,0,40,-99,Wtop4,valid
736,2.6,0.466,0.722,0.705,W1,0,40,-99,pidx30,explore
439,2.7,0.462,0.811,0.782,W1,0,40,-99,pidx30,valid
663,1.7,0.382,0.748,0.734,W1,0,40,-99,pidx40,explore
409,1.6,0.355,0.848,0.814,W1,0,40,-99,pidx40,valid
458,1.2,0.332,0.797,0.769,W1,0,40,-99,pidx50,explore
279,1.2,0.297,0.907,0.839,W1,0,40,-99,pidx50,valid
217,1.0,0.341,0.699,0.674,W1,0,40,-99,pidx60,explore
127,1.0,0.299,0.942,0.772,W1,0,40,-99,pidx60,valid
230,1.0,0.326,0.694,0.67,W1,0,40,-99,widx20,explore
141,1.0,0.333,1.031,0.875,W1,0,40,-99,widx20,valid
33,1.0,0.515,0.888,0.818,W1,0,40,-99,widx30,explore
20,1.0,0.45,0.87,0.635,W1,0,40,-99,widx30,valid
2,1.0,0.5,0.55,0.0,W1,0,40,-99,widx40,explore
0,,,,,W1,0,40,-99,widx40,valid
656,1.0,0.241,0.655,0.632,W1,0,40,10,Ptop1,explore
374,1.0,0.257,0.936,0.894,W1,0,40,10,Ptop1,valid
657,2.0,0.397,0.697,0.684,W1,0,40,10,Ptop2,explore
378,2.0,0.397,0.836,0.815,W1,0,40,10,Ptop2,valid
657,3.0,0.516,0.748,0.735,W1,0,40,10,Ptop3,explore
378,3.0,0.545,0.982,0.952,W1,0,40,10,Ptop3,valid
657,4.0,0.575,0.706,0.694,W1,0,40,10,Ptop4,explore
378,4.0,0.616,0.89,0.868,W1,0,40,10,Ptop4,valid
657,4.9,0.626,0.699,0.681,W1,0,40,10,Ptop5,explore
378,5.0,0.661,0.85,0.83,W1,0,40,10,Ptop5,valid
657,2.0,0.403,0.7,0.687,W1,0,40,10,Wtop2,explore
378,2.0,0.405,0.904,0.86,W1,0,40,10,Wtop2,valid
657,3.0,0.519,0.768,0.756,W1,0,40,10,Wtop3,explore
378,3.0,0.553,0.973,0.943,W1,0,40,10,Wtop3,valid
657,4.0,0.578,0.716,0.704,W1,0,40,10,Wtop4,explore
378,4.0,0.616,0.881,0.859,W1,0,40,10,Wtop4,valid
654,2.7,0.472,0.739,0.721,W1,0,40,10,pidx30,explore
377,2.7,0.464,0.832,0.799,W1,0,40,10,pidx30,valid
582,1.7,0.385,0.755,0.74,W1,0,40,10,pidx40,explore
347,1.6,0.343,0.822,0.793,W1,0,40,10,pidx40,valid
378,1.2,0.336,0.802,0.768,W1,0,40,10,pidx50,explore
220,1.2,0.286,0.879,0.818,W1,0,40,10,pidx50,valid
159,1.0,0.358,0.724,0.69,W1,0,40,10,pidx60,explore
85,1.0,0.282,0.823,0.755,W1,0,40,10,pidx60,valid
152,1.0,0.342,0.719,0.683,W1,0,40,10,widx20,explore
88,1.0,0.33,0.998,0.93,W1,0,40,10,widx20,valid
7,1.0,0.571,1.086,0.757,W1,0,40,10,widx30,explore
9,1.0,0.556,1.311,0.789,W1,0,40,10,widx30,valid
0,,,,,W1,0,40,10,widx40,explore
0,,,,,W1,0,40,10,widx40,valid
439,1.0,0.223,0.673,0.638,W1,0,40,20,Ptop1,explore
251,1.0,0.239,0.996,0.932,W1,0,40,20,Ptop1,valid
440,2.0,0.391,0.735,0.715,W1,0,40,20,Ptop2,explore
253,2.0,0.352,0.77,0.738,W1,0,40,20,Ptop2,valid
440,3.0,0.505,0.725,0.712,W1,0,40,20,Ptop3,explore
253,3.0,0.526,0.993,0.949,W1,0,40,20,Ptop3,valid
440,4.0,0.566,0.703,0.685,W1,0,40,20,Ptop4,explore
253,4.0,0.601,0.89,0.857,W1,0,40,20,Ptop4,valid
440,4.9,0.618,0.678,0.659,W1,0,40,20,Ptop5,explore
253,5.0,0.64,0.794,0.767,W1,0,40,20,Ptop5,valid
440,2.0,0.398,0.732,0.712,W1,0,40,20,Wtop2,explore
253,2.0,0.372,0.896,0.83,W1,0,40,20,Wtop2,valid
440,3.0,0.511,0.758,0.74,W1,0,40,20,Wtop3,explore
253,3.0,0.545,1.015,0.971,W1,0,40,20,Wtop3,valid
440,4.0,0.566,0.704,0.685,W1,0,40,20,Wtop4,explore
253,4.0,0.605,0.893,0.86,W1,0,40,20,Wtop4,valid
437,2.7,0.462,0.733,0.705,W1,0,40,20,pidx30,explore
252,2.7,0.433,0.803,0.754,W1,0,40,20,pidx30,valid
367,1.7,0.381,0.778,0.754,W1,0,40,20,pidx40,explore
224,1.6,0.317,0.858,0.814,W1,0,40,20,pidx40,valid
198,1.2,0.328,0.858,0.795,W1,0,40,20,pidx50,explore
112,1.2,0.223,0.935,0.815,W1,0,40,20,pidx50,valid
60,1.0,0.35,0.72,0.664,W1,0,40,20,pidx60,explore
25,1.0,0.2,0.732,0.516,W1,0,40,20,pidx60,valid
36,1.0,0.278,0.595,0.481,W1,0,40,20,widx20,explore
23,1.0,0.304,1.196,0.939,W1,0,40,20,widx20,valid
2,1.0,0.0,0.0,0.0,W1,0,40,20,widx30,explore
0,,,,,W1,0,40,20,widx30,valid
0,,,,,W1,0,40,20,widx40,explore
0,,,,,W1,0,40,20,widx40,valid
311,1.0,0.296,0.699,0.667,W1,0,50,-99,Ptop1,explore
163,1.0,0.233,0.714,0.664,W1,0,50,-99,Ptop1,valid
312,2.0,0.446,0.689,0.672,W1,0,50,-99,Ptop2,explore
165,2.0,0.388,0.697,0.662,W1,0,50,-99,Ptop2,valid
312,3.0,0.564,0.738,0.718,W1,0,50,-99,Ptop3,explore
165,3.0,0.582,0.931,0.878,W1,0,50,-99,Ptop3,valid
312,4.0,0.619,0.675,0.657,W1,0,50,-99,Ptop4,explore
165,4.0,0.648,0.837,0.798,W1,0,50,-99,Ptop4,valid
312,4.9,0.66,0.611,0.596,W1,0,50,-99,Ptop5,explore
165,5.0,0.679,0.727,0.696,W1,0,50,-99,Ptop5,valid
312,2.0,0.439,0.653,0.637,W1,0,50,-99,Wtop2,explore
165,2.0,0.406,0.795,0.722,W1,0,50,-99,Wtop2,valid
312,3.0,0.558,0.732,0.712,W1,0,50,-99,Wtop3,explore
165,3.0,0.582,0.914,0.862,W1,0,50,-99,Wtop3,valid
312,4.0,0.615,0.673,0.655,W1,0,50,-99,Wtop4,explore
165,4.0,0.655,0.84,0.801,W1,0,50,-99,Wtop4,valid
309,2.4,0.479,0.671,0.653,W1,0,50,-99,pidx30,explore
164,2.4,0.445,0.731,0.67,W1,0,50,-99,pidx30,valid
255,1.5,0.42,0.803,0.775,W1,0,50,-99,pidx40,explore
140,1.5,0.329,0.742,0.687,W1,0,50,-99,pidx40,valid
161,1.1,0.398,0.824,0.766,W1,0,50,-99,pidx50,explore
78,1.1,0.231,0.608,0.473,W1,0,50,-99,pidx50,valid
63,1.0,0.492,0.883,0.83,W1,0,50,-99,pidx60,explore
28,1.0,0.179,0.375,0.282,W1,0,50,-99,pidx60,valid
45,1.0,0.444,0.707,0.653,W1,0,50,-99,widx20,explore
16,1.0,0.438,1.012,0.65,W1,0,50,-99,widx20,valid
3,1.0,1.0,1.8,1.067,W1,0,50,-99,widx30,explore
2,1.0,1.0,1.05,0.5,W1,0,50,-99,widx30,valid
0,,,,,W1,0,50,-99,widx40,explore
0,,,,,W1,0,50,-99,widx40,valid
308,1.0,0.292,0.697,0.664,W1,0,50,10,Ptop1,explore
162,1.0,0.235,0.719,0.669,W1,0,50,10,Ptop1,valid
309,2.0,0.443,0.691,0.674,W1,0,50,10,Ptop2,explore
164,2.0,0.384,0.69,0.654,W1,0,50,10,Ptop2,valid
309,3.0,0.563,0.742,0.722,W1,0,50,10,Ptop3,explore
164,3.0,0.579,0.928,0.876,W1,0,50,10,Ptop3,valid
309,4.0,0.618,0.679,0.661,W1,0,50,10,Ptop4,explore
164,4.0,0.646,0.836,0.797,W1,0,50,10,Ptop4,valid
309,4.9,0.66,0.615,0.6,W1,0,50,10,Ptop5,explore
164,5.0,0.677,0.727,0.695,W1,0,50,10,Ptop5,valid
309,2.0,0.437,0.655,0.638,W1,0,50,10,Wtop2,explore
164,2.0,0.402,0.788,0.714,W1,0,50,10,Wtop2,valid
309,3.0,0.557,0.736,0.715,W1,0,50,10,Wtop3,explore
164,3.0,0.579,0.911,0.859,W1,0,50,10,Wtop3,valid
309,4.0,0.615,0.677,0.659,W1,0,50,10,Wtop4,explore
164,4.0,0.652,0.839,0.8,W1,0,50,10,Wtop4,valid
306,2.4,0.477,0.672,0.654,W1,0,50,10,pidx30,explore
163,2.4,0.442,0.725,0.663,W1,0,50,10,pidx30,valid
252,1.5,0.417,0.804,0.776,W1,0,50,10,pidx40,explore
139,1.5,0.331,0.745,0.691,W1,0,50,10,pidx40,valid
158,1.1,0.392,0.821,0.763,W1,0,50,10,pidx50,explore
77,1.1,0.234,0.615,0.479,W1,0,50,10,pidx50,valid
61,1.0,0.492,0.887,0.832,W1,0,50,10,pidx60,explore
28,1.0,0.179,0.375,0.282,W1,0,50,10,pidx60,valid
42,1.0,0.429,0.688,0.631,W1,0,50,10,widx20,explore
15,1.0,0.467,1.08,0.693,W1,0,50,10,widx20,valid
2,1.0,1.0,2.0,0.9,W1,0,50,10,widx30,explore
2,1.0,1.0,1.05,0.5,W1,0,50,10,widx30,valid
0,,,,,W1,0,50,10,widx40,explore
0,,,,,W1,0,50,10,widx40,valid
266,1.0,0.256,0.671,0.633,W1,0,50,20,Ptop1,explore
145,1.0,0.228,0.748,0.692,W1,0,50,20,Ptop1,valid
267,2.0,0.427,0.722,0.703,W1,0,50,20,Ptop2,explore
146,2.0,0.377,0.706,0.667,W1,0,50,20,Ptop2,valid
267,3.0,0.543,0.747,0.728,W1,0,50,20,Ptop3,explore
146,3.0,0.582,0.97,0.911,W1,0,50,20,Ptop3,valid
267,4.0,0.599,0.681,0.66,W1,0,50,20,Ptop4,explore
146,4.0,0.658,0.885,0.84,W1,0,50,20,Ptop4,valid
267,4.9,0.648,0.626,0.609,W1,0,50,20,Ptop5,explore
146,5.0,0.692,0.773,0.737,W1,0,50,20,Ptop5,valid
267,2.0,0.419,0.68,0.661,W1,0,50,20,Wtop2,explore
146,2.0,0.397,0.816,0.734,W1,0,50,20,Wtop2,valid
267,3.0,0.543,0.753,0.734,W1,0,50,20,Wtop3,explore
146,3.0,0.589,0.968,0.909,W1,0,50,20,Wtop3,valid
267,4.0,0.596,0.68,0.659,W1,0,50,20,Wtop4,explore
146,4.0,0.664,0.888,0.844,W1,0,50,20,Wtop4,valid
264,2.4,0.466,0.693,0.672,W1,0,50,20,pidx30,explore
145,2.5,0.441,0.738,0.671,W1,0,50,20,pidx30,valid
210,1.5,0.395,0.806,0.774,W1,0,50,20,pidx40,explore
122,1.5,0.32,0.751,0.689,W1,0,50,20,pidx40,valid
121,1.1,0.347,0.809,0.735,W1,0,50,20,pidx50,explore
62,1.1,0.21,0.644,0.475,W1,0,50,20,pidx50,valid
38,1.0,0.447,0.879,0.792,W1,0,50,20,pidx60,explore
18,1.0,0.111,0.278,0.133,W1,0,50,20,pidx60,valid
15,1.0,0.267,0.5,0.36,W1,0,50,20,widx20,explore
8,1.0,0.375,1.312,0.588,W1,0,50,20,widx20,valid
0,,,,,W1,0,50,20,widx30,explore
0,,,,,W1,0,50,20,widx30,valid
0,,,,,W1,0,50,20,widx40,explore
0,,,,,W1,0,50,20,widx40,valid
98,1.0,0.306,0.727,0.68,W1,0,60,-99,Ptop1,explore
37,1.0,0.189,0.589,0.438,W1,0,60,-99,Ptop1,valid
99,2.0,0.485,0.662,0.635,W1,0,60,-99,Ptop2,explore
37,2.0,0.405,0.807,0.673,W1,0,60,-99,Ptop2,valid
99,3.0,0.606,0.771,0.719,W1,0,60,-99,Ptop3,explore
37,3.0,0.622,1.188,0.957,W1,0,60,-99,Ptop3,valid
99,3.9,0.667,0.702,0.648,W1,0,60,-99,Ptop4,explore
37,4.0,0.73,1.079,0.904,W1,0,60,-99,Ptop4,valid
99,4.9,0.717,0.646,0.602,W1,0,60,-99,Ptop5,explore
37,4.9,0.757,0.915,0.773,W1,0,60,-99,Ptop5,valid
99,2.0,0.475,0.643,0.607,W1,0,60,-99,Wtop2,explore
37,2.0,0.405,0.832,0.673,W1,0,60,-99,Wtop2,valid
99,2.9,0.616,0.809,0.757,W1,0,60,-99,Wtop3,explore
37,3.0,0.622,1.241,1.01,W1,0,60,-99,Wtop3,valid
99,3.9,0.667,0.702,0.648,W1,0,60,-99,Wtop4,explore
37,4.0,0.73,1.079,0.904,W1,0,60,-99,Wtop4,valid
96,2.1,0.458,0.593,0.557,W1,0,60,-99,pidx30,explore
37,2.0,0.378,0.799,0.633,W1,0,60,-99,pidx30,valid
68,1.4,0.456,0.795,0.749,W1,0,60,-99,pidx40,explore
28,1.3,0.214,0.459,0.322,W1,0,60,-99,pidx40,valid
36,1.1,0.444,0.793,0.717,W1,0,60,-99,pidx50,explore
13,1.0,0.077,0.108,0.0,W1,0,60,-99,pidx50,valid
16,1.0,0.5,0.881,0.725,W1,0,60,-99,pidx60,explore
4,1.0,0.0,0.0,0.0,W1,0,60,-99,pidx60,valid
0,,,,,W1,0,60,-99,widx20,explore
2,1.0,0.0,0.0,0.0,W1,0,60,-99,widx20,valid
0,,,,,W1,0,60,-99,widx30,explore
0,,,,,W1,0,60,-99,widx30,valid
0,,,,,W1,0,60,-99,widx40,explore
0,,,,,W1,0,60,-99,widx40,valid
98,1.0,0.306,0.727,0.68,W1,0,60,10,Ptop1,explore
37,1.0,0.189,0.589,0.438,W1,0,60,10,Ptop1,valid
99,2.0,0.485,0.662,0.635,W1,0,60,10,Ptop2,explore
37,2.0,0.405,0.807,0.673,W1,0,60,10,Ptop2,valid
99,3.0,0.606,0.771,0.719,W1,0,60,10,Ptop3,explore
37,3.0,0.622,1.188,0.957,W1,0,60,10,Ptop3,valid
99,3.9,0.667,0.702,0.648,W1,0,60,10,Ptop4,explore
37,4.0,0.73,1.079,0.904,W1,0,60,10,Ptop4,valid
99,4.9,0.717,0.646,0.602,W1,0,60,10,Ptop5,explore
37,4.9,0.757,0.915,0.773,W1,0,60,10,Ptop5,valid
99,2.0,0.475,0.643,0.607,W1,0,60,10,Wtop2,explore
37,2.0,0.405,0.832,0.673,W1,0,60,10,Wtop2,valid
99,2.9,0.616,0.809,0.757,W1,0,60,10,Wtop3,explore
37,3.0,0.622,1.241,1.01,W1,0,60,10,Wtop3,valid
99,3.9,0.667,0.702,0.648,W1,0,60,10,Wtop4,explore
37,4.0,0.73,1.079,0.904,W1,0,60,10,Wtop4,valid
96,2.1,0.458,0.593,0.557,W1,0,60,10,pidx30,explore
37,2.0,0.378,0.799,0.633,W1,0,60,10,pidx30,valid
68,1.4,0.456,0.795,0.749,W1,0,60,10,pidx40,explore
28,1.3,0.214,0.459,0.322,W1,0,60,10,pidx40,valid
36,1.1,0.444,0.793,0.717,W1,0,60,10,pidx50,explore
13,1.0,0.077,0.108,0.0,W1,0,60,10,pidx50,valid
16,1.0,0.5,0.881,0.725,W1,0,60,10,pidx60,explore
4,1.0,0.0,0.0,0.0,W1,0,60,10,pidx60,valid
0,,,,,W1,0,60,10,widx20,explore
2,1.0,0.0,0.0,0.0,W1,0,60,10,widx20,valid
0,,,,,W1,0,60,10,widx30,explore
0,,,,,W1,0,60,10,widx30,valid
0,,,,,W1,0,60,10,widx40,explore
0,,,,,W1,0,60,10,widx40,valid
93,1.0,0.301,0.734,0.685,W1,0,60,20,Ptop1,explore
35,1.0,0.2,0.623,0.463,W1,0,60,20,Ptop1,valid
94,2.0,0.489,0.682,0.653,W1,0,60,20,Ptop2,explore
35,2.0,0.429,0.853,0.711,W1,0,60,20,Ptop2,valid
94,3.0,0.606,0.77,0.715,W1,0,60,20,Ptop3,explore
35,3.0,0.6,1.143,0.898,W1,0,60,20,Ptop3,valid
94,3.9,0.67,0.708,0.651,W1,0,60,20,Ptop4,explore
35,4.0,0.714,1.055,0.871,W1,0,60,20,Ptop4,valid
94,4.9,0.723,0.656,0.61,W1,0,60,20,Ptop5,explore
35,4.9,0.743,0.899,0.749,W1,0,60,20,Ptop5,valid
94,2.0,0.479,0.662,0.624,W1,0,60,20,Wtop2,explore
35,2.0,0.429,0.88,0.711,W1,0,60,20,Wtop2,valid
94,2.9,0.617,0.81,0.755,W1,0,60,20,Wtop3,explore
35,3.0,0.629,1.27,1.026,W1,0,60,20,Wtop3,valid
94,3.9,0.67,0.708,0.651,W1,0,60,20,Wtop4,explore
35,4.0,0.714,1.055,0.871,W1,0,60,20,Wtop4,valid
91,2.1,0.462,0.615,0.577,W1,0,60,20,pidx30,explore
35,2.1,0.4,0.832,0.66,W1,0,60,20,pidx30,valid
63,1.4,0.46,0.807,0.758,W1,0,60,20,pidx40,explore
26,1.3,0.231,0.486,0.34,W1,0,60,20,pidx40,valid
31,1.2,0.452,0.822,0.736,W1,0,60,20,pidx50,explore
11,1.0,0.091,0.127,0.0,W1,0,60,20,pidx50,valid
11,1.0,0.545,1.018,0.791,W1,0,60,20,pidx60,explore
2,1.0,0.0,0.0,0.0,W1,0,60,20,pidx60,valid
0,,,,,W1,0,60,20,widx20,explore
2,1.0,0.0,0.0,0.0,W1,0,60,20,widx20,valid
0,,,,,W1,0,60,20,widx30,explore
0,,,,,W1,0,60,20,widx30,valid
0,,,,,W1,0,60,20,widx40,explore
0,,,,,W1,0,60,20,widx40,valid
1598,1.0,0.209,0.676,0.666,W1,50,0,-99,Ptop1,explore
951,1.0,0.215,0.852,0.818,W1,50,0,-99,Ptop1,valid
1601,2.0,0.351,0.739,0.73,W1,50,0,-99,Ptop2,explore
955,2.0,0.339,0.788,0.771,W1,50,0,-99,Ptop2,valid
1601,3.0,0.439,0.746,0.733,W1,50,0,-99,Ptop3,explore
956,3.0,0.441,0.828,0.817,W1,50,0,-99,Ptop3,valid
1601,4.0,0.492,0.714,0.703,W1,50,0,-99,Ptop4,explore
956,4.0,0.504,0.815,0.799,W1,50,0,-99,Ptop4,valid
1601,5.0,0.536,0.743,0.733,W1,50,0,-99,Ptop5,explore
956,5.0,0.543,0.771,0.759,W1,50,0,-99,Ptop5,valid
1601,2.0,0.349,0.708,0.701,W1,50,0,-99,Wtop2,explore
955,2.0,0.342,0.811,0.793,W1,50,0,-99,Wtop2,valid
1601,3.0,0.436,0.741,0.728,W1,50,0,-99,Wtop3,explore
956,3.0,0.447,0.826,0.815,W1,50,0,-99,Wtop3,valid
1601,4.0,0.495,0.739,0.729,W1,50,0,-99,Wtop4,explore
956,4.0,0.504,0.805,0.79,W1,50,0,-99,Wtop4,valid
1598,2.9,0.423,0.741,0.728,W1,50,0,-99,pidx30,explore
955,3.0,0.408,0.737,0.725,W1,50,0,-99,pidx30,valid
1502,1.9,0.344,0.731,0.725,W1,50,0,-99,pidx40,explore
914,1.8,0.319,0.802,0.783,W1,50,0,-99,pidx40,valid
1080,1.3,0.274,0.707,0.696,W1,50,0,-99,pidx50,explore
640,1.3,0.261,0.823,0.791,W1,50,0,-99,pidx50,valid
457,1.1,0.304,0.722,0.708,W1,50,0,-99,pidx60,explore
272,1.1,0.265,0.838,0.762,W1,50,0,-99,pidx60,valid
807,1.1,0.245,0.689,0.673,W1,50,0,-99,widx20,explore
480,1.1,0.246,0.899,0.848,W1,50,0,-99,widx20,valid
107,1.0,0.402,0.886,0.832,W1,50,0,-99,widx30,explore
52,1.0,0.346,0.781,0.667,W1,50,0,-99,widx30,valid
2,1.0,0.5,0.55,0.0,W1,50,0,-99,widx40,explore
0,,,,,W1,50,0,-99,widx40,valid
949,1.0,0.216,0.703,0.686,W1,50,0,10,Ptop1,explore
553,1.0,0.219,0.86,0.814,W1,50,0,10,Ptop1,valid
950,2.0,0.361,0.738,0.722,W1,50,0,10,Ptop2,explore
557,2.0,0.359,0.824,0.801,W1,50,0,10,Ptop2,valid
950,3.0,0.461,0.732,0.722,W1,50,0,10,Ptop3,explore
557,3.0,0.483,0.895,0.875,W1,50,0,10,Ptop3,valid
950,4.0,0.515,0.672,0.664,W1,50,0,10,Ptop4,explore
557,4.0,0.542,0.808,0.793,W1,50,0,10,Ptop4,valid
950,5.0,0.563,0.7,0.684,W1,50,0,10,Ptop5,explore
557,5.0,0.583,0.774,0.76,W1,50,0,10,Ptop5,valid
950,2.0,0.359,0.689,0.679,W1,50,0,10,Wtop2,explore
557,2.0,0.364,0.859,0.829,W1,50,0,10,Wtop2,valid
950,3.0,0.457,0.721,0.713,W1,50,0,10,Wtop3,explore
557,3.0,0.488,0.886,0.866,W1,50,0,10,Wtop3,valid
950,4.0,0.518,0.691,0.683,W1,50,0,10,Wtop4,explore
557,4.0,0.546,0.807,0.792,W1,50,0,10,Wtop4,valid
947,2.8,0.434,0.722,0.708,W1,50,0,10,pidx30,explore
556,2.9,0.426,0.765,0.744,W1,50,0,10,pidx30,valid
852,1.8,0.353,0.764,0.754,W1,50,0,10,pidx40,explore
516,1.7,0.316,0.771,0.743,W1,50,0,10,pidx40,valid
517,1.2,0.294,0.743,0.719,W1,50,0,10,pidx50,explore
301,1.2,0.269,0.815,0.773,W1,50,0,10,pidx50,valid
191,1.0,0.33,0.709,0.676,W1,50,0,10,pidx60,explore
102,1.1,0.284,0.825,0.75,W1,50,0,10,pidx60,valid
260,1.0,0.262,0.625,0.586,W1,50,0,10,widx20,explore
160,1.0,0.256,0.849,0.796,W1,50,0,10,widx20,valid
14,1.0,0.429,0.95,0.743,W1,50,0,10,widx30,explore
11,1.0,0.455,1.073,0.645,W1,50,0,10,widx30,valid
0,,,,,W1,50,0,10,widx40,explore
0,,,,,W1,50,0,10,widx40,valid
492,1.0,0.209,0.667,0.636,W1,50,0,20,Ptop1,explore
276,1.0,0.221,0.932,0.875,W1,50,0,20,Ptop1,valid
493,2.0,0.373,0.757,0.739,W1,50,0,20,Ptop2,explore
278,2.0,0.338,0.756,0.727,W1,50,0,20,Ptop2,valid
493,3.0,0.479,0.725,0.713,W1,50,0,20,Ptop3,explore
278,3.0,0.511,0.971,0.931,W1,50,0,20,Ptop3,valid
493,4.0,0.538,0.692,0.676,W1,50,0,20,Ptop4,explore
278,4.0,0.59,0.883,0.853,W1,50,0,20,Ptop4,valid
493,4.9,0.586,0.666,0.649,W1,50,0,20,Ptop5,explore
278,5.0,0.626,0.781,0.757,W1,50,0,20,Ptop5,valid
493,2.0,0.375,0.72,0.702,W1,50,0,20,Wtop2,explore
278,2.0,0.36,0.866,0.805,W1,50,0,20,Wtop2,valid
493,3.0,0.485,0.754,0.738,W1,50,0,20,Wtop3,explore
278,3.0,0.529,0.983,0.943,W1,50,0,20,Wtop3,valid
493,4.0,0.535,0.688,0.671,W1,50,0,20,Wtop4,explore
278,4.0,0.594,0.886,0.856,W1,50,0,20,Wtop4,valid
490,2.8,0.439,0.714,0.69,W1,50,0,20,pidx30,explore
277,2.8,0.426,0.786,0.743,W1,50,0,20,pidx30,valid
406,1.8,0.365,0.787,0.765,W1,50,0,20,pidx40,explore
246,1.6,0.305,0.826,0.787,W1,50,0,20,pidx40,valid
213,1.2,0.315,0.841,0.782,W1,50,0,20,pidx50,explore
121,1.2,0.207,0.863,0.753,W1,50,0,20,pidx50,valid
61,1.0,0.344,0.708,0.653,W1,50,0,20,pidx60,explore
25,1.0,0.2,0.732,0.516,W1,50,0,20,pidx60,valid
53,1.0,0.226,0.662,0.475,W1,50,0,20,widx20,explore
32,1.0,0.219,0.859,0.675,W1,50,0,20,widx20,valid
2,1.0,0.0,0.0,0.0,W1,50,0,20,widx30,explore
0,,,,,W1,50,0,20,widx30,valid
0,,,,,W1,50,0,20,widx40,explore
0,,,,,W1,50,0,20,widx40,valid
1358,1.0,0.23,0.728,0.716,W1,50,30,-99,Ptop1,explore
790,1.0,0.237,0.895,0.863,W1,50,30,-99,Ptop1,valid
1361,2.0,0.375,0.769,0.758,W1,50,30,-99,Ptop2,explore
794,2.0,0.361,0.793,0.776,W1,50,30,-99,Ptop2,valid
1361,3.0,0.467,0.776,0.76,W1,50,30,-99,Ptop3,explore
794,3.0,0.467,0.826,0.812,W1,50,30,-99,Ptop3,valid
1361,4.0,0.519,0.735,0.723,W1,50,30,-99,Ptop4,explore
794,4.0,0.529,0.799,0.781,W1,50,30,-99,Ptop4,valid
1361,5.0,0.565,0.756,0.745,W1,50,30,-99,Ptop5,explore
794,5.0,0.568,0.761,0.746,W1,50,30,-99,Ptop5,valid
1361,2.0,0.374,0.736,0.729,W1,50,30,-99,Wtop2,explore
794,2.0,0.365,0.825,0.803,W1,50,30,-99,Wtop2,valid
1361,3.0,0.463,0.772,0.757,W1,50,30,-99,Wtop3,explore
794,3.0,0.472,0.824,0.81,W1,50,30,-99,Wtop3,valid
1361,4.0,0.522,0.754,0.741,W1,50,30,-99,Wtop4,explore
794,4.0,0.534,0.804,0.786,W1,50,30,-99,Wtop4,valid
1358,2.8,0.44,0.757,0.741,W1,50,30,-99,pidx30,explore
793,2.9,0.426,0.741,0.727,W1,50,30,-99,pidx30,valid
1267,1.8,0.363,0.761,0.755,W1,50,30,-99,pidx40,explore
757,1.8,0.332,0.79,0.77,W1,50,30,-99,pidx40,valid
919,1.3,0.301,0.774,0.761,W1,50,30,-99,pidx50,explore
541,1.2,0.279,0.856,0.816,W1,50,30,-99,pidx50,valid
425,1.1,0.322,0.763,0.748,W1,50,30,-99,pidx60,explore
247,1.1,0.275,0.826,0.741,W1,50,30,-99,pidx60,valid
635,1.1,0.285,0.789,0.768,W1,50,30,-99,widx20,explore
372,1.1,0.277,0.952,0.885,W1,50,30,-99,widx20,valid
107,1.0,0.402,0.886,0.832,W1,50,30,-99,widx30,explore
52,1.0,0.346,0.781,0.667,W1,50,30,-99,widx30,valid
2,1.0,0.5,0.55,0.0,W1,50,30,-99,widx40,explore
0,,,,,W1,50,30,-99,widx40,valid
909,1.0,0.22,0.708,0.691,W1,50,30,10,Ptop1,explore
523,1.0,0.226,0.887,0.839,W1,50,30,10,Ptop1,valid
910,2.0,0.366,0.741,0.725,W1,50,30,10,Ptop2,explore
527,2.0,0.368,0.836,0.812,W1,50,30,10,Ptop2,valid
910,3.0,0.468,0.738,0.727,W1,50,30,10,Ptop3,explore
527,3.0,0.495,0.91,0.889,W1,50,30,10,Ptop3,valid
910,4.0,0.522,0.679,0.67,W1,50,30,10,Ptop4,explore
527,4.0,0.558,0.827,0.811,W1,50,30,10,Ptop4,valid
910,5.0,0.57,0.707,0.69,W1,50,30,10,Ptop5,explore
527,5.0,0.6,0.794,0.779,W1,50,30,10,Ptop5,valid
910,2.0,0.365,0.692,0.682,W1,50,30,10,Wtop2,explore
527,2.0,0.374,0.873,0.841,W1,50,30,10,Wtop2,valid
910,3.0,0.464,0.727,0.718,W1,50,30,10,Wtop3,explore
527,3.0,0.501,0.9,0.879,W1,50,30,10,Wtop3,valid
910,4.0,0.524,0.696,0.687,W1,50,30,10,Wtop4,explore
527,4.0,0.562,0.826,0.81,W1,50,30,10,Wtop4,valid
907,2.8,0.439,0.732,0.717,W1,50,30,10,pidx30,explore
526,2.9,0.437,0.788,0.766,W1,50,30,10,pidx30,valid
817,1.8,0.359,0.77,0.759,W1,50,30,10,pidx40,explore
490,1.7,0.318,0.769,0.739,W1,50,30,10,pidx40,valid
503,1.2,0.298,0.756,0.731,W1,50,30,10,pidx50,explore
295,1.2,0.271,0.813,0.769,W1,50,30,10,pidx50,valid
190,1.0,0.332,0.713,0.68,W1,50,30,10,pidx60,explore
101,1.1,0.277,0.756,0.701,W1,50,30,10,pidx60,valid
245,1.0,0.269,0.641,0.6,W1,50,30,10,widx20,explore
147,1.0,0.265,0.815,0.776,W1,50,30,10,widx20,valid
14,1.0,0.429,0.95,0.743,W1,50,30,10,widx30,explore
11,1.0,0.455,1.073,0.645,W1,50,30,10,widx30,valid
0,,,,,W1,50,30,10,widx40,explore
0,,,,,W1,50,30,10,widx40,valid
488,1.0,0.209,0.666,0.634,W1,50,30,20,Ptop1,explore
274,1.0,0.223,0.939,0.881,W1,50,30,20,Ptop1,valid
489,2.0,0.374,0.76,0.741,W1,50,30,20,Ptop2,explore
276,2.0,0.341,0.761,0.732,W1,50,30,20,Ptop2,valid
489,3.0,0.481,0.729,0.717,W1,50,30,20,Ptop3,explore
276,3.0,0.514,0.978,0.937,W1,50,30,20,Ptop3,valid
489,4.0,0.54,0.696,0.68,W1,50,30,20,Ptop4,explore
276,4.0,0.594,0.89,0.86,W1,50,30,20,Ptop4,valid
489,4.9,0.589,0.67,0.653,W1,50,30,20,Ptop5,explore
276,5.0,0.63,0.787,0.763,W1,50,30,20,Ptop5,valid
489,2.0,0.376,0.723,0.704,W1,50,30,20,Wtop2,explore
276,2.0,0.362,0.872,0.811,W1,50,30,20,Wtop2,valid
489,3.0,0.487,0.758,0.742,W1,50,30,20,Wtop3,explore
276,3.0,0.533,0.99,0.95,W1,50,30,20,Wtop3,valid
489,4.0,0.538,0.692,0.675,W1,50,30,20,Wtop4,explore
276,4.0,0.598,0.893,0.863,W1,50,30,20,Wtop4,valid
486,2.8,0.44,0.718,0.694,W1,50,30,20,pidx30,explore
275,2.8,0.429,0.795,0.752,W1,50,30,20,pidx30,valid
404,1.8,0.364,0.787,0.765,W1,50,30,20,pidx40,explore
244,1.6,0.307,0.832,0.792,W1,50,30,20,pidx40,valid
212,1.2,0.311,0.832,0.773,W1,50,30,20,pidx50,explore
120,1.2,0.208,0.869,0.758,W1,50,30,20,pidx50,valid
61,1.0,0.344,0.708,0.653,W1,50,30,20,pidx60,explore
25,1.0,0.2,0.732,0.516,W1,50,30,20,pidx60,valid
52,1.0,0.231,0.674,0.483,W1,50,30,20,widx20,explore
30,1.0,0.233,0.917,0.72,W1,50,30,20,widx20,valid
2,1.0,0.0,0.0,0.0,W1,50,30,20,widx30,explore
0,,,,,W1,50,30,20,widx30,valid
0,,,,,W1,50,30,20,widx40,explore
0,,,,,W1,50,30,20,widx40,valid
737,1.0,0.244,0.646,0.626,W1,50,40,-99,Ptop1,explore
435,1.0,0.269,0.966,0.914,W1,50,40,-99,Ptop1,valid
739,2.0,0.398,0.692,0.68,W1,50,40,-99,Ptop2,explore
439,2.0,0.401,0.832,0.806,W1,50,40,-99,Ptop2,valid
739,3.0,0.516,0.752,0.74,W1,50,40,-99,Ptop3,explore
439,3.0,0.531,0.923,0.898,W1,50,40,-99,Ptop3,valid
739,4.0,0.574,0.711,0.7,W1,50,40,-99,Ptop4,explore
439,4.0,0.599,0.857,0.836,W1,50,40,-99,Ptop4,valid
739,4.9,0.622,0.698,0.682,W1,50,40,-99,Ptop5,explore
439,5.0,0.642,0.817,0.8,W1,50,40,-99,Ptop5,valid
739,2.0,0.402,0.691,0.679,W1,50,40,-99,Wtop2,explore
439,2.0,0.405,0.883,0.845,W1,50,40,-99,Wtop2,valid
739,3.0,0.516,0.757,0.746,W1,50,40,-99,Wtop3,explore
439,3.0,0.538,0.916,0.89,W1,50,40,-99,Wtop3,valid
739,4.0,0.578,0.725,0.714,W1,50,40,-99,Wtop4,explore
439,4.0,0.599,0.849,0.829,W1,50,40,-99,Wtop4,valid
736,2.6,0.466,0.722,0.705,W1,50,40,-99,pidx30,explore
438,2.7,0.461,0.809,0.78,W1,50,40,-99,pidx30,valid
663,1.7,0.382,0.748,0.734,W1,50,40,-99,pidx40,explore
408,1.6,0.353,0.844,0.81,W1,50,40,-99,pidx40,valid
458,1.2,0.332,0.797,0.769,W1,50,40,-99,pidx50,explore
279,1.2,0.297,0.907,0.839,W1,50,40,-99,pidx50,valid
217,1.0,0.341,0.699,0.674,W1,50,40,-99,pidx60,explore
127,1.0,0.299,0.942,0.772,W1,50,40,-99,pidx60,valid
230,1.0,0.326,0.694,0.67,W1,50,40,-99,widx20,explore
141,1.0,0.333,1.031,0.875,W1,50,40,-99,widx20,valid
33,1.0,0.515,0.888,0.818,W1,50,40,-99,widx30,explore
20,1.0,0.45,0.87,0.635,W1,50,40,-99,widx30,valid
2,1.0,0.5,0.55,0.0,W1,50,40,-99,widx40,explore
0,,,,,W1,50,40,-99,widx40,valid
656,1.0,0.241,0.655,0.632,W1,50,40,10,Ptop1,explore
374,1.0,0.257,0.936,0.894,W1,50,40,10,Ptop1,valid
657,2.0,0.397,0.697,0.684,W1,50,40,10,Ptop2,explore
378,2.0,0.397,0.836,0.815,W1,50,40,10,Ptop2,valid
657,3.0,0.516,0.748,0.735,W1,50,40,10,Ptop3,explore
378,3.0,0.545,0.982,0.952,W1,50,40,10,Ptop3,valid
657,4.0,0.575,0.706,0.694,W1,50,40,10,Ptop4,explore
378,4.0,0.616,0.89,0.868,W1,50,40,10,Ptop4,valid
657,4.9,0.626,0.699,0.681,W1,50,40,10,Ptop5,explore
378,5.0,0.661,0.85,0.83,W1,50,40,10,Ptop5,valid
657,2.0,0.403,0.7,0.687,W1,50,40,10,Wtop2,explore
378,2.0,0.405,0.904,0.86,W1,50,40,10,Wtop2,valid
657,3.0,0.519,0.768,0.756,W1,50,40,10,Wtop3,explore
378,3.0,0.553,0.973,0.943,W1,50,40,10,Wtop3,valid
657,4.0,0.578,0.716,0.704,W1,50,40,10,Wtop4,explore
378,4.0,0.616,0.881,0.859,W1,50,40,10,Wtop4,valid
654,2.7,0.472,0.739,0.721,W1,50,40,10,pidx30,explore
377,2.7,0.464,0.832,0.799,W1,50,40,10,pidx30,valid
582,1.7,0.385,0.755,0.74,W1,50,40,10,pidx40,explore
347,1.6,0.343,0.822,0.793,W1,50,40,10,pidx40,valid
378,1.2,0.336,0.802,0.768,W1,50,40,10,pidx50,explore
220,1.2,0.286,0.879,0.818,W1,50,40,10,pidx50,valid
159,1.0,0.358,0.724,0.69,W1,50,40,10,pidx60,explore
85,1.0,0.282,0.823,0.755,W1,50,40,10,pidx60,valid
152,1.0,0.342,0.719,0.683,W1,50,40,10,widx20,explore
88,1.0,0.33,0.998,0.93,W1,50,40,10,widx20,valid
7,1.0,0.571,1.086,0.757,W1,50,40,10,widx30,explore
9,1.0,0.556,1.311,0.789,W1,50,40,10,widx30,valid
0,,,,,W1,50,40,10,widx40,explore
0,,,,,W1,50,40,10,widx40,valid
439,1.0,0.223,0.673,0.638,W1,50,40,20,Ptop1,explore
251,1.0,0.239,0.996,0.932,W1,50,40,20,Ptop1,valid
440,2.0,0.391,0.735,0.715,W1,50,40,20,Ptop2,explore
253,2.0,0.352,0.77,0.738,W1,50,40,20,Ptop2,valid
440,3.0,0.505,0.725,0.712,W1,50,40,20,Ptop3,explore
253,3.0,0.526,0.993,0.949,W1,50,40,20,Ptop3,valid
440,4.0,0.566,0.703,0.685,W1,50,40,20,Ptop4,explore
253,4.0,0.601,0.89,0.857,W1,50,40,20,Ptop4,valid
440,4.9,0.618,0.678,0.659,W1,50,40,20,Ptop5,explore
253,5.0,0.64,0.794,0.767,W1,50,40,20,Ptop5,valid
440,2.0,0.398,0.732,0.712,W1,50,40,20,Wtop2,explore
253,2.0,0.372,0.896,0.83,W1,50,40,20,Wtop2,valid
440,3.0,0.511,0.758,0.74,W1,50,40,20,Wtop3,explore
253,3.0,0.545,1.015,0.971,W1,50,40,20,Wtop3,valid
440,4.0,0.566,0.704,0.685,W1,50,40,20,Wtop4,explore
253,4.0,0.605,0.893,0.86,W1,50,40,20,Wtop4,valid
437,2.7,0.462,0.733,0.705,W1,50,40,20,pidx30,explore
252,2.7,0.433,0.803,0.754,W1,50,40,20,pidx30,valid
367,1.7,0.381,0.778,0.754,W1,50,40,20,pidx40,explore
224,1.6,0.317,0.858,0.814,W1,50,40,20,pidx40,valid
198,1.2,0.328,0.858,0.795,W1,50,40,20,pidx50,explore
112,1.2,0.223,0.935,0.815,W1,50,40,20,pidx50,valid
60,1.0,0.35,0.72,0.664,W1,50,40,20,pidx60,explore
25,1.0,0.2,0.732,0.516,W1,50,40,20,pidx60,valid
36,1.0,0.278,0.595,0.481,W1,50,40,20,widx20,explore
23,1.0,0.304,1.196,0.939,W1,50,40,20,widx20,valid
2,1.0,0.0,0.0,0.0,W1,50,40,20,widx30,explore
0,,,,,W1,50,40,20,widx30,valid
0,,,,,W1,50,40,20,widx40,explore
0,,,,,W1,50,40,20,widx40,valid
311,1.0,0.296,0.699,0.667,W1,50,50,-99,Ptop1,explore
163,1.0,0.233,0.714,0.664,W1,50,50,-99,Ptop1,valid
312,2.0,0.446,0.689,0.672,W1,50,50,-99,Ptop2,explore
165,2.0,0.388,0.697,0.662,W1,50,50,-99,Ptop2,valid
312,3.0,0.564,0.738,0.718,W1,50,50,-99,Ptop3,explore
165,3.0,0.582,0.931,0.878,W1,50,50,-99,Ptop3,valid
312,4.0,0.619,0.675,0.657,W1,50,50,-99,Ptop4,explore
165,4.0,0.648,0.837,0.798,W1,50,50,-99,Ptop4,valid
312,4.9,0.66,0.611,0.596,W1,50,50,-99,Ptop5,explore
165,5.0,0.679,0.727,0.696,W1,50,50,-99,Ptop5,valid
312,2.0,0.439,0.653,0.637,W1,50,50,-99,Wtop2,explore
165,2.0,0.406,0.795,0.722,W1,50,50,-99,Wtop2,valid
312,3.0,0.558,0.732,0.712,W1,50,50,-99,Wtop3,explore
165,3.0,0.582,0.914,0.862,W1,50,50,-99,Wtop3,valid
312,4.0,0.615,0.673,0.655,W1,50,50,-99,Wtop4,explore
165,4.0,0.655,0.84,0.801,W1,50,50,-99,Wtop4,valid
309,2.4,0.479,0.671,0.653,W1,50,50,-99,pidx30,explore
164,2.4,0.445,0.731,0.67,W1,50,50,-99,pidx30,valid
255,1.5,0.42,0.803,0.775,W1,50,50,-99,pidx40,explore
140,1.5,0.329,0.742,0.687,W1,50,50,-99,pidx40,valid
161,1.1,0.398,0.824,0.766,W1,50,50,-99,pidx50,explore
78,1.1,0.231,0.608,0.473,W1,50,50,-99,pidx50,valid
63,1.0,0.492,0.883,0.83,W1,50,50,-99,pidx60,explore
28,1.0,0.179,0.375,0.282,W1,50,50,-99,pidx60,valid
45,1.0,0.444,0.707,0.653,W1,50,50,-99,widx20,explore
16,1.0,0.438,1.012,0.65,W1,50,50,-99,widx20,valid
3,1.0,1.0,1.8,1.067,W1,50,50,-99,widx30,explore
2,1.0,1.0,1.05,0.5,W1,50,50,-99,widx30,valid
0,,,,,W1,50,50,-99,widx40,explore
0,,,,,W1,50,50,-99,widx40,valid
308,1.0,0.292,0.697,0.664,W1,50,50,10,Ptop1,explore
162,1.0,0.235,0.719,0.669,W1,50,50,10,Ptop1,valid
309,2.0,0.443,0.691,0.674,W1,50,50,10,Ptop2,explore
164,2.0,0.384,0.69,0.654,W1,50,50,10,Ptop2,valid
309,3.0,0.563,0.742,0.722,W1,50,50,10,Ptop3,explore
164,3.0,0.579,0.928,0.876,W1,50,50,10,Ptop3,valid
309,4.0,0.618,0.679,0.661,W1,50,50,10,Ptop4,explore
164,4.0,0.646,0.836,0.797,W1,50,50,10,Ptop4,valid
309,4.9,0.66,0.615,0.6,W1,50,50,10,Ptop5,explore
164,5.0,0.677,0.727,0.695,W1,50,50,10,Ptop5,valid
309,2.0,0.437,0.655,0.638,W1,50,50,10,Wtop2,explore
164,2.0,0.402,0.788,0.714,W1,50,50,10,Wtop2,valid
309,3.0,0.557,0.736,0.715,W1,50,50,10,Wtop3,explore
164,3.0,0.579,0.911,0.859,W1,50,50,10,Wtop3,valid
309,4.0,0.615,0.677,0.659,W1,50,50,10,Wtop4,explore
164,4.0,0.652,0.839,0.8,W1,50,50,10,Wtop4,valid
306,2.4,0.477,0.672,0.654,W1,50,50,10,pidx30,explore
163,2.4,0.442,0.725,0.663,W1,50,50,10,pidx30,valid
252,1.5,0.417,0.804,0.776,W1,50,50,10,pidx40,explore
139,1.5,0.331,0.745,0.691,W1,50,50,10,pidx40,valid
158,1.1,0.392,0.821,0.763,W1,50,50,10,pidx50,explore
77,1.1,0.234,0.615,0.479,W1,50,50,10,pidx50,valid
61,1.0,0.492,0.887,0.832,W1,50,50,10,pidx60,explore
28,1.0,0.179,0.375,0.282,W1,50,50,10,pidx60,valid
42,1.0,0.429,0.688,0.631,W1,50,50,10,widx20,explore
15,1.0,0.467,1.08,0.693,W1,50,50,10,widx20,valid
2,1.0,1.0,2.0,0.9,W1,50,50,10,widx30,explore
2,1.0,1.0,1.05,0.5,W1,50,50,10,widx30,valid
0,,,,,W1,50,50,10,widx40,explore
0,,,,,W1,50,50,10,widx40,valid
266,1.0,0.256,0.671,0.633,W1,50,50,20,Ptop1,explore
145,1.0,0.228,0.748,0.692,W1,50,50,20,Ptop1,valid
267,2.0,0.427,0.722,0.703,W1,50,50,20,Ptop2,explore
146,2.0,0.377,0.706,0.667,W1,50,50,20,Ptop2,valid
267,3.0,0.543,0.747,0.728,W1,50,50,20,Ptop3,explore
146,3.0,0.582,0.97,0.911,W1,50,50,20,Ptop3,valid
267,4.0,0.599,0.681,0.66,W1,50,50,20,Ptop4,explore
146,4.0,0.658,0.885,0.84,W1,50,50,20,Ptop4,valid
267,4.9,0.648,0.626,0.609,W1,50,50,20,Ptop5,explore
146,5.0,0.692,0.773,0.737,W1,50,50,20,Ptop5,valid
267,2.0,0.419,0.68,0.661,W1,50,50,20,Wtop2,explore
146,2.0,0.397,0.816,0.734,W1,50,50,20,Wtop2,valid
267,3.0,0.543,0.753,0.734,W1,50,50,20,Wtop3,explore
146,3.0,0.589,0.968,0.909,W1,50,50,20,Wtop3,valid
267,4.0,0.596,0.68,0.659,W1,50,50,20,Wtop4,explore
146,4.0,0.664,0.888,0.844,W1,50,50,20,Wtop4,valid
264,2.4,0.466,0.693,0.672,W1,50,50,20,pidx30,explore
145,2.5,0.441,0.738,0.671,W1,50,50,20,pidx30,valid
210,1.5,0.395,0.806,0.774,W1,50,50,20,pidx40,explore
122,1.5,0.32,0.751,0.689,W1,50,50,20,pidx40,valid
121,1.1,0.347,0.809,0.735,W1,50,50,20,pidx50,explore
62,1.1,0.21,0.644,0.475,W1,50,50,20,pidx50,valid
38,1.0,0.447,0.879,0.792,W1,50,50,20,pidx60,explore
18,1.0,0.111,0.278,0.133,W1,50,50,20,pidx60,valid
15,1.0,0.267,0.5,0.36,W1,50,50,20,widx20,explore
8,1.0,0.375,1.312,0.588,W1,50,50,20,widx20,valid
0,,,,,W1,50,50,20,widx30,explore
0,,,,,W1,50,50,20,widx30,valid
0,,,,,W1,50,50,20,widx40,explore
0,,,,,W1,50,50,20,widx40,valid
98,1.0,0.306,0.727,0.68,W1,50,60,-99,Ptop1,explore
37,1.0,0.189,0.589,0.438,W1,50,60,-99,Ptop1,valid
99,2.0,0.485,0.662,0.635,W1,50,60,-99,Ptop2,explore
37,2.0,0.405,0.807,0.673,W1,50,60,-99,Ptop2,valid
99,3.0,0.606,0.771,0.719,W1,50,60,-99,Ptop3,explore
37,3.0,0.622,1.188,0.957,W1,50,60,-99,Ptop3,valid
99,3.9,0.667,0.702,0.648,W1,50,60,-99,Ptop4,explore
37,4.0,0.73,1.079,0.904,W1,50,60,-99,Ptop4,valid
99,4.9,0.717,0.646,0.602,W1,50,60,-99,Ptop5,explore
37,4.9,0.757,0.915,0.773,W1,50,60,-99,Ptop5,valid
99,2.0,0.475,0.643,0.607,W1,50,60,-99,Wtop2,explore
37,2.0,0.405,0.832,0.673,W1,50,60,-99,Wtop2,valid
99,2.9,0.616,0.809,0.757,W1,50,60,-99,Wtop3,explore
37,3.0,0.622,1.241,1.01,W1,50,60,-99,Wtop3,valid
99,3.9,0.667,0.702,0.648,W1,50,60,-99,Wtop4,explore
37,4.0,0.73,1.079,0.904,W1,50,60,-99,Wtop4,valid
96,2.1,0.458,0.593,0.557,W1,50,60,-99,pidx30,explore
37,2.0,0.378,0.799,0.633,W1,50,60,-99,pidx30,valid
68,1.4,0.456,0.795,0.749,W1,50,60,-99,pidx40,explore
28,1.3,0.214,0.459,0.322,W1,50,60,-99,pidx40,valid
36,1.1,0.444,0.793,0.717,W1,50,60,-99,pidx50,explore
13,1.0,0.077,0.108,0.0,W1,50,60,-99,pidx50,valid
16,1.0,0.5,0.881,0.725,W1,50,60,-99,pidx60,explore
4,1.0,0.0,0.0,0.0,W1,50,60,-99,pidx60,valid
0,,,,,W1,50,60,-99,widx20,explore
2,1.0,0.0,0.0,0.0,W1,50,60,-99,widx20,valid
0,,,,,W1,50,60,-99,widx30,explore
0,,,,,W1,50,60,-99,widx30,valid
0,,,,,W1,50,60,-99,widx40,explore
0,,,,,W1,50,60,-99,widx40,valid
98,1.0,0.306,0.727,0.68,W1,50,60,10,Ptop1,explore
37,1.0,0.189,0.589,0.438,W1,50,60,10,Ptop1,valid
99,2.0,0.485,0.662,0.635,W1,50,60,10,Ptop2,explore
37,2.0,0.405,0.807,0.673,W1,50,60,10,Ptop2,valid
99,3.0,0.606,0.771,0.719,W1,50,60,10,Ptop3,explore
37,3.0,0.622,1.188,0.957,W1,50,60,10,Ptop3,valid
99,3.9,0.667,0.702,0.648,W1,50,60,10,Ptop4,explore
37,4.0,0.73,1.079,0.904,W1,50,60,10,Ptop4,valid
99,4.9,0.717,0.646,0.602,W1,50,60,10,Ptop5,explore
37,4.9,0.757,0.915,0.773,W1,50,60,10,Ptop5,valid
99,2.0,0.475,0.643,0.607,W1,50,60,10,Wtop2,explore
37,2.0,0.405,0.832,0.673,W1,50,60,10,Wtop2,valid
99,2.9,0.616,0.809,0.757,W1,50,60,10,Wtop3,explore
37,3.0,0.622,1.241,1.01,W1,50,60,10,Wtop3,valid
99,3.9,0.667,0.702,0.648,W1,50,60,10,Wtop4,explore
37,4.0,0.73,1.079,0.904,W1,50,60,10,Wtop4,valid
96,2.1,0.458,0.593,0.557,W1,50,60,10,pidx30,explore
37,2.0,0.378,0.799,0.633,W1,50,60,10,pidx30,valid
68,1.4,0.456,0.795,0.749,W1,50,60,10,pidx40,explore
28,1.3,0.214,0.459,0.322,W1,50,60,10,pidx40,valid
36,1.1,0.444,0.793,0.717,W1,50,60,10,pidx50,explore
13,1.0,0.077,0.108,0.0,W1,50,60,10,pidx50,valid
16,1.0,0.5,0.881,0.725,W1,50,60,10,pidx60,explore
4,1.0,0.0,0.0,0.0,W1,50,60,10,pidx60,valid
0,,,,,W1,50,60,10,widx20,explore
2,1.0,0.0,0.0,0.0,W1,50,60,10,widx20,valid
0,,,,,W1,50,60,10,widx30,explore
0,,,,,W1,50,60,10,widx30,valid
0,,,,,W1,50,60,10,widx40,explore
0,,,,,W1,50,60,10,widx40,valid
93,1.0,0.301,0.734,0.685,W1,50,60,20,Ptop1,explore
35,1.0,0.2,0.623,0.463,W1,50,60,20,Ptop1,valid
94,2.0,0.489,0.682,0.653,W1,50,60,20,Ptop2,explore
35,2.0,0.429,0.853,0.711,W1,50,60,20,Ptop2,valid
94,3.0,0.606,0.77,0.715,W1,50,60,20,Ptop3,explore
35,3.0,0.6,1.143,0.898,W1,50,60,20,Ptop3,valid
94,3.9,0.67,0.708,0.651,W1,50,60,20,Ptop4,explore
35,4.0,0.714,1.055,0.871,W1,50,60,20,Ptop4,valid
94,4.9,0.723,0.656,0.61,W1,50,60,20,Ptop5,explore
35,4.9,0.743,0.899,0.749,W1,50,60,20,Ptop5,valid
94,2.0,0.479,0.662,0.624,W1,50,60,20,Wtop2,explore
35,2.0,0.429,0.88,0.711,W1,50,60,20,Wtop2,valid
94,2.9,0.617,0.81,0.755,W1,50,60,20,Wtop3,explore
35,3.0,0.629,1.27,1.026,W1,50,60,20,Wtop3,valid
94,3.9,0.67,0.708,0.651,W1,50,60,20,Wtop4,explore
35,4.0,0.714,1.055,0.871,W1,50,60,20,Wtop4,valid
91,2.1,0.462,0.615,0.577,W1,50,60,20,pidx30,explore
35,2.1,0.4,0.832,0.66,W1,50,60,20,pidx30,valid
63,1.4,0.46,0.807,0.758,W1,50,60,20,pidx40,explore
26,1.3,0.231,0.486,0.34,W1,50,60,20,pidx40,valid
31,1.2,0.452,0.822,0.736,W1,50,60,20,pidx50,explore
11,1.0,0.091,0.127,0.0,W1,50,60,20,pidx50,valid
11,1.0,0.545,1.018,0.791,W1,50,60,20,pidx60,explore
2,1.0,0.0,0.0,0.0,W1,50,60,20,pidx60,valid
0,,,,,W1,50,60,20,widx20,explore
2,1.0,0.0,0.0,0.0,W1,50,60,20,widx20,valid
0,,,,,W1,50,60,20,widx30,explore
0,,,,,W1,50,60,20,widx30,valid
0,,,,,W1,50,60,20,widx40,explore
0,,,,,W1,50,60,20,widx40,valid
1250,1.0,0.23,0.692,0.68,W1,60,0,-99,Ptop1,explore
727,1.0,0.237,0.918,0.884,W1,60,0,-99,Ptop1,valid
1252,2.0,0.375,0.743,0.731,W1,60,0,-99,Ptop2,explore
730,2.0,0.363,0.811,0.793,W1,60,0,-99,Ptop2,valid
1252,3.0,0.468,0.741,0.73,W1,60,0,-99,Ptop3,explore
730,3.0,0.475,0.85,0.835,W1,60,0,-99,Ptop3,valid
1252,4.0,0.524,0.719,0.705,W1,60,0,-99,Ptop4,explore
730,4.0,0.541,0.826,0.807,W1,60,0,-99,Ptop4,valid
1252,5.0,0.568,0.738,0.726,W1,60,0,-99,Ptop5,explore
730,5.0,0.579,0.783,0.767,W1,60,0,-99,Ptop5,valid
1252,2.0,0.375,0.716,0.709,W1,60,0,-99,Wtop2,explore
730,2.0,0.371,0.864,0.841,W1,60,0,-99,Wtop2,valid
1252,3.0,0.465,0.741,0.73,W1,60,0,-99,Wtop3,explore
730,3.0,0.482,0.849,0.834,W1,60,0,-99,Wtop3,valid
1252,4.0,0.526,0.733,0.72,W1,60,0,-99,Wtop4,explore
730,4.0,0.544,0.824,0.805,W1,60,0,-99,Wtop4,valid
1249,2.8,0.446,0.733,0.724,W1,60,0,-99,pidx30,explore
729,2.9,0.432,0.758,0.742,W1,60,0,-99,pidx30,valid
1171,1.9,0.371,0.756,0.749,W1,60,0,-99,pidx40,explore
698,1.8,0.338,0.819,0.798,W1,60,0,-99,pidx40,valid
897,1.3,0.304,0.753,0.74,W1,60,0,-99,pidx50,explore
520,1.3,0.277,0.867,0.827,W1,60,0,-99,pidx50,valid
439,1.1,0.314,0.745,0.731,W1,60,0,-99,pidx60,explore
247,1.1,0.275,0.861,0.777,W1,60,0,-99,pidx60,valid
602,1.1,0.274,0.722,0.7,W1,60,0,-99,widx20,explore
350,1.1,0.269,0.996,0.925,W1,60,0,-99,widx20,valid
96,1.0,0.438,0.962,0.902,W1,60,0,-99,widx30,explore
47,1.0,0.34,0.683,0.583,W1,60,0,-99,widx30,valid
2,1.0,0.5,0.55,0.0,W1,60,0,-99,widx40,explore
0,,,,,W1,60,0,-99,widx40,valid
870,1.0,0.22,0.68,0.662,W1,60,0,10,Ptop1,explore
508,1.0,0.23,0.91,0.861,W1,60,0,10,Ptop1,valid
871,2.0,0.366,0.733,0.716,W1,60,0,10,Ptop2,explore
511,2.0,0.374,0.837,0.812,W1,60,0,10,Ptop2,valid
871,3.0,0.47,0.728,0.717,W1,60,0,10,Ptop3,explore
511,3.0,0.507,0.928,0.906,W1,60,0,10,Ptop3,valid
871,4.0,0.527,0.677,0.668,W1,60,0,10,Ptop4,explore
511,4.0,0.571,0.844,0.828,W1,60,0,10,Ptop4,valid
871,5.0,0.574,0.697,0.679,W1,60,0,10,Ptop5,explore
511,5.0,0.613,0.805,0.79,W1,60,0,10,Ptop5,valid
871,2.0,0.367,0.699,0.689,W1,60,0,10,Wtop2,explore
511,2.0,0.384,0.895,0.862,W1,60,0,10,Wtop2,valid
871,3.0,0.465,0.718,0.709,W1,60,0,10,Wtop3,explore
511,3.0,0.513,0.917,0.895,W1,60,0,10,Wtop3,valid
871,4.0,0.528,0.688,0.678,W1,60,0,10,Wtop4,explore
511,4.0,0.575,0.844,0.827,W1,60,0,10,Wtop4,valid
868,2.8,0.442,0.714,0.701,W1,60,0,10,pidx30,explore
510,2.8,0.447,0.804,0.781,W1,60,0,10,pidx30,valid
791,1.8,0.359,0.754,0.743,W1,60,0,10,pidx40,explore
479,1.7,0.33,0.804,0.774,W1,60,0,10,pidx40,valid
517,1.2,0.294,0.743,0.719,W1,60,0,10,pidx50,explore
301,1.2,0.269,0.815,0.773,W1,60,0,10,pidx50,valid
191,1.0,0.33,0.709,0.676,W1,60,0,10,pidx60,explore
102,1.1,0.284,0.825,0.75,W1,60,0,10,pidx60,valid
245,1.0,0.257,0.619,0.578,W1,60,0,10,widx20,explore
153,1.0,0.261,0.86,0.804,W1,60,0,10,widx20,valid
14,1.0,0.429,0.95,0.743,W1,60,0,10,widx30,explore
11,1.0,0.455,1.073,0.645,W1,60,0,10,widx30,valid
0,,,,,W1,60,0,10,widx40,explore
0,,,,,W1,60,0,10,widx40,valid
485,1.0,0.212,0.676,0.645,W1,60,0,20,Ptop1,explore
275,1.0,0.222,0.936,0.878,W1,60,0,20,Ptop1,valid
486,2.0,0.377,0.766,0.747,W1,60,0,20,Ptop2,explore
277,2.0,0.339,0.759,0.73,W1,60,0,20,Ptop2,valid
486,3.0,0.484,0.735,0.722,W1,60,0,20,Ptop3,explore
277,3.0,0.513,0.974,0.934,W1,60,0,20,Ptop3,valid
486,4.0,0.541,0.696,0.679,W1,60,0,20,Ptop4,explore
277,4.0,0.592,0.887,0.857,W1,60,0,20,Ptop4,valid
486,5.0,0.588,0.668,0.651,W1,60,0,20,Ptop5,explore
277,5.0,0.628,0.784,0.76,W1,60,0,20,Ptop5,valid
486,2.0,0.379,0.728,0.71,W1,60,0,20,Wtop2,explore
277,2.0,0.361,0.869,0.808,W1,60,0,20,Wtop2,valid
486,3.0,0.488,0.756,0.74,W1,60,0,20,Wtop3,explore
277,3.0,0.531,0.986,0.946,W1,60,0,20,Wtop3,valid
486,4.0,0.539,0.691,0.674,W1,60,0,20,Wtop4,explore
277,4.0,0.596,0.89,0.86,W1,60,0,20,Wtop4,valid
483,2.8,0.445,0.721,0.697,W1,60,0,20,pidx30,explore
276,2.8,0.428,0.792,0.749,W1,60,0,20,pidx30,valid
406,1.8,0.365,0.787,0.765,W1,60,0,20,pidx40,explore
246,1.6,0.305,0.826,0.787,W1,60,0,20,pidx40,valid
213,1.2,0.315,0.841,0.782,W1,60,0,20,pidx50,explore
121,1.2,0.207,0.863,0.753,W1,60,0,20,pidx50,valid
61,1.0,0.344,0.708,0.653,W1,60,0,20,pidx60,explore
25,1.0,0.2,0.732,0.516,W1,60,0,20,pidx60,valid
53,1.0,0.226,0.662,0.475,W1,60,0,20,widx20,explore
32,1.0,0.219,0.859,0.675,W1,60,0,20,widx20,valid
2,1.0,0.0,0.0,0.0,W1,60,0,20,widx30,explore
0,,,,,W1,60,0,20,widx30,valid
0,,,,,W1,60,0,20,widx40,explore
0,,,,,W1,60,0,20,widx40,valid
1182,1.0,0.237,0.709,0.696,W1,60,30,-99,Ptop1,explore
683,1.0,0.243,0.922,0.886,W1,60,30,-99,Ptop1,valid
1184,2.0,0.384,0.757,0.744,W1,60,30,-99,Ptop2,explore
686,2.0,0.37,0.798,0.778,W1,60,30,-99,Ptop2,valid
1184,3.0,0.479,0.746,0.735,W1,60,30,-99,Ptop3,explore
686,3.0,0.485,0.853,0.837,W1,60,30,-99,Ptop3,valid
1184,4.0,0.535,0.723,0.709,W1,60,30,-99,Ptop4,explore
686,4.0,0.551,0.824,0.803,W1,60,30,-99,Ptop4,valid
1184,5.0,0.581,0.751,0.738,W1,60,30,-99,Ptop5,explore
686,5.0,0.592,0.788,0.772,W1,60,30,-99,Ptop5,valid
1184,2.0,0.384,0.727,0.72,W1,60,30,-99,Wtop2,explore
686,2.0,0.378,0.849,0.825,W1,60,30,-99,Wtop2,valid
1184,3.0,0.476,0.746,0.735,W1,60,30,-99,Wtop3,explore
686,3.0,0.491,0.849,0.833,W1,60,30,-99,Wtop3,valid
1184,4.0,0.536,0.736,0.722,W1,60,30,-99,Wtop4,explore
686,4.0,0.555,0.825,0.804,W1,60,30,-99,Wtop4,valid
1181,2.8,0.453,0.733,0.724,W1,60,30,-99,pidx30,explore
685,2.8,0.438,0.758,0.741,W1,60,30,-99,pidx30,valid
1104,1.8,0.378,0.765,0.758,W1,60,30,-99,pidx40,explore
654,1.8,0.339,0.8,0.777,W1,60,30,-99,pidx40,valid
835,1.3,0.316,0.792,0.777,W1,60,30,-99,pidx50,explore
484,1.3,0.281,0.853,0.809,W1,60,30,-99,pidx50,valid
415,1.1,0.328,0.774,0.759,W1,60,30,-99,pidx60,explore
231,1.1,0.281,0.833,0.742,W1,60,30,-99,pidx60,valid
546,1.1,0.288,0.752,0.728,W1,60,30,-99,widx20,explore
311,1.0,0.28,0.958,0.876,W1,60,30,-99,widx20,valid
96,1.0,0.438,0.962,0.902,W1,60,30,-99,widx30,explore
47,1.0,0.34,0.683,0.583,W1,60,30,-99,widx30,valid
2,1.0,0.5,0.55,0.0,W1,60,30,-99,widx40,explore
0,,,,,W1,60,30,-99,widx40,valid
850,1.0,0.221,0.681,0.663,W1,60,30,10,Ptop1,explore
494,1.0,0.233,0.915,0.864,W1,60,30,10,Ptop1,valid
851,2.0,0.369,0.734,0.716,W1,60,30,10,Ptop2,explore
497,2.0,0.376,0.83,0.805,W1,60,30,10,Ptop2,valid
851,3.0,0.474,0.731,0.719,W1,60,30,10,Ptop3,explore
497,3.0,0.511,0.928,0.906,W1,60,30,10,Ptop3,valid
851,4.0,0.53,0.678,0.669,W1,60,30,10,Ptop4,explore
497,4.0,0.577,0.849,0.832,W1,60,30,10,Ptop4,valid
851,5.0,0.578,0.702,0.684,W1,60,30,10,Ptop5,explore
497,5.0,0.62,0.813,0.797,W1,60,30,10,Ptop5,valid
851,2.0,0.37,0.699,0.688,W1,60,30,10,Wtop2,explore
497,2.0,0.386,0.89,0.856,W1,60,30,10,Wtop2,valid
851,3.0,0.469,0.72,0.711,W1,60,30,10,Wtop3,explore
497,3.0,0.517,0.917,0.895,W1,60,30,10,Wtop3,valid
851,4.0,0.531,0.689,0.68,W1,60,30,10,Wtop4,explore
497,4.0,0.581,0.848,0.831,W1,60,30,10,Wtop4,valid
848,2.8,0.445,0.716,0.702,W1,60,30,10,pidx30,explore
496,2.8,0.45,0.806,0.782,W1,60,30,10,pidx30,valid
772,1.8,0.361,0.755,0.744,W1,60,30,10,pidx40,explore
465,1.7,0.329,0.787,0.756,W1,60,30,10,pidx40,valid
503,1.2,0.298,0.756,0.731,W1,60,30,10,pidx50,explore
295,1.2,0.271,0.813,0.769,W1,60,30,10,pidx50,valid
190,1.0,0.332,0.713,0.68,W1,60,30,10,pidx60,explore
101,1.1,0.277,0.756,0.701,W1,60,30,10,pidx60,valid
234,1.0,0.265,0.638,0.595,W1,60,30,10,widx20,explore
144,1.0,0.264,0.803,0.762,W1,60,30,10,widx20,valid
14,1.0,0.429,0.95,0.743,W1,60,30,10,widx30,explore
11,1.0,0.455,1.073,0.645,W1,60,30,10,widx30,valid
0,,,,,W1,60,30,10,widx40,explore
0,,,,,W1,60,30,10,widx40,valid
482,1.0,0.212,0.674,0.642,W1,60,30,20,Ptop1,explore
273,1.0,0.223,0.942,0.884,W1,60,30,20,Ptop1,valid
483,2.0,0.377,0.767,0.749,W1,60,30,20,Ptop2,explore
275,2.0,0.342,0.764,0.735,W1,60,30,20,Ptop2,valid
483,3.0,0.484,0.737,0.725,W1,60,30,20,Ptop3,explore
275,3.0,0.516,0.981,0.941,W1,60,30,20,Ptop3,valid
483,4.0,0.542,0.698,0.681,W1,60,30,20,Ptop4,explore
275,4.0,0.596,0.893,0.863,W1,60,30,20,Ptop4,valid
483,5.0,0.59,0.671,0.654,W1,60,30,20,Ptop5,explore
275,5.0,0.633,0.79,0.765,W1,60,30,20,Ptop5,valid
483,2.0,0.379,0.73,0.711,W1,60,30,20,Wtop2,explore
275,2.0,0.364,0.875,0.814,W1,60,30,20,Wtop2,valid
483,3.0,0.489,0.759,0.742,W1,60,30,20,Wtop3,explore
275,3.0,0.535,0.994,0.953,W1,60,30,20,Wtop3,valid
483,4.0,0.54,0.694,0.677,W1,60,30,20,Wtop4,explore
275,4.0,0.6,0.896,0.866,W1,60,30,20,Wtop4,valid
480,2.8,0.446,0.723,0.699,W1,60,30,20,pidx30,explore
274,2.8,0.431,0.802,0.758,W1,60,30,20,pidx30,valid
404,1.8,0.364,0.787,0.765,W1,60,30,20,pidx40,explore
244,1.6,0.307,0.832,0.792,W1,60,30,20,pidx40,valid
212,1.2,0.311,0.832,0.773,W1,60,30,20,pidx50,explore
120,1.2,0.208,0.869,0.758,W1,60,30,20,pidx50,valid
61,1.0,0.344,0.708,0.653,W1,60,30,20,pidx60,explore
25,1.0,0.2,0.732,0.516,W1,60,30,20,pidx60,valid
52,1.0,0.231,0.674,0.483,W1,60,30,20,widx20,explore
30,1.0,0.233,0.917,0.72,W1,60,30,20,widx20,valid
2,1.0,0.0,0.0,0.0,W1,60,30,20,widx30,explore
0,,,,,W1,60,30,20,widx30,valid
0,,,,,W1,60,30,20,widx40,explore
0,,,,,W1,60,30,20,widx40,valid
719,1.0,0.245,0.65,0.629,W1,60,40,-99,Ptop1,explore
428,1.0,0.269,0.974,0.921,W1,60,40,-99,Ptop1,valid
721,2.0,0.398,0.697,0.684,W1,60,40,-99,Ptop2,explore
431,2.0,0.401,0.835,0.809,W1,60,40,-99,Ptop2,valid
721,3.0,0.516,0.751,0.739,W1,60,40,-99,Ptop3,explore
431,3.0,0.534,0.932,0.906,W1,60,40,-99,Ptop3,valid
721,4.0,0.574,0.71,0.699,W1,60,40,-99,Ptop4,explore
431,4.0,0.601,0.846,0.826,W1,60,40,-99,Ptop4,valid
721,4.9,0.623,0.699,0.683,W1,60,40,-99,Ptop5,explore
431,5.0,0.645,0.811,0.793,W1,60,40,-99,Ptop5,valid
721,2.0,0.402,0.696,0.684,W1,60,40,-99,Wtop2,explore
431,2.0,0.408,0.895,0.856,W1,60,40,-99,Wtop2,valid
721,3.0,0.515,0.751,0.74,W1,60,40,-99,Wtop3,explore
431,3.0,0.541,0.924,0.899,W1,60,40,-99,Wtop3,valid
721,4.0,0.578,0.724,0.713,W1,60,40,-99,Wtop4,explore
431,4.0,0.601,0.838,0.819,W1,60,40,-99,Wtop4,valid
718,2.6,0.468,0.727,0.71,W1,60,40,-99,pidx30,explore
430,2.7,0.463,0.811,0.782,W1,60,40,-99,pidx30,valid
650,1.7,0.383,0.751,0.737,W1,60,40,-99,pidx40,explore
401,1.6,0.354,0.852,0.817,W1,60,40,-99,pidx40,valid
454,1.2,0.335,0.803,0.775,W1,60,40,-99,pidx50,explore
276,1.2,0.297,0.913,0.844,W1,60,40,-99,pidx50,valid
217,1.0,0.341,0.699,0.674,W1,60,40,-99,pidx60,explore
126,1.0,0.302,0.949,0.778,W1,60,40,-99,pidx60,valid
220,1.0,0.332,0.705,0.68,W1,60,40,-99,widx20,explore
136,1.0,0.338,1.064,0.901,W1,60,40,-99,widx20,valid
32,1.0,0.531,0.916,0.844,W1,60,40,-99,widx30,explore
19,1.0,0.474,0.916,0.668,W1,60,40,-99,widx30,valid
2,1.0,0.5,0.55,0.0,W1,60,40,-99,widx40,explore
0,,,,,W1,60,40,-99,widx40,valid
643,1.0,0.241,0.658,0.634,W1,60,40,10,Ptop1,explore
372,1.0,0.258,0.941,0.899,W1,60,40,10,Ptop1,valid
644,2.0,0.398,0.701,0.687,W1,60,40,10,Ptop2,explore
375,2.0,0.397,0.833,0.812,W1,60,40,10,Ptop2,valid
644,3.0,0.516,0.743,0.73,W1,60,40,10,Ptop3,explore
375,3.0,0.547,0.983,0.953,W1,60,40,10,Ptop3,valid
644,4.0,0.575,0.701,0.689,W1,60,40,10,Ptop4,explore
375,4.0,0.619,0.892,0.87,W1,60,40,10,Ptop4,valid
644,4.9,0.624,0.697,0.679,W1,60,40,10,Ptop5,explore
375,5.0,0.664,0.853,0.832,W1,60,40,10,Ptop5,valid
644,2.0,0.404,0.704,0.69,W1,60,40,10,Wtop2,explore
375,2.0,0.408,0.91,0.866,W1,60,40,10,Wtop2,valid
644,3.0,0.517,0.759,0.746,W1,60,40,10,Wtop3,explore
375,3.0,0.555,0.974,0.944,W1,60,40,10,Wtop3,valid
644,4.0,0.578,0.712,0.699,W1,60,40,10,Wtop4,explore
375,4.0,0.619,0.884,0.861,W1,60,40,10,Wtop4,valid
641,2.7,0.474,0.744,0.725,W1,60,40,10,pidx30,explore
374,2.7,0.465,0.832,0.799,W1,60,40,10,pidx30,valid
574,1.7,0.385,0.756,0.741,W1,60,40,10,pidx40,explore
345,1.6,0.345,0.826,0.798,W1,60,40,10,pidx40,valid
378,1.2,0.336,0.802,0.768,W1,60,40,10,pidx50,explore
220,1.2,0.286,0.879,0.818,W1,60,40,10,pidx50,valid
159,1.0,0.358,0.724,0.69,W1,60,40,10,pidx60,explore
85,1.0,0.282,0.823,0.755,W1,60,40,10,pidx60,valid
147,1.0,0.347,0.728,0.691,W1,60,40,10,widx20,explore
87,1.0,0.333,1.009,0.941,W1,60,40,10,widx20,valid
7,1.0,0.571,1.086,0.757,W1,60,40,10,widx30,explore
9,1.0,0.556,1.311,0.789,W1,60,40,10,widx30,valid
0,,,,,W1,60,40,10,widx40,explore
0,,,,,W1,60,40,10,widx40,valid
436,1.0,0.225,0.678,0.643,W1,60,40,20,Ptop1,explore
251,1.0,0.239,0.996,0.932,W1,60,40,20,Ptop1,valid
437,2.0,0.394,0.741,0.72,W1,60,40,20,Ptop2,explore
253,2.0,0.352,0.77,0.738,W1,60,40,20,Ptop2,valid
437,3.0,0.508,0.73,0.717,W1,60,40,20,Ptop3,explore
253,3.0,0.526,0.993,0.949,W1,60,40,20,Ptop3,valid
437,4.0,0.568,0.702,0.683,W1,60,40,20,Ptop4,explore
253,4.0,0.601,0.89,0.857,W1,60,40,20,Ptop4,valid
437,4.9,0.618,0.676,0.657,W1,60,40,20,Ptop5,explore
253,5.0,0.64,0.794,0.767,W1,60,40,20,Ptop5,valid
437,2.0,0.4,0.738,0.717,W1,60,40,20,Wtop2,explore
253,2.0,0.372,0.896,0.83,W1,60,40,20,Wtop2,valid
437,3.0,0.513,0.754,0.736,W1,60,40,20,Wtop3,explore
253,3.0,0.545,1.015,0.971,W1,60,40,20,Wtop3,valid
437,4.0,0.568,0.702,0.684,W1,60,40,20,Wtop4,explore
253,4.0,0.605,0.893,0.86,W1,60,40,20,Wtop4,valid
434,2.7,0.465,0.736,0.708,W1,60,40,20,pidx30,explore
252,2.7,0.433,0.803,0.754,W1,60,40,20,pidx30,valid
367,1.7,0.381,0.778,0.754,W1,60,40,20,pidx40,explore
224,1.6,0.317,0.858,0.814,W1,60,40,20,pidx40,valid
198,1.2,0.328,0.858,0.795,W1,60,40,20,pidx50,explore
112,1.2,0.223,0.935,0.815,W1,60,40,20,pidx50,valid
60,1.0,0.35,0.72,0.664,W1,60,40,20,pidx60,explore
25,1.0,0.2,0.732,0.516,W1,60,40,20,pidx60,valid
36,1.0,0.278,0.595,0.481,W1,60,40,20,widx20,explore
23,1.0,0.304,1.196,0.939,W1,60,40,20,widx20,valid
2,1.0,0.0,0.0,0.0,W1,60,40,20,widx30,explore
0,,,,,W1,60,40,20,widx30,valid
0,,,,,W1,60,40,20,widx40,explore
0,,,,,W1,60,40,20,widx40,valid
310,1.0,0.294,0.695,0.662,W1,60,50,-99,Ptop1,explore
163,1.0,0.233,0.714,0.664,W1,60,50,-99,Ptop1,valid
311,2.0,0.444,0.688,0.671,W1,60,50,-99,Ptop2,explore
165,2.0,0.388,0.697,0.662,W1,60,50,-99,Ptop2,valid
311,3.0,0.563,0.738,0.718,W1,60,50,-99,Ptop3,explore
165,3.0,0.582,0.931,0.878,W1,60,50,-99,Ptop3,valid
311,4.0,0.617,0.675,0.657,W1,60,50,-99,Ptop4,explore
165,4.0,0.648,0.837,0.798,W1,60,50,-99,Ptop4,valid
311,4.9,0.659,0.612,0.597,W1,60,50,-99,Ptop5,explore
165,5.0,0.679,0.727,0.696,W1,60,50,-99,Ptop5,valid
311,2.0,0.437,0.652,0.635,W1,60,50,-99,Wtop2,explore
165,2.0,0.406,0.795,0.722,W1,60,50,-99,Wtop2,valid
311,3.0,0.556,0.732,0.712,W1,60,50,-99,Wtop3,explore
165,3.0,0.582,0.914,0.862,W1,60,50,-99,Wtop3,valid
311,4.0,0.614,0.673,0.655,W1,60,50,-99,Wtop4,explore
165,4.0,0.655,0.84,0.801,W1,60,50,-99,Wtop4,valid
308,2.4,0.477,0.671,0.652,W1,60,50,-99,pidx30,explore
164,2.4,0.445,0.731,0.67,W1,60,50,-99,pidx30,valid
254,1.5,0.417,0.799,0.772,W1,60,50,-99,pidx40,explore
140,1.5,0.329,0.742,0.687,W1,60,50,-99,pidx40,valid
161,1.1,0.398,0.824,0.766,W1,60,50,-99,pidx50,explore
78,1.1,0.231,0.608,0.473,W1,60,50,-99,pidx50,valid
63,1.0,0.492,0.883,0.83,W1,60,50,-99,pidx60,explore
28,1.0,0.179,0.375,0.282,W1,60,50,-99,pidx60,valid
45,1.0,0.444,0.707,0.653,W1,60,50,-99,widx20,explore
16,1.0,0.438,1.012,0.65,W1,60,50,-99,widx20,valid
3,1.0,1.0,1.8,1.067,W1,60,50,-99,widx30,explore
2,1.0,1.0,1.05,0.5,W1,60,50,-99,widx30,valid
0,,,,,W1,60,50,-99,widx40,explore
0,,,,,W1,60,50,-99,widx40,valid
307,1.0,0.29,0.692,0.659,W1,60,50,10,Ptop1,explore
162,1.0,0.235,0.719,0.669,W1,60,50,10,Ptop1,valid
308,2.0,0.442,0.69,0.673,W1,60,50,10,Ptop2,explore
164,2.0,0.384,0.69,0.654,W1,60,50,10,Ptop2,valid
308,3.0,0.562,0.742,0.722,W1,60,50,10,Ptop3,explore
164,3.0,0.579,0.928,0.876,W1,60,50,10,Ptop3,valid
308,4.0,0.617,0.679,0.661,W1,60,50,10,Ptop4,explore
164,4.0,0.646,0.836,0.797,W1,60,50,10,Ptop4,valid
308,4.9,0.659,0.616,0.601,W1,60,50,10,Ptop5,explore
164,5.0,0.677,0.727,0.695,W1,60,50,10,Ptop5,valid
308,2.0,0.435,0.653,0.637,W1,60,50,10,Wtop2,explore
164,2.0,0.402,0.788,0.714,W1,60,50,10,Wtop2,valid
308,3.0,0.555,0.736,0.715,W1,60,50,10,Wtop3,explore
164,3.0,0.579,0.911,0.859,W1,60,50,10,Wtop3,valid
308,4.0,0.614,0.678,0.659,W1,60,50,10,Wtop4,explore
164,4.0,0.652,0.839,0.8,W1,60,50,10,Wtop4,valid
305,2.4,0.475,0.672,0.654,W1,60,50,10,pidx30,explore
163,2.4,0.442,0.725,0.663,W1,60,50,10,pidx30,valid
251,1.5,0.414,0.8,0.772,W1,60,50,10,pidx40,explore
139,1.5,0.331,0.745,0.691,W1,60,50,10,pidx40,valid
158,1.1,0.392,0.821,0.763,W1,60,50,10,pidx50,explore
77,1.1,0.234,0.615,0.479,W1,60,50,10,pidx50,valid
61,1.0,0.492,0.887,0.832,W1,60,50,10,pidx60,explore
28,1.0,0.179,0.375,0.282,W1,60,50,10,pidx60,valid
42,1.0,0.429,0.688,0.631,W1,60,50,10,widx20,explore
15,1.0,0.467,1.08,0.693,W1,60,50,10,widx20,valid
2,1.0,1.0,2.0,0.9,W1,60,50,10,widx30,explore
2,1.0,1.0,1.05,0.5,W1,60,50,10,widx30,valid
0,,,,,W1,60,50,10,widx40,explore
0,,,,,W1,60,50,10,widx40,valid
266,1.0,0.256,0.671,0.633,W1,60,50,20,Ptop1,explore
145,1.0,0.228,0.748,0.692,W1,60,50,20,Ptop1,valid
267,2.0,0.427,0.722,0.703,W1,60,50,20,Ptop2,explore
146,2.0,0.377,0.706,0.667,W1,60,50,20,Ptop2,valid
267,3.0,0.543,0.747,0.728,W1,60,50,20,Ptop3,explore
146,3.0,0.582,0.97,0.911,W1,60,50,20,Ptop3,valid
267,4.0,0.599,0.681,0.66,W1,60,50,20,Ptop4,explore
146,4.0,0.658,0.885,0.84,W1,60,50,20,Ptop4,valid
267,4.9,0.648,0.626,0.609,W1,60,50,20,Ptop5,explore
146,5.0,0.692,0.773,0.737,W1,60,50,20,Ptop5,valid
267,2.0,0.419,0.68,0.661,W1,60,50,20,Wtop2,explore
146,2.0,0.397,0.816,0.734,W1,60,50,20,Wtop2,valid
267,3.0,0.543,0.753,0.734,W1,60,50,20,Wtop3,explore
146,3.0,0.589,0.968,0.909,W1,60,50,20,Wtop3,valid
267,4.0,0.596,0.68,0.659,W1,60,50,20,Wtop4,explore
146,4.0,0.664,0.888,0.844,W1,60,50,20,Wtop4,valid
264,2.4,0.466,0.693,0.672,W1,60,50,20,pidx30,explore
145,2.5,0.441,0.738,0.671,W1,60,50,20,pidx30,valid
210,1.5,0.395,0.806,0.774,W1,60,50,20,pidx40,explore
122,1.5,0.32,0.751,0.689,W1,60,50,20,pidx40,valid
121,1.1,0.347,0.809,0.735,W1,60,50,20,pidx50,explore
62,1.1,0.21,0.644,0.475,W1,60,50,20,pidx50,valid
38,1.0,0.447,0.879,0.792,W1,60,50,20,pidx60,explore
18,1.0,0.111,0.278,0.133,W1,60,50,20,pidx60,valid
15,1.0,0.267,0.5,0.36,W1,60,50,20,widx20,explore
8,1.0,0.375,1.312,0.588,W1,60,50,20,widx20,valid
0,,,,,W1,60,50,20,widx30,explore
0,,,,,W1,60,50,20,widx30,valid
0,,,,,W1,60,50,20,widx40,explore
0,,,,,W1,60,50,20,widx40,valid
98,1.0,0.306,0.727,0.68,W1,60,60,-99,Ptop1,explore
37,1.0,0.189,0.589,0.438,W1,60,60,-99,Ptop1,valid
99,2.0,0.485,0.662,0.635,W1,60,60,-99,Ptop2,explore
37,2.0,0.405,0.807,0.673,W1,60,60,-99,Ptop2,valid
99,3.0,0.606,0.771,0.719,W1,60,60,-99,Ptop3,explore
37,3.0,0.622,1.188,0.957,W1,60,60,-99,Ptop3,valid
99,3.9,0.667,0.702,0.648,W1,60,60,-99,Ptop4,explore
37,4.0,0.73,1.079,0.904,W1,60,60,-99,Ptop4,valid
99,4.9,0.717,0.646,0.602,W1,60,60,-99,Ptop5,explore
37,4.9,0.757,0.915,0.773,W1,60,60,-99,Ptop5,valid
99,2.0,0.475,0.643,0.607,W1,60,60,-99,Wtop2,explore
37,2.0,0.405,0.832,0.673,W1,60,60,-99,Wtop2,valid
99,2.9,0.616,0.809,0.757,W1,60,60,-99,Wtop3,explore
37,3.0,0.622,1.241,1.01,W1,60,60,-99,Wtop3,valid
99,3.9,0.667,0.702,0.648,W1,60,60,-99,Wtop4,explore
37,4.0,0.73,1.079,0.904,W1,60,60,-99,Wtop4,valid
96,2.1,0.458,0.593,0.557,W1,60,60,-99,pidx30,explore
37,2.0,0.378,0.799,0.633,W1,60,60,-99,pidx30,valid
68,1.4,0.456,0.795,0.749,W1,60,60,-99,pidx40,explore
28,1.3,0.214,0.459,0.322,W1,60,60,-99,pidx40,valid
36,1.1,0.444,0.793,0.717,W1,60,60,-99,pidx50,explore
13,1.0,0.077,0.108,0.0,W1,60,60,-99,pidx50,valid
16,1.0,0.5,0.881,0.725,W1,60,60,-99,pidx60,explore
4,1.0,0.0,0.0,0.0,W1,60,60,-99,pidx60,valid
0,,,,,W1,60,60,-99,widx20,explore
2,1.0,0.0,0.0,0.0,W1,60,60,-99,widx20,valid
0,,,,,W1,60,60,-99,widx30,explore
0,,,,,W1,60,60,-99,widx30,valid
0,,,,,W1,60,60,-99,widx40,explore
0,,,,,W1,60,60,-99,widx40,valid
98,1.0,0.306,0.727,0.68,W1,60,60,10,Ptop1,explore
37,1.0,0.189,0.589,0.438,W1,60,60,10,Ptop1,valid
99,2.0,0.485,0.662,0.635,W1,60,60,10,Ptop2,explore
37,2.0,0.405,0.807,0.673,W1,60,60,10,Ptop2,valid
99,3.0,0.606,0.771,0.719,W1,60,60,10,Ptop3,explore
37,3.0,0.622,1.188,0.957,W1,60,60,10,Ptop3,valid
99,3.9,0.667,0.702,0.648,W1,60,60,10,Ptop4,explore
37,4.0,0.73,1.079,0.904,W1,60,60,10,Ptop4,valid
99,4.9,0.717,0.646,0.602,W1,60,60,10,Ptop5,explore
37,4.9,0.757,0.915,0.773,W1,60,60,10,Ptop5,valid
99,2.0,0.475,0.643,0.607,W1,60,60,10,Wtop2,explore
37,2.0,0.405,0.832,0.673,W1,60,60,10,Wtop2,valid
99,2.9,0.616,0.809,0.757,W1,60,60,10,Wtop3,explore
37,3.0,0.622,1.241,1.01,W1,60,60,10,Wtop3,valid
99,3.9,0.667,0.702,0.648,W1,60,60,10,Wtop4,explore
37,4.0,0.73,1.079,0.904,W1,60,60,10,Wtop4,valid
96,2.1,0.458,0.593,0.557,W1,60,60,10,pidx30,explore
37,2.0,0.378,0.799,0.633,W1,60,60,10,pidx30,valid
68,1.4,0.456,0.795,0.749,W1,60,60,10,pidx40,explore
28,1.3,0.214,0.459,0.322,W1,60,60,10,pidx40,valid
36,1.1,0.444,0.793,0.717,W1,60,60,10,pidx50,explore
13,1.0,0.077,0.108,0.0,W1,60,60,10,pidx50,valid
16,1.0,0.5,0.881,0.725,W1,60,60,10,pidx60,explore
4,1.0,0.0,0.0,0.0,W1,60,60,10,pidx60,valid
0,,,,,W1,60,60,10,widx20,explore
2,1.0,0.0,0.0,0.0,W1,60,60,10,widx20,valid
0,,,,,W1,60,60,10,widx30,explore
0,,,,,W1,60,60,10,widx30,valid
0,,,,,W1,60,60,10,widx40,explore
0,,,,,W1,60,60,10,widx40,valid
93,1.0,0.301,0.734,0.685,W1,60,60,20,Ptop1,explore
35,1.0,0.2,0.623,0.463,W1,60,60,20,Ptop1,valid
94,2.0,0.489,0.682,0.653,W1,60,60,20,Ptop2,explore
35,2.0,0.429,0.853,0.711,W1,60,60,20,Ptop2,valid
94,3.0,0.606,0.77,0.715,W1,60,60,20,Ptop3,explore
35,3.0,0.6,1.143,0.898,W1,60,60,20,Ptop3,valid
94,3.9,0.67,0.708,0.651,W1,60,60,20,Ptop4,explore
35,4.0,0.714,1.055,0.871,W1,60,60,20,Ptop4,valid
94,4.9,0.723,0.656,0.61,W1,60,60,20,Ptop5,explore
35,4.9,0.743,0.899,0.749,W1,60,60,20,Ptop5,valid
94,2.0,0.479,0.662,0.624,W1,60,60,20,Wtop2,explore
35,2.0,0.429,0.88,0.711,W1,60,60,20,Wtop2,valid
94,2.9,0.617,0.81,0.755,W1,60,60,20,Wtop3,explore
35,3.0,0.629,1.27,1.026,W1,60,60,20,Wtop3,valid
94,3.9,0.67,0.708,0.651,W1,60,60,20,Wtop4,explore
35,4.0,0.714,1.055,0.871,W1,60,60,20,Wtop4,valid
91,2.1,0.462,0.615,0.577,W1,60,60,20,pidx30,explore
35,2.1,0.4,0.832,0.66,W1,60,60,20,pidx30,valid
63,1.4,0.46,0.807,0.758,W1,60,60,20,pidx40,explore
26,1.3,0.231,0.486,0.34,W1,60,60,20,pidx40,valid
31,1.2,0.452,0.822,0.736,W1,60,60,20,pidx50,explore
11,1.0,0.091,0.127,0.0,W1,60,60,20,pidx50,valid
11,1.0,0.545,1.018,0.791,W1,60,60,20,pidx60,explore
2,1.0,0.0,0.0,0.0,W1,60,60,20,pidx60,valid
0,,,,,W1,60,60,20,widx20,explore
2,1.0,0.0,0.0,0.0,W1,60,60,20,widx20,valid
0,,,,,W1,60,60,20,widx30,explore
0,,,,,W1,60,60,20,widx30,valid
0,,,,,W1,60,60,20,widx40,explore
0,,,,,W1,60,60,20,widx40,valid
728,1.0,0.255,0.708,0.687,W1,70,0,-99,Ptop1,explore
424,1.0,0.259,0.974,0.921,W1,70,0,-99,Ptop1,valid
730,2.0,0.41,0.732,0.721,W1,70,0,-99,Ptop2,explore
427,2.0,0.384,0.82,0.794,W1,70,0,-99,Ptop2,valid
730,3.0,0.518,0.755,0.737,W1,70,0,-99,Ptop3,explore
427,3.0,0.508,0.904,0.877,W1,70,0,-99,Ptop3,valid
730,4.0,0.574,0.725,0.701,W1,70,0,-99,Ptop4,explore
427,4.0,0.581,0.848,0.829,W1,70,0,-99,Ptop4,valid
730,5.0,0.625,0.729,0.711,W1,70,0,-99,Ptop5,explore
427,5.0,0.63,0.823,0.805,W1,70,0,-99,Ptop5,valid
730,2.0,0.421,0.75,0.739,W1,70,0,-99,Wtop2,explore
427,2.0,0.396,0.891,0.852,W1,70,0,-99,Wtop2,valid
730,3.0,0.518,0.766,0.748,W1,70,0,-99,Wtop3,explore
427,3.0,0.518,0.902,0.876,W1,70,0,-99,Wtop3,valid
730,4.0,0.573,0.723,0.7,W1,70,0,-99,Wtop4,explore
427,4.0,0.585,0.848,0.829,W1,70,0,-99,Wtop4,valid
727,2.7,0.481,0.728,0.715,W1,70,0,-99,pidx30,explore
427,2.8,0.445,0.784,0.756,W1,70,0,-99,pidx30,valid
677,1.8,0.4,0.757,0.745,W1,70,0,-99,pidx40,explore
404,1.8,0.351,0.812,0.781,W1,70,0,-99,pidx40,valid
542,1.3,0.334,0.808,0.786,W1,70,0,-99,pidx50,explore
316,1.3,0.288,0.863,0.807,W1,70,0,-99,pidx50,valid
327,1.1,0.324,0.745,0.726,W1,70,0,-99,pidx60,explore
167,1.1,0.299,0.919,0.795,W1,70,0,-99,pidx60,valid
318,1.0,0.296,0.734,0.703,W1,70,0,-99,widx20,explore
183,1.1,0.284,0.912,0.796,W1,70,0,-99,widx20,valid
65,1.0,0.415,0.892,0.803,W1,70,0,-99,widx30,explore
30,1.0,0.367,0.63,0.487,W1,70,0,-99,widx30,valid
2,1.0,0.5,0.55,0.0,W1,70,0,-99,widx40,explore
0,,,,,W1,70,0,-99,widx40,valid
592,1.0,0.248,0.702,0.676,W1,70,0,10,Ptop1,explore
359,1.0,0.251,0.948,0.903,W1,70,0,10,Ptop1,valid
593,2.0,0.403,0.728,0.715,W1,70,0,10,Ptop2,explore
362,2.0,0.387,0.837,0.814,W1,70,0,10,Ptop2,valid
593,3.0,0.521,0.752,0.738,W1,70,0,10,Ptop3,explore
362,3.0,0.525,0.959,0.929,W1,70,0,10,Ptop3,valid
593,4.0,0.577,0.692,0.682,W1,70,0,10,Ptop4,explore
362,4.0,0.594,0.868,0.845,W1,70,0,10,Ptop4,valid
593,4.9,0.634,0.714,0.695,W1,70,0,10,Ptop5,explore
362,5.0,0.646,0.846,0.824,W1,70,0,10,Ptop5,valid
593,2.0,0.417,0.75,0.737,W1,70,0,10,Wtop2,explore
362,2.0,0.401,0.92,0.874,W1,70,0,10,Wtop2,valid
593,3.0,0.521,0.767,0.753,W1,70,0,10,Wtop3,explore
362,3.0,0.533,0.95,0.919,W1,70,0,10,Wtop3,valid
593,4.0,0.575,0.692,0.681,W1,70,0,10,Wtop4,explore
362,4.0,0.599,0.868,0.845,W1,70,0,10,Wtop4,valid
590,2.7,0.485,0.742,0.727,W1,70,0,10,pidx30,explore
362,2.8,0.453,0.814,0.781,W1,70,0,10,pidx30,valid
541,1.8,0.394,0.769,0.754,W1,70,0,10,pidx40,explore
339,1.8,0.348,0.808,0.781,W1,70,0,10,pidx40,valid
406,1.2,0.32,0.804,0.774,W1,70,0,10,pidx50,explore
251,1.3,0.271,0.819,0.769,W1,70,0,10,pidx50,valid
191,1.0,0.33,0.709,0.676,W1,70,0,10,pidx60,explore
102,1.1,0.284,0.825,0.75,W1,70,0,10,pidx60,valid
183,1.0,0.279,0.682,0.626,W1,70,0,10,widx20,explore
118,1.0,0.254,0.774,0.707,W1,70,0,10,widx20,valid
13,1.0,0.462,1.023,0.8,W1,70,0,10,widx30,explore
9,1.0,0.333,0.356,0.233,W1,70,0,10,widx30,valid
0,,,,,W1,70,0,10,widx40,explore
0,,,,,W1,70,0,10,widx40,valid
399,1.0,0.238,0.717,0.679,W1,70,0,20,Ptop1,explore
229,1.0,0.231,0.986,0.916,W1,70,0,20,Ptop1,valid
400,2.0,0.41,0.765,0.745,W1,70,0,20,Ptop2,explore
231,2.0,0.346,0.769,0.734,W1,70,0,20,Ptop2,valid
400,3.0,0.52,0.729,0.716,W1,70,0,20,Ptop3,explore
231,3.0,0.515,0.984,0.935,W1,70,0,20,Ptop3,valid
400,4.0,0.58,0.684,0.67,W1,70,0,20,Ptop4,explore
231,4.0,0.597,0.892,0.855,W1,70,0,20,Ptop4,valid
400,4.9,0.635,0.672,0.652,W1,70,0,20,Ptop5,explore
231,5.0,0.641,0.802,0.773,W1,70,0,20,Ptop5,valid
400,2.0,0.42,0.771,0.752,W1,70,0,20,Wtop2,explore
231,2.0,0.368,0.901,0.828,W1,70,0,20,Wtop2,valid
400,3.0,0.525,0.755,0.736,W1,70,0,20,Wtop3,explore
231,3.0,0.537,1.007,0.959,W1,70,0,20,Wtop3,valid
400,4.0,0.578,0.679,0.664,W1,70,0,20,Wtop4,explore
231,4.0,0.602,0.894,0.858,W1,70,0,20,Wtop4,valid
397,2.7,0.484,0.723,0.702,W1,70,0,20,pidx30,explore
231,2.7,0.429,0.809,0.757,W1,70,0,20,pidx30,valid
348,1.8,0.394,0.783,0.759,W1,70,0,20,pidx40,explore
209,1.7,0.321,0.855,0.809,W1,70,0,20,pidx40,valid
213,1.2,0.315,0.841,0.782,W1,70,0,20,pidx50,explore
121,1.2,0.207,0.863,0.753,W1,70,0,20,pidx50,valid
61,1.0,0.344,0.708,0.653,W1,70,0,20,pidx60,explore
25,1.0,0.2,0.732,0.516,W1,70,0,20,pidx60,valid
45,1.0,0.222,0.624,0.396,W1,70,0,20,widx20,explore
25,1.0,0.2,0.852,0.616,W1,70,0,20,widx20,valid
2,1.0,0.0,0.0,0.0,W1,70,0,20,widx30,explore
0,,,,,W1,70,0,20,widx30,valid
0,,,,,W1,70,0,20,widx40,explore
0,,,,,W1,70,0,20,widx40,valid
718,1.0,0.255,0.705,0.684,W1,70,30,-99,Ptop1,explore
420,1.0,0.26,0.964,0.91,W1,70,30,-99,Ptop1,valid
720,2.0,0.41,0.729,0.719,W1,70,30,-99,Ptop2,explore
423,2.0,0.385,0.818,0.792,W1,70,30,-99,Ptop2,valid
720,3.0,0.519,0.758,0.739,W1,70,30,-99,Ptop3,explore
423,3.0,0.508,0.9,0.874,W1,70,30,-99,Ptop3,valid
720,4.0,0.575,0.723,0.699,W1,70,30,-99,Ptop4,explore
423,4.0,0.582,0.848,0.828,W1,70,30,-99,Ptop4,valid
720,5.0,0.626,0.73,0.711,W1,70,30,-99,Ptop5,explore
423,5.0,0.631,0.824,0.806,W1,70,30,-99,Ptop5,valid
720,2.0,0.421,0.748,0.737,W1,70,30,-99,Wtop2,explore
423,2.0,0.395,0.882,0.843,W1,70,30,-99,Wtop2,valid
720,3.0,0.519,0.769,0.75,W1,70,30,-99,Wtop3,explore
423,3.0,0.518,0.899,0.873,W1,70,30,-99,Wtop3,valid
720,4.0,0.575,0.727,0.703,W1,70,30,-99,Wtop4,explore
423,4.0,0.586,0.848,0.828,W1,70,30,-99,Wtop4,valid
717,2.7,0.481,0.721,0.708,W1,70,30,-99,pidx30,explore
423,2.7,0.444,0.782,0.753,W1,70,30,-99,pidx30,valid
667,1.8,0.4,0.756,0.743,W1,70,30,-99,pidx40,explore
400,1.7,0.35,0.804,0.772,W1,70,30,-99,pidx40,valid
532,1.3,0.335,0.81,0.788,W1,70,30,-99,pidx50,explore
312,1.3,0.285,0.841,0.785,W1,70,30,-99,pidx50,valid
322,1.1,0.326,0.747,0.727,W1,70,30,-99,pidx60,explore
165,1.1,0.297,0.888,0.762,W1,70,30,-99,pidx60,valid
311,1.0,0.296,0.737,0.705,W1,70,30,-99,widx20,explore
179,1.1,0.285,0.888,0.77,W1,70,30,-99,widx20,valid
65,1.0,0.415,0.892,0.803,W1,70,30,-99,widx30,explore
30,1.0,0.367,0.63,0.487,W1,70,30,-99,widx30,valid
2,1.0,0.5,0.55,0.0,W1,70,30,-99,widx40,explore
0,,,,,W1,70,30,-99,widx40,valid
586,1.0,0.247,0.699,0.673,W1,70,30,10,Ptop1,explore
356,1.0,0.25,0.933,0.888,W1,70,30,10,Ptop1,valid
587,2.0,0.402,0.722,0.709,W1,70,30,10,Ptop2,explore
359,2.0,0.387,0.832,0.81,W1,70,30,10,Ptop2,valid
587,3.0,0.521,0.751,0.737,W1,70,30,10,Ptop3,explore
359,3.0,0.526,0.96,0.929,W1,70,30,10,Ptop3,valid
587,4.0,0.578,0.693,0.683,W1,70,30,10,Ptop4,explore
359,4.0,0.596,0.87,0.847,W1,70,30,10,Ptop4,valid
587,4.9,0.635,0.717,0.697,W1,70,30,10,Ptop5,explore
359,5.0,0.649,0.848,0.827,W1,70,30,10,Ptop5,valid
587,2.0,0.416,0.745,0.732,W1,70,30,10,Wtop2,explore
359,2.0,0.401,0.916,0.869,W1,70,30,10,Wtop2,valid
587,3.0,0.521,0.767,0.753,W1,70,30,10,Wtop3,explore
359,3.0,0.535,0.95,0.919,W1,70,30,10,Wtop3,valid
587,4.0,0.576,0.693,0.682,W1,70,30,10,Wtop4,explore
359,4.0,0.602,0.87,0.847,W1,70,30,10,Wtop4,valid
584,2.7,0.485,0.74,0.725,W1,70,30,10,pidx30,explore
359,2.8,0.454,0.816,0.782,W1,70,30,10,pidx30,valid
535,1.8,0.393,0.764,0.749,W1,70,30,10,pidx40,explore
336,1.7,0.348,0.805,0.778,W1,70,30,10,pidx40,valid
400,1.2,0.32,0.804,0.774,W1,70,30,10,pidx50,explore
248,1.3,0.27,0.803,0.752,W1,70,30,10,pidx50,valid
190,1.0,0.332,0.713,0.68,W1,70,30,10,pidx60,explore
101,1.1,0.277,0.756,0.701,W1,70,30,10,pidx60,valid
180,1.0,0.278,0.677,0.621,W1,70,30,10,widx20,explore
115,1.0,0.252,0.725,0.675,W1,70,30,10,widx20,valid
13,1.0,0.462,1.023,0.8,W1,70,30,10,widx30,explore
9,1.0,0.333,0.356,0.233,W1,70,30,10,widx30,valid
0,,,,,W1,70,30,10,widx40,explore
0,,,,,W1,70,30,10,widx40,valid
398,1.0,0.236,0.711,0.672,W1,70,30,20,Ptop1,explore
228,1.0,0.232,0.99,0.92,W1,70,30,20,Ptop1,valid
399,2.0,0.409,0.762,0.743,W1,70,30,20,Ptop2,explore
230,2.0,0.348,0.772,0.737,W1,70,30,20,Ptop2,valid
399,3.0,0.519,0.728,0.715,W1,70,30,20,Ptop3,explore
230,3.0,0.517,0.988,0.94,W1,70,30,20,Ptop3,valid
399,4.0,0.579,0.684,0.669,W1,70,30,20,Ptop4,explore
230,4.0,0.6,0.895,0.859,W1,70,30,20,Ptop4,valid
399,4.9,0.634,0.672,0.652,W1,70,30,20,Ptop5,explore
230,5.0,0.643,0.806,0.777,W1,70,30,20,Ptop5,valid
399,2.0,0.419,0.769,0.75,W1,70,30,20,Wtop2,explore
230,2.0,0.37,0.905,0.832,W1,70,30,20,Wtop2,valid
399,3.0,0.524,0.754,0.735,W1,70,30,20,Wtop3,explore
230,3.0,0.539,1.012,0.963,W1,70,30,20,Wtop3,valid
399,4.0,0.576,0.678,0.664,W1,70,30,20,Wtop4,explore
230,4.0,0.604,0.898,0.862,W1,70,30,20,Wtop4,valid
396,2.7,0.482,0.722,0.7,W1,70,30,20,pidx30,explore
230,2.7,0.43,0.814,0.762,W1,70,30,20,pidx30,valid
347,1.8,0.392,0.781,0.756,W1,70,30,20,pidx40,explore
208,1.7,0.322,0.859,0.814,W1,70,30,20,pidx40,valid
212,1.2,0.311,0.832,0.773,W1,70,30,20,pidx50,explore
120,1.2,0.208,0.869,0.758,W1,70,30,20,pidx50,valid
61,1.0,0.344,0.708,0.653,W1,70,30,20,pidx60,explore
25,1.0,0.2,0.732,0.516,W1,70,30,20,pidx60,valid
45,1.0,0.222,0.624,0.396,W1,70,30,20,widx20,explore
24,1.0,0.208,0.888,0.642,W1,70,30,20,widx20,valid
2,1.0,0.0,0.0,0.0,W1,70,30,20,widx30,explore
0,,,,,W1,70,30,20,widx30,valid
0,,,,,W1,70,30,20,widx40,explore
0,,,,,W1,70,30,20,widx40,valid
570,1.0,0.263,0.701,0.675,W1,70,40,-99,Ptop1,explore
340,1.0,0.274,1.03,0.964,W1,70,40,-99,Ptop1,valid
572,2.0,0.423,0.735,0.721,W1,70,40,-99,Ptop2,explore
343,2.0,0.399,0.863,0.83,W1,70,40,-99,Ptop2,valid
572,3.0,0.538,0.762,0.747,W1,70,40,-99,Ptop3,explore
343,3.0,0.539,0.981,0.949,W1,70,40,-99,Ptop3,valid
572,4.0,0.593,0.701,0.69,W1,70,40,-99,Ptop4,explore
343,4.0,0.615,0.897,0.872,W1,70,40,-99,Ptop4,valid
572,4.9,0.647,0.703,0.683,W1,70,40,-99,Ptop5,explore
343,5.0,0.668,0.882,0.859,W1,70,40,-99,Ptop5,valid
572,2.0,0.432,0.742,0.729,W1,70,40,-99,Wtop2,explore
343,2.0,0.411,0.943,0.894,W1,70,40,-99,Wtop2,valid
572,3.0,0.538,0.778,0.763,W1,70,40,-99,Wtop3,explore
343,3.0,0.548,0.972,0.939,W1,70,40,-99,Wtop3,valid
572,4.0,0.596,0.712,0.701,W1,70,40,-99,Wtop4,explore
343,4.0,0.615,0.887,0.862,W1,70,40,-99,Wtop4,valid
569,2.6,0.496,0.748,0.732,W1,70,40,-99,pidx30,explore
343,2.7,0.466,0.859,0.822,W1,70,40,-99,pidx30,valid
520,1.7,0.406,0.776,0.759,W1,70,40,-99,pidx40,explore
320,1.7,0.359,0.877,0.835,W1,70,40,-99,pidx40,valid
391,1.2,0.34,0.831,0.799,W1,70,40,-99,pidx50,explore
234,1.2,0.295,0.936,0.856,W1,70,40,-99,pidx50,valid
210,1.0,0.343,0.704,0.678,W1,70,40,-99,pidx60,explore
115,1.0,0.296,0.972,0.785,W1,70,40,-99,pidx60,valid
182,1.0,0.313,0.667,0.636,W1,70,40,-99,widx20,explore
107,1.0,0.318,1.073,0.867,W1,70,40,-99,widx20,valid
24,1.0,0.542,0.938,0.842,W1,70,40,-99,widx30,explore
13,1.0,0.385,0.5,0.362,W1,70,40,-99,widx30,valid
2,1.0,0.5,0.55,0.0,W1,70,40,-99,widx40,explore
0,,,,,W1,70,40,-99,widx40,valid
519,1.0,0.26,0.706,0.677,W1,70,40,10,Ptop1,explore
310,1.0,0.268,0.99,0.938,W1,70,40,10,Ptop1,valid
520,2.0,0.423,0.736,0.722,W1,70,40,10,Ptop2,explore
313,2.0,0.399,0.854,0.828,W1,70,40,10,Ptop2,valid
520,3.0,0.542,0.762,0.746,W1,70,40,10,Ptop3,explore
313,3.0,0.553,1.014,0.979,W1,70,40,10,Ptop3,valid
520,4.0,0.598,0.703,0.691,W1,70,40,10,Ptop4,explore
313,4.0,0.629,0.921,0.894,W1,70,40,10,Ptop4,valid
520,4.9,0.658,0.719,0.696,W1,70,40,10,Ptop5,explore
313,5.0,0.684,0.902,0.878,W1,70,40,10,Ptop5,valid
520,2.0,0.433,0.745,0.73,W1,70,40,10,Wtop2,explore
313,2.0,0.415,0.952,0.898,W1,70,40,10,Wtop2,valid
520,3.0,0.544,0.784,0.768,W1,70,40,10,Wtop3,explore
313,3.0,0.562,1.004,0.968,W1,70,40,10,Wtop3,valid
520,4.0,0.602,0.716,0.704,W1,70,40,10,Wtop4,explore
313,4.0,0.629,0.91,0.883,W1,70,40,10,Wtop4,valid
517,2.7,0.501,0.764,0.746,W1,70,40,10,pidx30,explore
313,2.7,0.473,0.869,0.829,W1,70,40,10,pidx30,valid
469,1.7,0.407,0.783,0.764,W1,70,40,10,pidx40,explore
290,1.7,0.359,0.86,0.827,W1,70,40,10,pidx40,valid
340,1.2,0.338,0.823,0.786,W1,70,40,10,pidx50,explore
204,1.2,0.289,0.889,0.825,W1,70,40,10,pidx50,valid
159,1.0,0.358,0.724,0.69,W1,70,40,10,pidx60,explore
85,1.0,0.282,0.823,0.755,W1,70,40,10,pidx60,valid
132,1.0,0.318,0.667,0.625,W1,70,40,10,widx20,explore
77,1.0,0.312,0.931,0.854,W1,70,40,10,widx20,valid
7,1.0,0.571,1.086,0.757,W1,70,40,10,widx30,explore
7,1.0,0.429,0.457,0.3,W1,70,40,10,widx30,valid
0,,,,,W1,70,40,10,widx40,explore
0,,,,,W1,70,40,10,widx40,valid
377,1.0,0.244,0.718,0.677,W1,70,40,20,Ptop1,explore
218,1.0,0.243,1.035,0.962,W1,70,40,20,Ptop1,valid
378,2.0,0.423,0.77,0.749,W1,70,40,20,Ptop2,explore
220,2.0,0.355,0.792,0.756,W1,70,40,20,Ptop2,valid
378,3.0,0.537,0.74,0.727,W1,70,40,20,Ptop3,explore
220,3.0,0.527,1.014,0.963,W1,70,40,20,Ptop3,valid
378,4.0,0.595,0.693,0.677,W1,70,40,20,Ptop4,explore
220,4.0,0.609,0.904,0.866,W1,70,40,20,Ptop4,valid
378,4.9,0.653,0.686,0.664,W1,70,40,20,Ptop5,explore
220,5.0,0.655,0.817,0.787,W1,70,40,20,Ptop5,valid
378,2.0,0.431,0.77,0.749,W1,70,40,20,Wtop2,explore
220,2.0,0.377,0.931,0.855,W1,70,40,20,Wtop2,valid
378,3.0,0.542,0.768,0.747,W1,70,40,20,Wtop3,explore
220,3.0,0.55,1.038,0.988,W1,70,40,20,Wtop3,valid
378,4.0,0.595,0.693,0.678,W1,70,40,20,Wtop4,explore
220,4.0,0.614,0.907,0.869,W1,70,40,20,Wtop4,valid
375,2.7,0.496,0.741,0.718,W1,70,40,20,pidx30,explore
220,2.7,0.436,0.822,0.766,W1,70,40,20,pidx30,valid
327,1.8,0.407,0.801,0.775,W1,70,40,20,pidx40,explore
198,1.7,0.328,0.888,0.84,W1,70,40,20,pidx40,valid
198,1.2,0.328,0.858,0.795,W1,70,40,20,pidx50,explore
112,1.2,0.223,0.935,0.815,W1,70,40,20,pidx50,valid
60,1.0,0.35,0.72,0.664,W1,70,40,20,pidx60,explore
25,1.0,0.2,0.732,0.516,W1,70,40,20,pidx60,valid
34,1.0,0.265,0.524,0.453,W1,70,40,20,widx20,explore
17,1.0,0.294,1.253,0.906,W1,70,40,20,widx20,valid
2,1.0,0.0,0.0,0.0,W1,70,40,20,widx30,explore
0,,,,,W1,70,40,20,widx30,valid
0,,,,,W1,70,40,20,widx40,explore
0,,,,,W1,70,40,20,widx40,valid
282,1.0,0.291,0.707,0.671,W1,70,50,-99,Ptop1,explore
150,1.0,0.227,0.694,0.64,W1,70,50,-99,Ptop1,valid
283,2.0,0.449,0.713,0.696,W1,70,50,-99,Ptop2,explore
152,2.0,0.382,0.697,0.659,W1,70,50,-99,Ptop2,valid
283,3.0,0.565,0.747,0.725,W1,70,50,-99,Ptop3,explore
152,3.0,0.579,0.935,0.878,W1,70,50,-99,Ptop3,valid
283,4.0,0.618,0.675,0.655,W1,70,50,-99,Ptop4,explore
152,4.0,0.645,0.819,0.776,W1,70,50,-99,Ptop4,valid
283,4.9,0.664,0.618,0.602,W1,70,50,-99,Ptop5,explore
152,5.0,0.678,0.717,0.683,W1,70,50,-99,Ptop5,valid
283,2.0,0.442,0.674,0.656,W1,70,50,-99,Wtop2,explore
152,2.0,0.401,0.804,0.724,W1,70,50,-99,Wtop2,valid
283,3.0,0.558,0.739,0.717,W1,70,50,-99,Wtop3,explore
152,3.0,0.579,0.917,0.86,W1,70,50,-99,Wtop3,valid
283,4.0,0.615,0.673,0.653,W1,70,50,-99,Wtop4,explore
152,4.0,0.651,0.822,0.78,W1,70,50,-99,Wtop4,valid
280,2.4,0.489,0.69,0.67,W1,70,50,-99,pidx30,explore
152,2.5,0.447,0.74,0.675,W1,70,50,-99,pidx30,valid
235,1.5,0.413,0.806,0.777,W1,70,50,-99,pidx40,explore
131,1.5,0.336,0.765,0.707,W1,70,50,-99,pidx40,valid
154,1.1,0.383,0.813,0.753,W1,70,50,-99,pidx50,explore
75,1.1,0.227,0.613,0.473,W1,70,50,-99,pidx50,valid
63,1.0,0.492,0.883,0.83,W1,70,50,-99,pidx60,explore
28,1.0,0.179,0.375,0.282,W1,70,50,-99,pidx60,valid
36,1.0,0.417,0.672,0.611,W1,70,50,-99,widx20,explore
11,1.0,0.455,1.036,0.509,W1,70,50,-99,widx20,valid
2,1.0,1.0,2.0,0.9,W1,70,50,-99,widx30,explore
2,1.0,1.0,1.05,0.5,W1,70,50,-99,widx30,valid
0,,,,,W1,70,50,-99,widx40,explore
0,,,,,W1,70,50,-99,widx40,valid
280,1.0,0.289,0.706,0.67,W1,70,50,10,Ptop1,explore
150,1.0,0.227,0.694,0.64,W1,70,50,10,Ptop1,valid
281,2.0,0.448,0.716,0.698,W1,70,50,10,Ptop2,explore
152,2.0,0.382,0.697,0.659,W1,70,50,10,Ptop2,valid
281,3.0,0.566,0.75,0.728,W1,70,50,10,Ptop3,explore
152,3.0,0.579,0.935,0.878,W1,70,50,10,Ptop3,valid
281,4.0,0.619,0.678,0.658,W1,70,50,10,Ptop4,explore
152,4.0,0.645,0.819,0.776,W1,70,50,10,Ptop4,valid
281,4.9,0.665,0.621,0.605,W1,70,50,10,Ptop5,explore
152,5.0,0.678,0.717,0.683,W1,70,50,10,Ptop5,valid
281,2.0,0.441,0.676,0.658,W1,70,50,10,Wtop2,explore
152,2.0,0.401,0.804,0.724,W1,70,50,10,Wtop2,valid
281,3.0,0.559,0.743,0.721,W1,70,50,10,Wtop3,explore
152,3.0,0.579,0.917,0.86,W1,70,50,10,Wtop3,valid
281,4.0,0.616,0.676,0.656,W1,70,50,10,Wtop4,explore
152,4.0,0.651,0.822,0.78,W1,70,50,10,Wtop4,valid
278,2.4,0.489,0.693,0.673,W1,70,50,10,pidx30,explore
152,2.5,0.447,0.74,0.675,W1,70,50,10,pidx30,valid
233,1.5,0.412,0.808,0.779,W1,70,50,10,pidx40,explore
131,1.5,0.336,0.765,0.707,W1,70,50,10,pidx40,valid
152,1.1,0.382,0.814,0.753,W1,70,50,10,pidx50,explore
75,1.1,0.227,0.613,0.473,W1,70,50,10,pidx50,valid
61,1.0,0.492,0.887,0.832,W1,70,50,10,pidx60,explore
28,1.0,0.179,0.375,0.282,W1,70,50,10,pidx60,valid
34,1.0,0.412,0.668,0.603,W1,70,50,10,widx20,explore
11,1.0,0.455,1.036,0.509,W1,70,50,10,widx20,valid
2,1.0,1.0,2.0,0.9,W1,70,50,10,widx30,explore
2,1.0,1.0,1.05,0.5,W1,70,50,10,widx30,valid
0,,,,,W1,70,50,10,widx40,explore
0,,,,,W1,70,50,10,widx40,valid
249,1.0,0.261,0.69,0.65,W1,70,50,20,Ptop1,explore
137,1.0,0.219,0.712,0.653,W1,70,50,20,Ptop1,valid
250,2.0,0.436,0.743,0.723,W1,70,50,20,Ptop2,explore
138,2.0,0.37,0.701,0.659,W1,70,50,20,Ptop2,valid
250,3.0,0.548,0.746,0.726,W1,70,50,20,Ptop3,explore
138,3.0,0.572,0.956,0.893,W1,70,50,20,Ptop3,valid
250,4.0,0.608,0.689,0.667,W1,70,50,20,Ptop4,explore
138,4.0,0.645,0.846,0.8,W1,70,50,20,Ptop4,valid
250,4.9,0.66,0.638,0.62,W1,70,50,20,Ptop5,explore
138,5.0,0.681,0.746,0.708,W1,70,50,20,Ptop5,valid
250,2.0,0.428,0.698,0.678,W1,70,50,20,Wtop2,explore
138,2.0,0.391,0.817,0.73,W1,70,50,20,Wtop2,valid
250,3.0,0.548,0.753,0.733,W1,70,50,20,Wtop3,explore
138,3.0,0.58,0.954,0.892,W1,70,50,20,Wtop3,valid
250,4.0,0.604,0.687,0.665,W1,70,50,20,Wtop4,explore
138,4.0,0.652,0.85,0.803,W1,70,50,20,Wtop4,valid
247,2.5,0.482,0.713,0.691,W1,70,50,20,pidx30,explore
138,2.5,0.442,0.744,0.674,W1,70,50,20,pidx30,valid
202,1.5,0.396,0.814,0.781,W1,70,50,20,pidx40,explore
118,1.6,0.322,0.756,0.693,W1,70,50,20,pidx40,valid
121,1.1,0.347,0.809,0.735,W1,70,50,20,pidx50,explore
62,1.1,0.21,0.644,0.475,W1,70,50,20,pidx50,valid
38,1.0,0.447,0.879,0.792,W1,70,50,20,pidx60,explore
18,1.0,0.111,0.278,0.133,W1,70,50,20,pidx60,valid
15,1.0,0.267,0.5,0.36,W1,70,50,20,widx20,explore
6,1.0,0.333,1.183,0.217,W1,70,50,20,widx20,valid
0,,,,,W1,70,50,20,widx30,explore
0,,,,,W1,70,50,20,widx30,valid
0,,,,,W1,70,50,20,widx40,explore
0,,,,,W1,70,50,20,widx40,valid
96,1.0,0.312,0.742,0.694,W1,70,60,-99,Ptop1,explore
37,1.0,0.189,0.589,0.438,W1,70,60,-99,Ptop1,valid
97,2.0,0.495,0.676,0.648,W1,70,60,-99,Ptop2,explore
37,2.0,0.405,0.807,0.673,W1,70,60,-99,Ptop2,valid
97,3.0,0.608,0.749,0.697,W1,70,60,-99,Ptop3,explore
37,3.0,0.622,1.188,0.957,W1,70,60,-99,Ptop3,valid
97,3.9,0.67,0.689,0.633,W1,70,60,-99,Ptop4,explore
37,4.0,0.73,1.079,0.904,W1,70,60,-99,Ptop4,valid
97,4.9,0.722,0.637,0.592,W1,70,60,-99,Ptop5,explore
37,4.9,0.757,0.915,0.773,W1,70,60,-99,Ptop5,valid
97,2.0,0.485,0.657,0.619,W1,70,60,-99,Wtop2,explore
37,2.0,0.405,0.832,0.673,W1,70,60,-99,Wtop2,valid
97,2.9,0.619,0.788,0.735,W1,70,60,-99,Wtop3,explore
37,3.0,0.622,1.241,1.01,W1,70,60,-99,Wtop3,valid
97,3.9,0.67,0.689,0.633,W1,70,60,-99,Wtop4,explore
37,4.0,0.73,1.079,0.904,W1,70,60,-99,Wtop4,valid
94,2.1,0.468,0.605,0.569,W1,70,60,-99,pidx30,explore
37,2.0,0.378,0.799,0.633,W1,70,60,-99,pidx30,valid
67,1.4,0.463,0.803,0.757,W1,70,60,-99,pidx40,explore
28,1.3,0.214,0.459,0.322,W1,70,60,-99,pidx40,valid
36,1.1,0.444,0.793,0.717,W1,70,60,-99,pidx50,explore
13,1.0,0.077,0.108,0.0,W1,70,60,-99,pidx50,valid
16,1.0,0.5,0.881,0.725,W1,70,60,-99,pidx60,explore
4,1.0,0.0,0.0,0.0,W1,70,60,-99,pidx60,valid
0,,,,,W1,70,60,-99,widx20,explore
2,1.0,0.0,0.0,0.0,W1,70,60,-99,widx20,valid
0,,,,,W1,70,60,-99,widx30,explore
0,,,,,W1,70,60,-99,widx30,valid
0,,,,,W1,70,60,-99,widx40,explore
0,,,,,W1,70,60,-99,widx40,valid
96,1.0,0.312,0.742,0.694,W1,70,60,10,Ptop1,explore
37,1.0,0.189,0.589,0.438,W1,70,60,10,Ptop1,valid
97,2.0,0.495,0.676,0.648,W1,70,60,10,Ptop2,explore
37,2.0,0.405,0.807,0.673,W1,70,60,10,Ptop2,valid
97,3.0,0.608,0.749,0.697,W1,70,60,10,Ptop3,explore
37,3.0,0.622,1.188,0.957,W1,70,60,10,Ptop3,valid
97,3.9,0.67,0.689,0.633,W1,70,60,10,Ptop4,explore
37,4.0,0.73,1.079,0.904,W1,70,60,10,Ptop4,valid
97,4.9,0.722,0.637,0.592,W1,70,60,10,Ptop5,explore
37,4.9,0.757,0.915,0.773,W1,70,60,10,Ptop5,valid
97,2.0,0.485,0.657,0.619,W1,70,60,10,Wtop2,explore
37,2.0,0.405,0.832,0.673,W1,70,60,10,Wtop2,valid
97,2.9,0.619,0.788,0.735,W1,70,60,10,Wtop3,explore
37,3.0,0.622,1.241,1.01,W1,70,60,10,Wtop3,valid
97,3.9,0.67,0.689,0.633,W1,70,60,10,Wtop4,explore
37,4.0,0.73,1.079,0.904,W1,70,60,10,Wtop4,valid
94,2.1,0.468,0.605,0.569,W1,70,60,10,pidx30,explore
37,2.0,0.378,0.799,0.633,W1,70,60,10,pidx30,valid
67,1.4,0.463,0.803,0.757,W1,70,60,10,pidx40,explore
28,1.3,0.214,0.459,0.322,W1,70,60,10,pidx40,valid
36,1.1,0.444,0.793,0.717,W1,70,60,10,pidx50,explore
13,1.0,0.077,0.108,0.0,W1,70,60,10,pidx50,valid
16,1.0,0.5,0.881,0.725,W1,70,60,10,pidx60,explore
4,1.0,0.0,0.0,0.0,W1,70,60,10,pidx60,valid
0,,,,,W1,70,60,10,widx20,explore
2,1.0,0.0,0.0,0.0,W1,70,60,10,widx20,valid
0,,,,,W1,70,60,10,widx30,explore
0,,,,,W1,70,60,10,widx30,valid
0,,,,,W1,70,60,10,widx40,explore
0,,,,,W1,70,60,10,widx40,valid
91,1.0,0.308,0.751,0.7,W1,70,60,20,Ptop1,explore
35,1.0,0.2,0.623,0.463,W1,70,60,20,Ptop1,valid
92,2.0,0.5,0.697,0.668,W1,70,60,20,Ptop2,explore
35,2.0,0.429,0.853,0.711,W1,70,60,20,Ptop2,valid
92,3.0,0.609,0.748,0.692,W1,70,60,20,Ptop3,explore
35,3.0,0.6,1.143,0.898,W1,70,60,20,Ptop3,valid
92,3.9,0.674,0.694,0.636,W1,70,60,20,Ptop4,explore
35,4.0,0.714,1.055,0.871,W1,70,60,20,Ptop4,valid
92,4.8,0.728,0.647,0.599,W1,70,60,20,Ptop5,explore
35,4.9,0.743,0.899,0.749,W1,70,60,20,Ptop5,valid
92,2.0,0.489,0.677,0.638,W1,70,60,20,Wtop2,explore
35,2.0,0.429,0.88,0.711,W1,70,60,20,Wtop2,valid
92,2.9,0.62,0.789,0.732,W1,70,60,20,Wtop3,explore
35,3.0,0.629,1.27,1.026,W1,70,60,20,Wtop3,valid
92,3.9,0.674,0.694,0.636,W1,70,60,20,Wtop4,explore
35,4.0,0.714,1.055,0.871,W1,70,60,20,Wtop4,valid
89,2.1,0.472,0.628,0.59,W1,70,60,20,pidx30,explore
35,2.1,0.4,0.832,0.66,W1,70,60,20,pidx30,valid
62,1.4,0.468,0.816,0.767,W1,70,60,20,pidx40,explore
26,1.3,0.231,0.486,0.34,W1,70,60,20,pidx40,valid
31,1.2,0.452,0.822,0.736,W1,70,60,20,pidx50,explore
11,1.0,0.091,0.127,0.0,W1,70,60,20,pidx50,valid
11,1.0,0.545,1.018,0.791,W1,70,60,20,pidx60,explore
2,1.0,0.0,0.0,0.0,W1,70,60,20,pidx60,valid
0,,,,,W1,70,60,20,widx20,explore
2,1.0,0.0,0.0,0.0,W1,70,60,20,widx20,valid
0,,,,,W1,70,60,20,widx30,explore
0,,,,,W1,70,60,20,widx30,valid
0,,,,,W1,70,60,20,widx40,explore
0,,,,,W1,70,60,20,widx40,valid
337,1.0,0.285,0.762,0.717,W1,80,0,-99,Ptop1,explore
179,1.0,0.246,0.98,0.855,W1,80,0,-99,Ptop1,valid
339,2.0,0.422,0.707,0.684,W1,80,0,-99,Ptop2,explore
181,2.0,0.365,0.768,0.706,W1,80,0,-99,Ptop2,valid
339,3.0,0.54,0.735,0.696,W1,80,0,-99,Ptop3,explore
181,3.0,0.53,1.027,0.965,W1,80,0,-99,Ptop3,valid
339,4.0,0.593,0.655,0.625,W1,80,0,-99,Ptop4,explore
181,4.0,0.613,0.946,0.9,W1,80,0,-99,Ptop4,valid
339,4.9,0.652,0.658,0.635,W1,80,0,-99,Ptop5,explore
181,5.0,0.657,0.925,0.882,W1,80,0,-99,Ptop5,valid
339,2.0,0.431,0.723,0.7,W1,80,0,-99,Wtop2,explore
181,2.0,0.376,0.925,0.832,W1,80,0,-99,Wtop2,valid
339,3.0,0.534,0.736,0.697,W1,80,0,-99,Wtop3,explore
181,3.0,0.541,1.019,0.958,W1,80,0,-99,Wtop3,valid
339,4.0,0.593,0.669,0.64,W1,80,0,-99,Wtop4,explore
181,4.0,0.624,0.957,0.911,W1,80,0,-99,Wtop4,valid
337,2.7,0.499,0.68,0.664,W1,80,0,-99,pidx30,explore
181,2.6,0.448,0.879,0.809,W1,80,0,-99,pidx30,valid
314,1.8,0.424,0.784,0.757,W1,80,0,-99,pidx40,explore
168,1.7,0.327,0.801,0.723,W1,80,0,-99,pidx40,valid
260,1.2,0.362,0.857,0.81,W1,80,0,-99,pidx50,explore
135,1.2,0.267,0.941,0.804,W1,80,0,-99,pidx50,valid
165,1.0,0.352,0.709,0.677,W1,80,0,-99,pidx60,explore
80,1.1,0.3,1.038,0.775,W1,80,0,-99,pidx60,valid
115,1.0,0.322,0.738,0.65,W1,80,0,-99,widx20,explore
61,1.0,0.328,1.263,0.91,W1,80,0,-99,widx20,valid
28,1.0,0.429,0.843,0.739,W1,80,0,-99,widx30,explore
15,1.0,0.333,0.68,0.393,W1,80,0,-99,widx30,valid
0,,,,,W1,80,0,-99,widx40,explore
0,,,,,W1,80,0,-99,widx40,valid
308,1.0,0.279,0.772,0.723,W1,80,0,10,Ptop1,explore
161,1.0,0.23,0.866,0.768,W1,80,0,10,Ptop1,valid
309,2.0,0.417,0.713,0.688,W1,80,0,10,Ptop2,explore
163,2.0,0.356,0.723,0.674,W1,80,0,10,Ptop2,valid
309,3.0,0.544,0.722,0.706,W1,80,0,10,Ptop3,explore
163,3.0,0.534,1.041,0.972,W1,80,0,10,Ptop3,valid
309,4.0,0.599,0.648,0.63,W1,80,0,10,Ptop4,explore
163,4.0,0.613,0.917,0.866,W1,80,0,10,Ptop4,valid
309,4.9,0.66,0.658,0.638,W1,80,0,10,Ptop5,explore
163,5.0,0.663,0.92,0.873,W1,80,0,10,Ptop5,valid
309,2.0,0.427,0.73,0.706,W1,80,0,10,Wtop2,explore
163,2.0,0.374,0.916,0.813,W1,80,0,10,Wtop2,valid
309,3.0,0.537,0.723,0.706,W1,80,0,10,Wtop3,explore
163,3.0,0.546,1.032,0.964,W1,80,0,10,Wtop3,valid
309,4.0,0.595,0.653,0.635,W1,80,0,10,Wtop4,explore
163,4.0,0.626,0.93,0.878,W1,80,0,10,Wtop4,valid
307,2.7,0.502,0.691,0.673,W1,80,0,10,pidx30,explore
163,2.6,0.442,0.858,0.78,W1,80,0,10,pidx30,valid
285,1.8,0.418,0.787,0.756,W1,80,0,10,pidx40,explore
150,1.7,0.32,0.748,0.687,W1,80,0,10,pidx40,valid
231,1.2,0.355,0.869,0.816,W1,80,0,10,pidx50,explore
117,1.2,0.248,0.833,0.721,W1,80,0,10,pidx50,valid
136,1.0,0.353,0.732,0.692,W1,80,0,10,pidx60,explore
62,1.0,0.274,0.805,0.712,W1,80,0,10,pidx60,valid
86,1.0,0.314,0.777,0.659,W1,80,0,10,widx20,explore
43,1.0,0.302,0.993,0.857,W1,80,0,10,widx20,valid
11,1.0,0.455,1.009,0.745,W1,80,0,10,widx30,explore
7,1.0,0.143,0.157,0.0,W1,80,0,10,widx30,valid
0,,,,,W1,80,0,10,widx40,explore
0,,,,,W1,80,0,10,widx40,valid
233,1.0,0.258,0.781,0.716,W1,80,0,20,Ptop1,explore
124,1.0,0.202,0.851,0.723,W1,80,0,20,Ptop1,valid
234,2.0,0.406,0.743,0.711,W1,80,0,20,Ptop2,explore
125,2.0,0.312,0.682,0.618,W1,80,0,20,Ptop2,valid
234,3.0,0.534,0.748,0.726,W1,80,0,20,Ptop3,explore
125,3.0,0.504,1.047,0.958,W1,80,0,20,Ptop3,valid
234,4.0,0.59,0.67,0.646,W1,80,0,20,Ptop4,explore
125,4.0,0.6,0.95,0.883,W1,80,0,20,Ptop4,valid
234,4.9,0.645,0.659,0.634,W1,80,0,20,Ptop5,explore
125,5.0,0.632,0.822,0.769,W1,80,0,20,Ptop5,valid
234,2.0,0.419,0.766,0.734,W1,80,0,20,Wtop2,explore
125,2.0,0.336,0.933,0.799,W1,80,0,20,Wtop2,valid
234,3.0,0.538,0.759,0.738,W1,80,0,20,Wtop3,explore
125,3.0,0.536,1.094,1.005,W1,80,0,20,Wtop3,valid
234,4.0,0.585,0.668,0.644,W1,80,0,20,Wtop4,explore
125,4.0,0.616,0.966,0.899,W1,80,0,20,Wtop4,valid
232,2.8,0.491,0.702,0.679,W1,80,0,20,pidx30,explore
125,2.7,0.416,0.856,0.758,W1,80,0,20,pidx30,valid
210,1.8,0.405,0.801,0.76,W1,80,0,20,pidx40,explore
113,1.7,0.274,0.726,0.643,W1,80,0,20,pidx40,valid
156,1.2,0.327,0.875,0.796,W1,80,0,20,pidx50,explore
80,1.2,0.2,0.836,0.671,W1,80,0,20,pidx50,valid
61,1.0,0.344,0.708,0.653,W1,80,0,20,pidx60,explore
25,1.0,0.2,0.732,0.516,W1,80,0,20,pidx60,valid
25,1.0,0.2,0.732,0.32,W1,80,0,20,widx20,explore
13,1.0,0.231,1.092,0.638,W1,80,0,20,widx20,valid
2,1.0,0.0,0.0,0.0,W1,80,0,20,widx30,explore
0,,,,,W1,80,0,20,widx30,valid
0,,,,,W1,80,0,20,widx40,explore
0,,,,,W1,80,0,20,widx40,valid
337,1.0,0.285,0.762,0.717,W1,80,30,-99,Ptop1,explore
178,1.0,0.247,0.985,0.86,W1,80,30,-99,Ptop1,valid
339,2.0,0.422,0.707,0.684,W1,80,30,-99,Ptop2,explore
180,2.0,0.367,0.773,0.71,W1,80,30,-99,Ptop2,valid
339,3.0,0.54,0.735,0.696,W1,80,30,-99,Ptop3,explore
180,3.0,0.533,1.033,0.971,W1,80,30,-99,Ptop3,valid
339,4.0,0.593,0.655,0.625,W1,80,30,-99,Ptop4,explore
180,4.0,0.617,0.951,0.905,W1,80,30,-99,Ptop4,valid
339,4.9,0.652,0.658,0.635,W1,80,30,-99,Ptop5,explore
180,5.0,0.661,0.93,0.887,W1,80,30,-99,Ptop5,valid
339,2.0,0.431,0.723,0.7,W1,80,30,-99,Wtop2,explore
180,2.0,0.378,0.93,0.836,W1,80,30,-99,Wtop2,valid
339,3.0,0.534,0.736,0.697,W1,80,30,-99,Wtop3,explore
180,3.0,0.544,1.025,0.963,W1,80,30,-99,Wtop3,valid
339,4.0,0.593,0.669,0.64,W1,80,30,-99,Wtop4,explore
180,4.0,0.628,0.963,0.916,W1,80,30,-99,Wtop4,valid
337,2.7,0.499,0.68,0.664,W1,80,30,-99,pidx30,explore
180,2.6,0.45,0.887,0.816,W1,80,30,-99,pidx30,valid
314,1.8,0.424,0.784,0.757,W1,80,30,-99,pidx40,explore
167,1.7,0.329,0.806,0.728,W1,80,30,-99,pidx40,valid
260,1.2,0.362,0.857,0.81,W1,80,30,-99,pidx50,explore
134,1.2,0.269,0.947,0.809,W1,80,30,-99,pidx50,valid
165,1.0,0.352,0.709,0.677,W1,80,30,-99,pidx60,explore
80,1.1,0.3,1.038,0.775,W1,80,30,-99,pidx60,valid
115,1.0,0.322,0.738,0.65,W1,80,30,-99,widx20,explore
60,1.0,0.333,1.284,0.924,W1,80,30,-99,widx20,valid
28,1.0,0.429,0.843,0.739,W1,80,30,-99,widx30,explore
15,1.0,0.333,0.68,0.393,W1,80,30,-99,widx30,valid
0,,,,,W1,80,30,-99,widx40,explore
0,,,,,W1,80,30,-99,widx40,valid
308,1.0,0.279,0.772,0.723,W1,80,30,10,Ptop1,explore
160,1.0,0.231,0.872,0.772,W1,80,30,10,Ptop1,valid
309,2.0,0.417,0.713,0.688,W1,80,30,10,Ptop2,explore
162,2.0,0.358,0.727,0.678,W1,80,30,10,Ptop2,valid
309,3.0,0.544,0.722,0.706,W1,80,30,10,Ptop3,explore
162,3.0,0.537,1.047,0.978,W1,80,30,10,Ptop3,valid
309,4.0,0.599,0.648,0.63,W1,80,30,10,Ptop4,explore
162,4.0,0.617,0.923,0.871,W1,80,30,10,Ptop4,valid
309,4.9,0.66,0.658,0.638,W1,80,30,10,Ptop5,explore
162,5.0,0.667,0.926,0.878,W1,80,30,10,Ptop5,valid
309,2.0,0.427,0.73,0.706,W1,80,30,10,Wtop2,explore
162,2.0,0.377,0.922,0.818,W1,80,30,10,Wtop2,valid
309,3.0,0.537,0.723,0.706,W1,80,30,10,Wtop3,explore
162,3.0,0.549,1.039,0.97,W1,80,30,10,Wtop3,valid
309,4.0,0.595,0.653,0.635,W1,80,30,10,Wtop4,explore
162,4.0,0.63,0.935,0.884,W1,80,30,10,Wtop4,valid
307,2.7,0.502,0.691,0.673,W1,80,30,10,pidx30,explore
162,2.6,0.444,0.866,0.788,W1,80,30,10,pidx30,valid
285,1.8,0.418,0.787,0.756,W1,80,30,10,pidx40,explore
149,1.7,0.322,0.754,0.692,W1,80,30,10,pidx40,valid
231,1.2,0.355,0.869,0.816,W1,80,30,10,pidx50,explore
116,1.2,0.25,0.839,0.726,W1,80,30,10,pidx50,valid
136,1.0,0.353,0.732,0.692,W1,80,30,10,pidx60,explore
62,1.0,0.274,0.805,0.712,W1,80,30,10,pidx60,valid
86,1.0,0.314,0.777,0.659,W1,80,30,10,widx20,explore
42,1.0,0.31,1.016,0.877,W1,80,30,10,widx20,valid
11,1.0,0.455,1.009,0.745,W1,80,30,10,widx30,explore
7,1.0,0.143,0.157,0.0,W1,80,30,10,widx30,valid
0,,,,,W1,80,30,10,widx40,explore
0,,,,,W1,80,30,10,widx40,valid
233,1.0,0.258,0.781,0.716,W1,80,30,20,Ptop1,explore
123,1.0,0.203,0.858,0.728,W1,80,30,20,Ptop1,valid
234,2.0,0.406,0.743,0.711,W1,80,30,20,Ptop2,explore
124,2.0,0.315,0.687,0.623,W1,80,30,20,Ptop2,valid
234,3.0,0.534,0.748,0.726,W1,80,30,20,Ptop3,explore
124,3.0,0.508,1.056,0.966,W1,80,30,20,Ptop3,valid
234,4.0,0.59,0.67,0.646,W1,80,30,20,Ptop4,explore
124,4.0,0.605,0.958,0.89,W1,80,30,20,Ptop4,valid
234,4.9,0.645,0.659,0.634,W1,80,30,20,Ptop5,explore
124,5.0,0.637,0.829,0.775,W1,80,30,20,Ptop5,valid
234,2.0,0.419,0.766,0.734,W1,80,30,20,Wtop2,explore
124,2.0,0.339,0.94,0.806,W1,80,30,20,Wtop2,valid
234,3.0,0.538,0.759,0.738,W1,80,30,20,Wtop3,explore
124,3.0,0.54,1.103,1.013,W1,80,30,20,Wtop3,valid
234,4.0,0.585,0.668,0.644,W1,80,30,20,Wtop4,explore
124,4.0,0.621,0.974,0.907,W1,80,30,20,Wtop4,valid
232,2.8,0.491,0.702,0.679,W1,80,30,20,pidx30,explore
124,2.7,0.419,0.866,0.767,W1,80,30,20,pidx30,valid
210,1.8,0.405,0.801,0.76,W1,80,30,20,pidx40,explore
112,1.7,0.277,0.734,0.65,W1,80,30,20,pidx40,valid
156,1.2,0.327,0.875,0.796,W1,80,30,20,pidx50,explore
79,1.2,0.203,0.845,0.678,W1,80,30,20,pidx50,valid
61,1.0,0.344,0.708,0.653,W1,80,30,20,pidx60,explore
25,1.0,0.2,0.732,0.516,W1,80,30,20,pidx60,valid
25,1.0,0.2,0.732,0.32,W1,80,30,20,widx20,explore
12,1.0,0.25,1.183,0.692,W1,80,30,20,widx20,valid
2,1.0,0.0,0.0,0.0,W1,80,30,20,widx30,explore
0,,,,,W1,80,30,20,widx30,valid
0,,,,,W1,80,30,20,widx40,explore
0,,,,,W1,80,30,20,widx40,valid
312,1.0,0.288,0.754,0.706,W1,80,40,-99,Ptop1,explore
169,1.0,0.249,1.004,0.872,W1,80,40,-99,Ptop1,valid
314,2.0,0.424,0.701,0.677,W1,80,40,-99,Ptop2,explore
171,2.0,0.368,0.787,0.721,W1,80,40,-99,Ptop2,valid
314,3.0,0.545,0.704,0.687,W1,80,40,-99,Ptop3,explore
171,3.0,0.538,1.057,0.992,W1,80,40,-99,Ptop3,valid
314,4.0,0.596,0.625,0.607,W1,80,40,-99,Ptop4,explore
171,4.0,0.62,0.938,0.889,W1,80,40,-99,Ptop4,valid
314,4.9,0.653,0.629,0.61,W1,80,40,-99,Ptop5,explore
171,5.0,0.667,0.928,0.883,W1,80,40,-99,Ptop5,valid
314,2.0,0.433,0.718,0.694,W1,80,40,-99,Wtop2,explore
171,2.0,0.38,0.953,0.854,W1,80,40,-99,Wtop2,valid
314,3.0,0.541,0.711,0.695,W1,80,40,-99,Wtop3,explore
171,3.0,0.55,1.049,0.984,W1,80,40,-99,Wtop3,valid
314,4.0,0.596,0.636,0.618,W1,80,40,-99,Wtop4,explore
171,4.0,0.632,0.949,0.9,W1,80,40,-99,Wtop4,valid
312,2.7,0.503,0.68,0.662,W1,80,40,-99,pidx30,explore
171,2.6,0.45,0.898,0.823,W1,80,40,-99,pidx30,valid
289,1.7,0.426,0.789,0.759,W1,80,40,-99,pidx40,explore
158,1.7,0.329,0.821,0.738,W1,80,40,-99,pidx40,valid
235,1.2,0.362,0.86,0.807,W1,80,40,-99,pidx50,explore
125,1.2,0.272,0.991,0.841,W1,80,40,-99,pidx50,valid
142,1.0,0.373,0.76,0.722,W1,80,40,-99,pidx60,explore
73,1.0,0.301,1.084,0.791,W1,80,40,-99,pidx60,valid
90,1.0,0.344,0.723,0.661,W1,80,40,-99,widx20,explore
52,1.0,0.346,1.392,0.972,W1,80,40,-99,widx20,valid
14,1.0,0.5,0.9,0.736,W1,80,40,-99,widx30,explore
10,1.0,0.3,0.44,0.26,W1,80,40,-99,widx30,valid
0,,,,,W1,80,40,-99,widx40,explore
0,,,,,W1,80,40,-99,widx40,valid
294,1.0,0.282,0.755,0.703,W1,80,40,10,Ptop1,explore
155,1.0,0.239,0.9,0.797,W1,80,40,10,Ptop1,valid
295,2.0,0.42,0.705,0.68,W1,80,40,10,Ptop2,explore
157,2.0,0.363,0.741,0.689,W1,80,40,10,Ptop2,valid
295,3.0,0.549,0.722,0.705,W1,80,40,10,Ptop3,explore
157,3.0,0.548,1.074,1.003,W1,80,40,10,Ptop3,valid
295,4.0,0.603,0.645,0.626,W1,80,40,10,Ptop4,explore
157,4.0,0.631,0.947,0.894,W1,80,40,10,Ptop4,valid
295,4.9,0.664,0.654,0.633,W1,80,40,10,Ptop5,explore
157,5.0,0.682,0.951,0.902,W1,80,40,10,Ptop5,valid
295,2.0,0.431,0.724,0.698,W1,80,40,10,Wtop2,explore
157,2.0,0.382,0.941,0.834,W1,80,40,10,Wtop2,valid
295,3.0,0.546,0.729,0.712,W1,80,40,10,Wtop3,explore
157,3.0,0.561,1.065,0.994,W1,80,40,10,Wtop3,valid
295,4.0,0.603,0.656,0.637,W1,80,40,10,Wtop4,explore
157,4.0,0.643,0.96,0.907,W1,80,40,10,Wtop4,valid
293,2.7,0.505,0.689,0.67,W1,80,40,10,pidx30,explore
157,2.6,0.452,0.885,0.805,W1,80,40,10,pidx30,valid
271,1.7,0.421,0.79,0.758,W1,80,40,10,pidx40,explore
144,1.7,0.326,0.772,0.707,W1,80,40,10,pidx40,valid
217,1.2,0.355,0.852,0.795,W1,80,40,10,pidx50,explore
111,1.2,0.261,0.883,0.764,W1,80,40,10,pidx50,valid
124,1.0,0.371,0.761,0.718,W1,80,40,10,pidx60,explore
59,1.0,0.288,0.857,0.759,W1,80,40,10,pidx60,valid
72,1.0,0.333,0.717,0.639,W1,80,40,10,widx20,explore
38,1.0,0.342,1.121,0.967,W1,80,40,10,widx20,valid
6,1.0,0.5,0.9,0.517,W1,80,40,10,widx30,explore
5,1.0,0.2,0.22,0.0,W1,80,40,10,widx30,valid
0,,,,,W1,80,40,10,widx40,explore
0,,,,,W1,80,40,10,widx40,valid
230,1.0,0.257,0.747,0.68,W1,80,40,20,Ptop1,explore
121,1.0,0.207,0.872,0.74,W1,80,40,20,Ptop1,valid
231,2.0,0.407,0.731,0.697,W1,80,40,20,Ptop2,explore
122,2.0,0.32,0.699,0.633,W1,80,40,20,Ptop2,valid
231,3.0,0.537,0.742,0.72,W1,80,40,20,Ptop3,explore
122,3.0,0.516,1.073,0.982,W1,80,40,20,Ptop3,valid
231,4.0,0.593,0.668,0.643,W1,80,40,20,Ptop4,explore
122,4.0,0.615,0.973,0.905,W1,80,40,20,Ptop4,valid
231,4.9,0.649,0.659,0.633,W1,80,40,20,Ptop5,explore
122,5.0,0.648,0.843,0.788,W1,80,40,20,Ptop5,valid
231,2.0,0.42,0.754,0.721,W1,80,40,20,Wtop2,explore
122,2.0,0.344,0.956,0.819,W1,80,40,20,Wtop2,valid
231,3.0,0.541,0.754,0.732,W1,80,40,20,Wtop3,explore
122,3.0,0.549,1.121,1.03,W1,80,40,20,Wtop3,valid
231,4.0,0.589,0.665,0.641,W1,80,40,20,Wtop4,explore
122,4.0,0.631,0.99,0.922,W1,80,40,20,Wtop4,valid
229,2.8,0.493,0.698,0.674,W1,80,40,20,pidx30,explore
122,2.7,0.426,0.882,0.781,W1,80,40,20,pidx30,valid
207,1.8,0.406,0.793,0.751,W1,80,40,20,pidx40,explore
110,1.7,0.282,0.75,0.664,W1,80,40,20,pidx40,valid
153,1.2,0.327,0.848,0.766,W1,80,40,20,pidx50,explore
77,1.2,0.208,0.873,0.7,W1,80,40,20,pidx50,valid
60,1.0,0.35,0.72,0.664,W1,80,40,20,pidx60,explore
25,1.0,0.2,0.732,0.516,W1,80,40,20,pidx60,valid
22,1.0,0.182,0.364,0.264,W1,80,40,20,widx20,explore
11,1.0,0.273,1.291,0.755,W1,80,40,20,widx20,valid
2,1.0,0.0,0.0,0.0,W1,80,40,20,widx30,explore
0,,,,,W1,80,40,20,widx30,valid
0,,,,,W1,80,40,20,widx40,explore
0,,,,,W1,80,40,20,widx40,valid
200,1.0,0.3,0.732,0.682,W1,80,50,-99,Ptop1,explore
102,1.0,0.196,0.642,0.563,W1,80,50,-99,Ptop1,valid
201,2.0,0.433,0.677,0.652,W1,80,50,-99,Ptop2,explore
104,2.0,0.356,0.685,0.63,W1,80,50,-99,Ptop2,valid
201,3.0,0.557,0.709,0.683,W1,80,50,-99,Ptop3,explore
104,3.0,0.558,0.969,0.886,W1,80,50,-99,Ptop3,valid
201,4.0,0.612,0.647,0.619,W1,80,50,-99,Ptop4,explore
104,4.0,0.644,0.872,0.81,W1,80,50,-99,Ptop4,valid
201,4.9,0.657,0.591,0.569,W1,80,50,-99,Ptop5,explore
104,5.0,0.673,0.756,0.706,W1,80,50,-99,Ptop5,valid
201,2.0,0.433,0.654,0.629,W1,80,50,-99,Wtop2,explore
104,2.0,0.365,0.798,0.681,W1,80,50,-99,Wtop2,valid
201,3.0,0.552,0.705,0.679,W1,80,50,-99,Wtop3,explore
104,3.0,0.567,0.958,0.875,W1,80,50,-99,Wtop3,valid
201,4.0,0.607,0.644,0.617,W1,80,50,-99,Wtop4,explore
104,4.0,0.654,0.877,0.815,W1,80,50,-99,Wtop4,valid
199,2.6,0.503,0.659,0.633,W1,80,50,-99,pidx30,explore
104,2.5,0.442,0.772,0.681,W1,80,50,-99,pidx30,valid
177,1.6,0.412,0.74,0.703,W1,80,50,-99,pidx40,explore
91,1.6,0.308,0.727,0.649,W1,80,50,-99,pidx40,valid
130,1.1,0.369,0.796,0.726,W1,80,50,-99,pidx50,explore
62,1.1,0.177,0.601,0.43,W1,80,50,-99,pidx50,valid
59,1.0,0.475,0.865,0.808,W1,80,50,-99,pidx60,explore
26,1.0,0.154,0.362,0.262,W1,80,50,-99,pidx60,valid
18,1.0,0.444,0.728,0.611,W1,80,50,-99,widx20,explore
5,1.0,0.2,0.44,0.0,W1,80,50,-99,widx20,valid
1,1.0,1.0,1.8,0.0,W1,80,50,-99,widx30,explore
0,,,,,W1,80,50,-99,widx30,valid
0,,,,,W1,80,50,-99,widx40,explore
0,,,,,W1,80,50,-99,widx40,valid
198,1.0,0.298,0.732,0.681,W1,80,50,10,Ptop1,explore
102,1.0,0.196,0.642,0.563,W1,80,50,10,Ptop1,valid
199,2.0,0.432,0.68,0.655,W1,80,50,10,Ptop2,explore
104,2.0,0.356,0.685,0.63,W1,80,50,10,Ptop2,valid
199,3.0,0.558,0.713,0.688,W1,80,50,10,Ptop3,explore
104,3.0,0.558,0.969,0.886,W1,80,50,10,Ptop3,valid
199,4.0,0.613,0.652,0.623,W1,80,50,10,Ptop4,explore
104,4.0,0.644,0.872,0.81,W1,80,50,10,Ptop4,valid
199,4.9,0.658,0.596,0.573,W1,80,50,10,Ptop5,explore
104,5.0,0.673,0.756,0.706,W1,80,50,10,Ptop5,valid
199,2.0,0.432,0.657,0.631,W1,80,50,10,Wtop2,explore
104,2.0,0.365,0.798,0.681,W1,80,50,10,Wtop2,valid
199,3.0,0.553,0.709,0.684,W1,80,50,10,Wtop3,explore
104,3.0,0.567,0.958,0.875,W1,80,50,10,Wtop3,valid
199,4.0,0.608,0.649,0.621,W1,80,50,10,Wtop4,explore
104,4.0,0.654,0.877,0.815,W1,80,50,10,Wtop4,valid
197,2.6,0.503,0.662,0.636,W1,80,50,10,pidx30,explore
104,2.5,0.442,0.772,0.681,W1,80,50,10,pidx30,valid
175,1.6,0.411,0.742,0.705,W1,80,50,10,pidx40,explore
91,1.6,0.308,0.727,0.649,W1,80,50,10,pidx40,valid
128,1.1,0.367,0.796,0.725,W1,80,50,10,pidx50,explore
62,1.1,0.177,0.601,0.43,W1,80,50,10,pidx50,valid
57,1.0,0.474,0.869,0.81,W1,80,50,10,pidx60,explore
26,1.0,0.154,0.362,0.262,W1,80,50,10,pidx60,valid
16,1.0,0.438,0.725,0.594,W1,80,50,10,widx20,explore
5,1.0,0.2,0.44,0.0,W1,80,50,10,widx20,valid
1,1.0,1.0,1.8,0.0,W1,80,50,10,widx30,explore
0,,,,,W1,80,50,10,widx30,valid
0,,,,,W1,80,50,10,widx40,explore
0,,,,,W1,80,50,10,widx40,valid
179,1.0,0.274,0.72,0.664,W1,80,50,20,Ptop1,explore
94,1.0,0.191,0.65,0.564,W1,80,50,20,Ptop1,valid
180,2.0,0.422,0.708,0.679,W1,80,50,20,Ptop2,explore
95,2.0,0.337,0.663,0.603,W1,80,50,20,Ptop2,valid
180,3.0,0.539,0.716,0.687,W1,80,50,20,Ptop3,explore
95,3.0,0.537,0.96,0.869,W1,80,50,20,Ptop3,valid
180,4.0,0.6,0.666,0.635,W1,80,50,20,Ptop4,explore
95,4.0,0.632,0.879,0.812,W1,80,50,20,Ptop4,valid
180,4.9,0.65,0.615,0.589,W1,80,50,20,Ptop5,explore
95,5.0,0.663,0.768,0.713,W1,80,50,20,Ptop5,valid
180,2.0,0.422,0.682,0.654,W1,80,50,20,Wtop2,explore
95,2.0,0.347,0.786,0.659,W1,80,50,20,Wtop2,valid
180,3.0,0.544,0.732,0.704,W1,80,50,20,Wtop3,explore
95,3.0,0.558,0.974,0.884,W1,80,50,20,Wtop3,valid
180,4.0,0.594,0.663,0.632,W1,80,50,20,Wtop4,explore
95,4.0,0.642,0.885,0.817,W1,80,50,20,Wtop4,valid
178,2.7,0.494,0.681,0.653,W1,80,50,20,pidx30,explore
95,2.6,0.432,0.764,0.666,W1,80,50,20,pidx30,valid
156,1.6,0.397,0.738,0.698,W1,80,50,20,pidx40,explore
83,1.6,0.289,0.699,0.613,W1,80,50,20,pidx40,valid
109,1.1,0.339,0.789,0.707,W1,80,50,20,pidx50,explore
54,1.1,0.167,0.619,0.421,W1,80,50,20,pidx50,valid
38,1.0,0.447,0.879,0.792,W1,80,50,20,pidx60,explore
18,1.0,0.111,0.278,0.133,W1,80,50,20,pidx60,valid
6,1.0,0.167,0.35,0.0,W1,80,50,20,widx20,explore
3,1.0,0.0,0.0,0.0,W1,80,50,20,widx20,valid
0,,,,,W1,80,50,20,widx30,explore
0,,,,,W1,80,50,20,widx30,valid
0,,,,,W1,80,50,20,widx40,explore
0,,,,,W1,80,50,20,widx40,valid
73,1.0,0.356,0.878,0.815,W1,80,60,-99,Ptop1,explore
30,1.0,0.167,0.57,0.383,W1,80,60,-99,Ptop1,valid
74,2.0,0.486,0.67,0.634,W1,80,60,-99,Ptop2,explore
30,2.0,0.367,0.713,0.573,W1,80,60,-99,Ptop2,valid
74,2.9,0.608,0.764,0.694,W1,80,60,-99,Ptop3,explore
30,3.0,0.567,1.092,0.807,W1,80,60,-99,Ptop3,valid
74,3.9,0.662,0.666,0.593,W1,80,60,-99,Ptop4,explore
30,4.0,0.7,1.042,0.828,W1,80,60,-99,Ptop4,valid
74,4.8,0.703,0.606,0.547,W1,80,60,-99,Ptop5,explore
30,4.9,0.733,0.899,0.724,W1,80,60,-99,Ptop5,valid
74,2.0,0.486,0.681,0.632,W1,80,60,-99,Wtop2,explore
30,2.0,0.367,0.713,0.573,W1,80,60,-99,Wtop2,valid
74,2.9,0.608,0.755,0.685,W1,80,60,-99,Wtop3,explore
30,3.0,0.6,1.212,0.927,W1,80,60,-99,Wtop3,valid
74,3.9,0.662,0.666,0.593,W1,80,60,-99,Wtop4,explore
30,4.0,0.7,1.042,0.828,W1,80,60,-99,Wtop4,valid
72,2.2,0.486,0.598,0.554,W1,80,60,-99,pidx30,explore
30,2.2,0.4,0.849,0.658,W1,80,60,-99,pidx30,valid
56,1.4,0.482,0.821,0.768,W1,80,60,-99,pidx40,explore
22,1.4,0.227,0.481,0.316,W1,80,60,-99,pidx40,valid
35,1.1,0.429,0.78,0.702,W1,80,60,-99,pidx50,explore
13,1.0,0.077,0.108,0.0,W1,80,60,-99,pidx50,valid
16,1.0,0.5,0.881,0.725,W1,80,60,-99,pidx60,explore
4,1.0,0.0,0.0,0.0,W1,80,60,-99,pidx60,valid
0,,,,,W1,80,60,-99,widx20,explore
1,1.0,0.0,0.0,0.0,W1,80,60,-99,widx20,valid
0,,,,,W1,80,60,-99,widx30,explore
0,,,,,W1,80,60,-99,widx30,valid
0,,,,,W1,80,60,-99,widx40,explore
0,,,,,W1,80,60,-99,widx40,valid
73,1.0,0.356,0.878,0.815,W1,80,60,10,Ptop1,explore
30,1.0,0.167,0.57,0.383,W1,80,60,10,Ptop1,valid
74,2.0,0.486,0.67,0.634,W1,80,60,10,Ptop2,explore
30,2.0,0.367,0.713,0.573,W1,80,60,10,Ptop2,valid
74,2.9,0.608,0.764,0.694,W1,80,60,10,Ptop3,explore
30,3.0,0.567,1.092,0.807,W1,80,60,10,Ptop3,valid
74,3.9,0.662,0.666,0.593,W1,80,60,10,Ptop4,explore
30,4.0,0.7,1.042,0.828,W1,80,60,10,Ptop4,valid
74,4.8,0.703,0.606,0.547,W1,80,60,10,Ptop5,explore
30,4.9,0.733,0.899,0.724,W1,80,60,10,Ptop5,valid
74,2.0,0.486,0.681,0.632,W1,80,60,10,Wtop2,explore
30,2.0,0.367,0.713,0.573,W1,80,60,10,Wtop2,valid
74,2.9,0.608,0.755,0.685,W1,80,60,10,Wtop3,explore
30,3.0,0.6,1.212,0.927,W1,80,60,10,Wtop3,valid
74,3.9,0.662,0.666,0.593,W1,80,60,10,Wtop4,explore
30,4.0,0.7,1.042,0.828,W1,80,60,10,Wtop4,valid
72,2.2,0.486,0.598,0.554,W1,80,60,10,pidx30,explore
30,2.2,0.4,0.849,0.658,W1,80,60,10,pidx30,valid
56,1.4,0.482,0.821,0.768,W1,80,60,10,pidx40,explore
22,1.4,0.227,0.481,0.316,W1,80,60,10,pidx40,valid
35,1.1,0.429,0.78,0.702,W1,80,60,10,pidx50,explore
13,1.0,0.077,0.108,0.0,W1,80,60,10,pidx50,valid
16,1.0,0.5,0.881,0.725,W1,80,60,10,pidx60,explore
4,1.0,0.0,0.0,0.0,W1,80,60,10,pidx60,valid
0,,,,,W1,80,60,10,widx20,explore
1,1.0,0.0,0.0,0.0,W1,80,60,10,widx20,valid
0,,,,,W1,80,60,10,widx30,explore
0,,,,,W1,80,60,10,widx30,valid
0,,,,,W1,80,60,10,widx40,explore
0,,,,,W1,80,60,10,widx40,valid
68,1.0,0.353,0.9,0.832,W1,80,60,20,Ptop1,explore
28,1.0,0.179,0.611,0.411,W1,80,60,20,Ptop1,valid
69,2.0,0.493,0.698,0.659,W1,80,60,20,Ptop2,explore
28,2.0,0.393,0.764,0.614,W1,80,60,20,Ptop2,valid
69,2.9,0.609,0.763,0.688,W1,80,60,20,Ptop3,explore
28,3.0,0.536,1.029,0.723,W1,80,60,20,Ptop3,valid
69,3.9,0.667,0.672,0.594,W1,80,60,20,Ptop4,explore
28,4.0,0.679,1.01,0.78,W1,80,60,20,Ptop4,valid
69,4.8,0.71,0.617,0.553,W1,80,60,20,Ptop5,explore
28,4.9,0.714,0.877,0.69,W1,80,60,20,Ptop5,valid
69,2.0,0.493,0.71,0.657,W1,80,60,20,Wtop2,explore
28,2.0,0.393,0.764,0.614,W1,80,60,20,Wtop2,valid
69,2.9,0.609,0.753,0.678,W1,80,60,20,Wtop3,explore
28,3.0,0.607,1.246,0.94,W1,80,60,20,Wtop3,valid
69,3.9,0.667,0.672,0.594,W1,80,60,20,Wtop4,explore
28,4.0,0.679,1.01,0.78,W1,80,60,20,Wtop4,valid
67,2.2,0.493,0.626,0.579,W1,80,60,20,pidx30,explore
28,2.2,0.429,0.89,0.69,W1,80,60,20,pidx30,valid
51,1.5,0.49,0.837,0.78,W1,80,60,20,pidx40,explore
20,1.4,0.25,0.514,0.338,W1,80,60,20,pidx40,valid
30,1.2,0.433,0.809,0.72,W1,80,60,20,pidx50,explore
11,1.0,0.091,0.127,0.0,W1,80,60,20,pidx50,valid
11,1.0,0.545,1.018,0.791,W1,80,60,20,pidx60,explore
2,1.0,0.0,0.0,0.0,W1,80,60,20,pidx60,valid
0,,,,,W1,80,60,20,widx20,explore
1,1.0,0.0,0.0,0.0,W1,80,60,20,widx20,valid
0,,,,,W1,80,60,20,widx30,explore
0,,,,,W1,80,60,20,widx30,valid
0,,,,,W1,80,60,20,widx40,explore
0,,,,,W1,80,60,20,widx40,valid
