rid,a,b,pm,odds_est,qodds_final,hit,payout
20260801_高知_02,1,6,0.3116,2.4614,2.7,0,0
20260801_高知_02,2,6,0.1868,3.1711,4.2,1,420
20260801_高知_02,1,2,0.0917,3.6838,4.5,0,0
20260801_高知_02,5,6,0.0867,15.4065,10.0,0,0
20260801_高知_02,6,7,0.0461,40.9939,46.2,0,0
20260801_高知_04,5,8,0.2146,3.9384,4.5,0,0
20260801_高知_04,5,10,0.2018,3.6174,4.2,0,0
20260801_高知_04,1,5,0.1095,8.4991,10.7,0,0
20260801_高知_04,5,9,0.0731,11.5777,14.8,0,0
20260801_高知_04,8,10,0.0649,10.3534,8.3,0,0
20260801_高知_07,2,3,0.2672,2.5395,2.5,0,0
20260801_高知_07,2,9,0.2465,2.272,2.6,1,260
20260801_高知_07,2,6,0.0796,9.8757,11.5,0,0
20260801_高知_07,3,9,0.0733,8.618,9.9,0,0
20260801_高知_07,2,5,0.0471,19.1188,25.3,0,0
20260802_盛岡_01,2,9,0.379,0.5984,1.1,1,110
20260802_盛岡_01,2,5,0.1103,16.4319,13.7,0,0
20260802_盛岡_01,2,4,0.1067,14.2403,14.0,0,0
20260802_盛岡_01,2,3,0.0725,13.2929,13.9,0,0
20260802_盛岡_01,2,7,0.0646,18.9523,19.0,0,0
20260802_盛岡_02,8,9,0.2115,3.5263,4.3,0,0
20260802_盛岡_02,5,8,0.1987,2.944,3.7,0,0
20260802_盛岡_02,5,9,0.1565,3.1172,3.9,0,0
20260802_盛岡_02,4,8,0.0873,10.5994,12.5,0,0
20260802_盛岡_02,4,9,0.068,10.7625,7.8,0,0
20260802_盛岡_03,3,7,0.2332,2.8905,3.6,0,0
20260802_盛岡_03,2,7,0.1591,5.9605,4.0,0,0
20260802_盛岡_03,1,7,0.1152,5.27,5.2,0,0
20260802_盛岡_03,7,9,0.1011,6.6472,7.9,0,0
20260802_盛岡_03,7,10,0.0505,10.4652,15.2,0,0
20260802_盛岡_04,3,4,0.3155,1.9499,2.7,1,270
20260802_盛岡_04,3,5,0.1779,6.0131,6.4,0,0
20260802_盛岡_04,3,7,0.0904,12.9539,14.8,0,0
20260802_盛岡_04,4,5,0.0686,4.3086,3.8,0,0
20260802_盛岡_04,3,9,0.0648,23.0596,32.7,0,0
20260802_盛岡_07,4,8,0.2836,2.839,2.8,0,0
20260802_盛岡_07,3,8,0.1227,4.9701,5.3,0,0
20260802_盛岡_07,2,8,0.0764,10.2633,14.3,1,1430
20260802_盛岡_07,1,8,0.0636,12.2394,18.9,0,0
20260802_盛岡_07,5,8,0.0585,10.1455,14.1,0,0
20260802_盛岡_09,3,6,0.2981,2.0459,2.0,1,200
20260802_盛岡_09,3,5,0.1288,4.386,4.9,0,0
20260802_盛岡_09,5,6,0.073,15.555,19.6,0,0
20260802_盛岡_09,3,7,0.0729,10.5558,13.6,0,0
20260802_盛岡_09,2,3,0.0691,11.7216,12.7,0,0
20260802_盛岡_10,3,8,0.1946,4.3739,5.2,0,0
20260802_盛岡_10,3,7,0.1552,4.9423,4.9,1,490
20260802_盛岡_10,3,9,0.1048,5.7567,6.6,0,0
20260802_盛岡_10,3,4,0.0966,9.8365,8.2,0,0
20260802_盛岡_10,3,10,0.0579,15.135,10.0,0,0
20260802_盛岡_11,6,7,0.2391,2.7345,2.5,0,0
20260802_盛岡_11,2,7,0.1476,6.1319,7.8,0,0
20260802_盛岡_11,5,7,0.1122,6.4825,8.2,0,0
20260802_盛岡_11,7,11,0.0918,9.3221,8.7,0,0
20260802_盛岡_11,7,9,0.0754,11.2875,9.0,1,900
20260802_盛岡_12,6,7,0.2976,1.2647,2.1,0,0
20260802_盛岡_12,1,7,0.1275,6.5371,5.0,1,500
20260802_盛岡_12,2,7,0.0762,12.0098,11.4,0,0
20260802_盛岡_12,5,7,0.0697,10.7454,7.5,0,0
20260802_盛岡_12,7,11,0.0685,12.3316,9.2,0,0
20260802_船橋_03,2,5,0.3314,1.26,2.3,1,230
20260802_船橋_03,5,6,0.1839,4.0061,3.6,0,0
20260802_船橋_03,4,5,0.1294,7.0186,10.2,0,0
20260802_船橋_03,2,6,0.0876,5.8809,5.0,0,0
20260802_船橋_03,1,5,0.0684,13.9735,24.7,0,0
20260802_船橋_04,4,7,0.2147,3.163,4.2,0,0
20260802_船橋_04,3,4,0.2124,4.4189,6.4,0,0
20260802_船橋_04,2,4,0.1264,3.2571,2.8,1,280
20260802_船橋_04,4,5,0.0963,6.6717,8.0,0,0
20260802_船橋_04,4,6,0.0959,14.1578,9.2,0,0
20260802_船橋_12,8,9,0.1885,3.5474,2.8,1,280
20260802_船橋_12,6,8,0.1555,4.545,4.8,0,0
20260802_船橋_12,3,8,0.115,6.9139,11.5,0,0
20260802_船橋_12,7,8,0.0945,5.7205,6.9,0,0
20260802_船橋_12,2,8,0.0893,7.4985,9.2,0,0
20260802_高知_01,7,11,0.2839,2.169,2.6,0,0
20260802_高知_01,7,8,0.2617,1.4405,1.8,0,0
20260802_高知_01,7,9,0.0886,16.8748,22.5,0,0
20260802_高知_01,2,7,0.0754,15.9655,24.9,1,2490
20260802_高知_01,1,7,0.0722,15.0766,14.4,0,0
20260802_高知_04,2,12,0.2672,2.2821,2.6,0,0
20260802_高知_04,3,12,0.2636,2.5614,2.0,1,200
20260802_高知_04,10,12,0.0973,6.5488,8.8,0,0
20260802_高知_04,2,3,0.078,10.5508,16.5,0,0
20260802_高知_04,6,12,0.0394,26.5815,38.5,0,0
20260802_高知_05,2,6,0.3189,0.6976,1.4,1,140
20260802_高知_05,2,9,0.1174,8.8491,6.6,0,0
20260802_高知_05,2,4,0.1059,10.1707,9.7,0,0
20260802_高知_05,2,7,0.0845,10.3043,8.3,0,0
20260802_高知_05,2,11,0.048,29.6201,27.7,0,0
20260802_高知_08,1,5,0.2655,1.2687,1.8,0,0
20260802_高知_08,1,7,0.148,4.5829,3.7,1,370
20260802_高知_08,1,12,0.1143,7.4999,11.5,0,0
20260802_高知_08,1,10,0.093,8.0746,9.0,0,0
20260802_高知_08,1,11,0.079,12.6375,15.9,0,0
20260802_高知_09,4,5,0.3056,1.6838,2.0,0,0
20260802_高知_09,2,5,0.1213,5.5723,4.5,0,0
20260802_高知_09,2,4,0.1174,5.2621,6.6,0,0
20260802_高知_09,5,7,0.0909,9.1989,12.1,1,1210
20260802_高知_09,4,7,0.0879,8.6172,13.0,0,0
20260802_高知_10,2,8,0.4221,0.879,1.6,1,160
20260802_高知_10,4,8,0.1138,6.343,5.6,0,0
20260802_高知_10,1,8,0.0695,15.3404,15.0,0,0
20260802_高知_10,7,8,0.0674,11.2234,11.6,0,0
20260802_高知_10,6,8,0.0658,9.346,10.1,0,0
20260803_盛岡_02,5,7,0.2402,2.2273,2.9,0,0
20260803_盛岡_02,4,5,0.169,2.493,3.1,1,310
20260803_盛岡_02,5,11,0.1108,7.1234,8.2,0,0
20260803_盛岡_02,2,5,0.099,8.1369,8.8,0,0
20260803_盛岡_02,5,10,0.0763,7.9319,8.9,0,0
20260803_盛岡_03,1,5,0.3394,1.1858,1.6,0,0
20260803_盛岡_03,1,2,0.1803,4.1,6.4,0,0
20260803_盛岡_03,1,4,0.104,6.0006,4.8,0,0
20260803_盛岡_03,1,7,0.0737,7.7865,11.6,1,1160
20260803_盛岡_03,1,3,0.0581,13.5888,11.7,0,0
20260803_盛岡_04,2,3,0.2801,2.1453,3.0,0,0
20260803_盛岡_04,2,6,0.1929,3.0449,4.0,0,0
20260803_盛岡_04,3,6,0.1317,6.4821,10.4,0,0
20260803_盛岡_04,2,5,0.0684,7.7757,7.8,0,0
20260803_盛岡_04,3,5,0.0457,15.92,16.1,0,0
20260803_盛岡_05,1,6,0.2595,3.4212,3.5,0,0
20260803_盛岡_05,1,3,0.1704,4.2584,5.6,0,0
20260803_盛岡_05,3,6,0.1669,3.739,3.7,1,370
20260803_盛岡_05,1,2,0.0475,11.0744,13.4,0,0
20260803_盛岡_05,2,6,0.0465,9.0364,11.1,0,0
20260803_盛岡_07,1,6,0.22,2.7053,2.8,0,0
20260803_盛岡_07,1,3,0.1661,3.2172,4.3,0,0
20260803_盛岡_07,3,6,0.1275,5.6184,7.0,0,0
20260803_盛岡_07,1,10,0.0988,5.5477,6.7,1,670
20260803_盛岡_07,6,10,0.0752,10.1435,13.4,0,0
20260803_盛岡_11,4,5,0.3847,1.5285,2.2,0,0
20260803_盛岡_11,2,4,0.1222,4.7431,5.5,0,0
20260803_盛岡_11,4,7,0.1089,6.8238,8.1,0,0
20260803_盛岡_11,3,4,0.0724,12.7605,16.9,0,0
20260803_盛岡_11,1,4,0.0613,9.6727,12.7,0,0
20260803_盛岡_12,3,4,0.255,3.1649,4.4,0,0
20260803_盛岡_12,3,8,0.2219,3.4006,3.3,0,0
20260803_盛岡_12,4,8,0.1147,4.8026,7.7,0,0
20260803_盛岡_12,3,7,0.1081,7.4912,7.6,0,0
20260803_盛岡_12,1,3,0.0627,17.8265,12.4,1,1240
20260803_船橋_01,5,6,0.2292,4.04,4.2,0,0
20260803_船橋_01,4,6,0.2087,2.7391,3.1,1,310
20260803_船橋_01,6,8,0.1289,3.8469,4.4,0,0
20260803_船橋_01,4,5,0.0788,13.4388,12.9,0,0
20260803_船橋_01,2,6,0.0602,12.2651,18.0,0,0
20260803_船橋_02,9,10,0.2163,2.7793,3.4,0,0
20260803_船橋_02,6,10,0.1827,4.5453,4.4,1,440
20260803_船橋_02,6,9,0.1044,6.1851,7.6,0,0
20260803_船橋_02,10,11,0.0572,18.0326,15.9,0,0
20260803_船橋_02,7,10,0.0436,18.9673,18.4,0,0
20260803_船橋_03,1,3,0.4293,0.98,1.4,0,0
20260803_船橋_03,1,7,0.3006,2.7302,3.2,1,320
20260803_船橋_03,1,4,0.0773,11.4738,18.2,0,0
20260803_船橋_03,3,7,0.0653,10.7782,19.4,0,0
20260803_船橋_03,1,2,0.0483,9.1526,10.4,0,0
20260803_船橋_07,5,6,0.2492,2.5895,3.0,0,0
20260803_船橋_07,3,6,0.1564,5.5403,4.9,0,0
20260803_船橋_07,6,9,0.1209,7.6605,6.5,0,0
20260803_船橋_07,4,6,0.086,6.2066,6.8,0,0
20260803_船橋_07,2,6,0.0752,11.3926,12.5,0,0
20260803_金沢_01,1,5,0.3736,1.3642,1.9,1,190
20260803_金沢_01,5,8,0.2184,2.7438,3.4,0,0
20260803_金沢_01,1,8,0.1108,8.4913,7.6,0,0
20260803_金沢_01,5,6,0.0567,11.0823,13.2,0,0
20260803_金沢_01,3,5,0.0474,13.1667,19.1,0,0
20260803_金沢_02,3,6,0.5382,0.5146,1.0,1,100
20260803_金沢_02,4,6,0.1306,14.1911,13.9,0,0
20260803_金沢_02,3,4,0.0707,36.2506,25.5,0,0
20260803_金沢_02,1,6,0.0506,25.7589,32.2,0,0
20260803_金沢_02,5,6,0.0479,25.2915,25.3,0,0
20260803_金沢_04,1,2,0.3723,2.2375,1.6,0,0
20260803_金沢_04,2,9,0.1254,5.3624,5.0,0,0
20260803_金沢_04,2,4,0.0798,6.3801,10.9,0,0
20260803_金沢_04,2,8,0.0664,8.5116,13.3,0,0
20260803_金沢_04,1,9,0.0644,12.1341,20.2,0,0
20260803_金沢_05,1,5,0.2518,4.8503,3.8,0,0
20260803_金沢_05,1,8,0.2507,2.4506,4.4,0,0
20260803_金沢_05,1,7,0.1592,3.0506,2.5,1,250
20260803_金沢_05,1,4,0.0802,6.1155,9.8,0,0
20260803_金沢_05,1,2,0.0472,13.0468,16.7,0,0
20260803_金沢_06,3,9,0.2054,3.5352,3.2,0,0
20260803_金沢_06,5,9,0.1742,2.4383,3.2,0,0
20260803_金沢_06,8,9,0.1194,5.0113,5.8,0,0
20260803_金沢_06,6,9,0.1025,7.7188,9.9,0,0
20260803_金沢_06,2,9,0.0722,10.6607,15.8,0,0
20260803_金沢_07,2,6,0.3207,2.409,3.2,1,320
20260803_金沢_07,2,3,0.1957,4.0385,3.3,0,0
20260803_金沢_07,2,4,0.188,3.1334,4.0,0,0
20260803_金沢_07,2,5,0.1076,6.463,9.2,0,0
20260803_金沢_07,2,7,0.0452,15.7847,21.7,0,0
20260804_盛岡_01,3,10,0.3431,1.6034,1.8,1,180
20260804_盛岡_01,4,10,0.1264,6.3756,8.5,0,0
20260804_盛岡_01,8,10,0.0838,7.1714,6.0,0,0
20260804_盛岡_01,6,10,0.0582,9.6266,15.4,0,0
20260804_盛岡_01,2,10,0.0549,16.2735,21.3,0,0
20260804_盛岡_02,4,7,0.2159,2.204,2.4,0,0
20260804_盛岡_02,6,7,0.2111,3.5331,4.2,1,420
20260804_盛岡_02,1,7,0.136,5.0164,6.2,0,0
20260804_盛岡_02,4,6,0.0716,7.2252,10.0,0,0
20260804_盛岡_02,3,7,0.0609,16.5231,15.5,0,0
20260804_盛岡_03,4,6,0.3089,2.8153,4.0,0,0
20260804_盛岡_03,2,4,0.1985,3.4408,4.5,0,0
20260804_盛岡_03,4,5,0.1088,5.7247,8.4,0,0
20260804_盛岡_03,4,7,0.0907,7.1272,8.3,1,830
20260804_盛岡_03,3,4,0.0654,11.0428,14.3,0,0
20260804_盛岡_04,1,7,0.2207,2.7894,3.8,0,0
20260804_盛岡_04,4,7,0.1877,2.5337,3.3,1,330
20260804_盛岡_04,3,7,0.1554,7.2092,10.4,0,0
20260804_盛岡_04,2,7,0.1457,4.6548,5.2,0,0
20260804_盛岡_04,5,7,0.1236,4.9697,4.7,0,0
20260804_盛岡_05,3,8,0.4429,0.7423,1.3,0,0
20260804_盛岡_05,1,8,0.1428,5.3049,6.6,1,660
20260804_盛岡_05,1,3,0.1424,8.1544,9.5,0,0
20260804_盛岡_05,4,8,0.0343,17.0641,18.4,0,0
20260804_盛岡_05,3,4,0.0342,23.559,28.3,0,0
20260804_船橋_01,2,4,0.3314,3.6228,4.0,0,0
20260804_船橋_01,2,3,0.2026,2.1193,3.0,0,0
20260804_船橋_01,3,4,0.1442,7.7719,10.1,0,0
20260804_船橋_01,2,6,0.0731,6.2822,6.4,0,0
20260804_船橋_01,2,5,0.065,6.4241,8.4,1,840
20260804_船橋_02,6,8,0.2796,1.3607,2.3,1,230
20260804_船橋_02,6,9,0.144,4.2651,4.3,0,0
20260804_船橋_02,6,7,0.1163,7.2455,7.0,0,0
20260804_船橋_02,6,11,0.0842,9.2848,10.4,0,0
20260804_船橋_02,8,9,0.052,16.3635,20.7,0,0
20260804_船橋_04,2,7,0.2669,2.0,2.5,1,250
20260804_船橋_04,2,8,0.1993,2.8405,3.0,0,0
20260804_船橋_04,2,9,0.1096,8.2721,11.6,0,0
20260804_船橋_04,1,2,0.0973,4.4695,6.0,0,0
20260804_船橋_04,7,8,0.0617,17.1145,15.8,0,0
20260804_船橋_06,4,9,0.1837,3.5441,3.9,0,0
20260804_船橋_06,4,8,0.1479,6.0719,6.7,0,0
20260804_船橋_06,4,6,0.1155,4.1193,5.3,1,530
20260804_船橋_06,4,7,0.0933,9.3436,12.7,0,0
20260804_船橋_06,8,9,0.0604,16.1252,12.7,0,0
20260804_船橋_07,3,7,0.183,3.5818,5.1,0,0
20260804_船橋_07,3,5,0.1667,4.1194,5.5,0,0
20260804_船橋_07,5,7,0.1315,6.2867,6.3,1,630
20260804_船橋_07,3,10,0.0999,5.9092,6.3,0,0
20260804_船橋_07,7,10,0.0782,9.5603,7.2,0,0
20260804_船橋_08,3,4,0.2863,2.6725,2.7,0,0
20260804_船橋_08,4,7,0.184,2.5079,3.1,0,0
20260804_船橋_08,4,6,0.1334,4.4093,5.6,0,0
20260804_船橋_08,4,5,0.0717,8.1757,9.8,1,980
20260804_船橋_08,4,8,0.0701,5.7143,7.3,0,0
20260804_船橋_09,2,5,0.2589,3.3472,3.6,0,0
20260804_船橋_09,1,2,0.1746,4.796,5.4,0,0
20260804_船橋_09,2,6,0.1717,3.2795,3.7,1,370
20260804_船橋_09,2,3,0.0836,7.3384,10.2,0,0
20260804_船橋_09,1,5,0.0741,10.1058,11.3,0,0
20260804_船橋_10,9,10,0.345,1.5318,1.9,0,0
20260804_船橋_10,5,9,0.1525,3.8079,5.3,0,0
20260804_船橋_10,4,9,0.108,4.8065,4.1,1,410
20260804_船橋_10,6,9,0.0704,14.5857,16.6,0,0
20260804_船橋_10,5,10,0.0488,23.0803,28.4,0,0
20260804_金沢_01,2,5,0.1825,4.5286,6.2,1,620
20260804_金沢_01,4,5,0.1584,3.4982,5.5,0,0
20260804_金沢_01,5,6,0.1436,6.7121,5.8,0,0
20260804_金沢_01,3,5,0.1201,7.3738,9.4,0,0
20260804_金沢_01,2,4,0.0618,7.6662,7.1,0,0
20260804_金沢_03,6,8,0.199,3.5619,4.2,0,0
20260804_金沢_03,6,9,0.1956,4.2664,4.1,0,0
20260804_金沢_03,8,9,0.0874,4.7473,4.7,0,0
20260804_金沢_03,5,6,0.0661,17.5716,16.1,0,0
20260804_金沢_03,6,7,0.0629,15.973,17.8,0,0
20260804_金沢_04,4,6,0.3066,2.121,2.1,1,210
20260804_金沢_04,6,9,0.1031,11.2661,14.1,0,0
20260804_金沢_04,5,6,0.1024,7.493,7.7,0,0
20260804_金沢_04,4,9,0.0692,10.9265,15.2,0,0
20260804_金沢_04,4,5,0.0687,7.1601,7.0,0,0
20260804_金沢_05,2,9,0.2588,2.6179,2.7,0,0
20260804_金沢_05,2,3,0.2054,2.5743,3.4,0,0
20260804_金沢_05,2,6,0.1478,5.9073,5.1,1,510
20260804_金沢_05,1,2,0.0863,9.2026,10.0,0,0
20260804_金沢_05,2,5,0.0434,24.1693,34.6,0,0
20260804_金沢_06,2,3,0.2382,2.1578,2.7,0,0
20260804_金沢_06,3,7,0.235,3.447,3.3,0,0
20260804_金沢_06,2,7,0.1171,8.9751,10.5,0,0
20260804_金沢_06,3,8,0.0896,6.9767,8.1,0,0
20260804_金沢_06,3,5,0.0457,12.4157,8.1,0,0
20260804_金沢_07,3,5,0.3144,3.8044,2.6,0,0
20260804_金沢_07,4,5,0.2163,3.4321,3.6,0,0
20260804_金沢_07,3,4,0.0896,5.542,7.0,1,700
20260804_金沢_07,5,6,0.0879,6.7978,8.7,0,0
20260804_金沢_07,1,5,0.0837,12.4905,10.8,0,0
20260804_金沢_08,3,4,0.4356,1.3677,1.5,0,0
20260804_金沢_08,2,3,0.2163,4.8945,4.6,0,0
20260804_金沢_08,2,4,0.0864,5.1374,9.7,0,0
20260804_金沢_08,3,6,0.0654,11.9638,18.7,0,0
20260804_金沢_08,3,5,0.0525,14.4963,12.3,0,0
20260804_金沢_10,4,10,0.2023,3.1831,3.6,0,0
20260804_金沢_10,4,5,0.1606,4.2867,4.8,0,0
20260804_金沢_10,1,4,0.1256,5.4648,6.5,1,650
20260804_金沢_10,3,4,0.0579,23.7495,27.2,0,0
20260804_金沢_10,4,8,0.0562,11.8801,18.6,0,0
20260804_門別_01,2,10,0.268,2.6409,3.1,0,0
20260804_門別_01,3,10,0.2209,2.4818,3.5,0,0
20260804_門別_01,2,3,0.1755,3.0214,3.8,1,380
20260804_門別_01,5,10,0.0513,15.1145,17.1,0,0
20260804_門別_01,6,10,0.0434,20.4553,23.4,0,0
20260804_門別_02,3,7,0.1844,3.965,3.1,1,310
20260804_門別_02,7,8,0.1581,4.3575,4.5,0,0
20260804_門別_02,6,7,0.1103,6.0333,5.9,0,0
20260804_門別_02,3,8,0.0991,9.2012,10.7,0,0
20260804_門別_02,3,6,0.0685,10.4035,12.0,0,0
20260804_門別_04,1,8,0.2992,1.2823,2.3,1,230
20260804_門別_04,1,6,0.2167,4.0729,4.0,0,0
20260804_門別_04,1,4,0.1582,3.9946,4.3,0,0
20260804_門別_04,6,8,0.0837,13.394,11.5,0,0
20260804_門別_04,4,8,0.0601,13.7987,9.7,0,0
20260804_門別_05,2,5,0.3259,2.1593,2.1,1,210
20260804_門別_05,4,5,0.2178,2.8978,4.5,0,0
20260804_門別_05,5,7,0.1577,4.1269,3.5,0,0
20260804_門別_05,3,5,0.064,12.1887,14.3,0,0
20260804_門別_05,1,5,0.0534,20.7036,34.9,0,0
20260804_門別_06,1,6,0.4435,1.4803,1.8,0,0
20260804_門別_06,1,7,0.1436,2.8766,5.6,1,560
20260804_門別_06,1,3,0.1172,7.4565,9.8,0,0
20260804_門別_06,6,7,0.0905,6.6535,5.3,0,0
20260804_門別_06,3,6,0.0735,13.5366,10.3,0,0
20260804_門別_07,2,5,0.306,2.006,3.0,0,0
20260804_門別_07,1,5,0.3009,1.9835,2.1,1,210
20260804_門別_07,4,5,0.1123,7.4813,9.6,0,0
20260804_門別_07,5,6,0.1028,9.0519,7.2,0,0
20260804_門別_07,1,2,0.0575,6.3976,9.6,0,0
20260804_門別_08,1,5,0.22,2.5431,3.3,1,330
20260804_門別_08,1,8,0.1888,2.357,3.7,0,0
20260804_門別_08,1,7,0.1381,6.7471,5.7,0,0
20260804_門別_08,5,8,0.1058,6.1192,8.3,0,0
20260804_門別_08,5,7,0.0765,14.5902,6.7,0,0
20260804_門別_12,3,4,0.2409,2.498,3.0,1,300
20260804_門別_12,3,5,0.1227,4.2049,5.1,0,0
20260804_門別_12,2,3,0.1171,4.2267,6.1,0,0
20260804_門別_12,4,5,0.1116,7.6133,7.3,0,0
20260804_門別_12,2,4,0.1064,7.502,6.7,0,0
20260805_園田_03,1,6,0.218,3.1299,3.4,0,0
20260805_園田_03,1,3,0.1231,4.4302,6.5,0,0
20260805_園田_03,1,4,0.1088,6.0059,7.7,0,0
20260805_園田_03,3,6,0.0987,7.5302,9.9,0,0
20260805_園田_03,4,6,0.0871,8.4753,6.6,1,660
20260805_園田_04,5,8,0.3101,1.4484,1.6,1,160
20260805_園田_04,2,5,0.1462,4.0871,5.6,0,0
20260805_園田_04,1,5,0.1257,6.4062,8.5,0,0
20260805_園田_04,5,9,0.094,7.0986,10.3,0,0
20260805_園田_04,4,5,0.0448,15.0862,24.5,0,0
20260805_園田_08,5,8,0.2761,1.4616,1.9,1,190
20260805_園田_08,8,9,0.2206,2.8106,3.7,0,0
20260805_園田_08,6,8,0.1495,4.5406,5.7,0,0
20260805_園田_08,7,8,0.0697,10.7886,13.8,0,0
20260805_園田_08,1,8,0.0626,12.9107,15.9,0,0
20260805_園田_09,1,6,0.5973,0.6854,1.3,0,0
20260805_園田_09,6,7,0.149,7.0645,7.2,1,720
20260805_園田_09,5,6,0.0843,17.7876,13.8,0,0
20260805_園田_09,1,7,0.0513,7.4216,7.0,0,0
20260805_園田_09,1,5,0.0283,21.1106,24.6,0,0
20260805_園田_12,9,10,0.1729,4.0444,6.4,0,0
20260805_園田_12,5,9,0.1486,4.4972,2.9,0,0
20260805_園田_12,9,12,0.1277,5.128,6.2,0,0
20260805_園田_12,3,9,0.1026,10.1833,16.3,0,0
20260805_園田_12,7,9,0.0878,7.5009,5.6,1,560
20260805_船橋_01,3,6,0.3714,1.4969,2.5,0,0
20260805_船橋_01,5,6,0.264,2.1787,2.3,0,0
20260805_船橋_01,4,6,0.1497,3.8301,4.8,0,0
20260805_船橋_01,3,5,0.0571,11.6219,15.1,0,0
20260805_船橋_01,2,6,0.0428,15.7965,16.9,1,1690
20260805_船橋_02,5,6,0.2941,2.5525,3.6,0,0
20260805_船橋_02,4,5,0.277,2.1843,2.9,0,0
20260805_船橋_02,4,6,0.2066,3.138,3.8,0,0
20260805_船橋_02,1,5,0.0378,13.9429,22.2,1,2220
20260805_船橋_02,2,5,0.0332,12.5508,18.8,0,0
20260805_船橋_03,2,4,0.4237,1.0633,1.3,0,0
20260805_船橋_03,4,5,0.1335,9.7253,14.0,0,0
20260805_船橋_03,1,4,0.1324,5.6957,9.0,0,0
20260805_船橋_03,3,4,0.1076,3.9962,6.9,1,690
20260805_船橋_03,4,6,0.0659,8.7858,15.1,0,0
20260805_船橋_04,2,3,0.2714,2.1459,2.5,0,0
20260805_船橋_04,3,5,0.2108,10.7585,10.8,0,0
20260805_船橋_04,3,6,0.1279,3.844,5.2,0,0
20260805_船橋_04,2,5,0.1166,13.4988,11.9,0,0
20260805_船橋_04,2,6,0.0696,4.0298,4.4,1,440
20260805_船橋_05,3,5,0.4096,1.5417,2.3,0,0
20260805_船橋_05,1,5,0.2443,2.9313,2.5,0,0
20260805_船橋_05,5,6,0.0844,7.9359,10.4,1,1040
20260805_船橋_05,1,3,0.0825,7.9849,8.2,0,0
20260805_船橋_05,5,7,0.0407,16.9056,25.0,0,0
20260805_船橋_06,6,10,0.2163,3.7663,4.5,1,450
20260805_船橋_06,2,10,0.1275,5.7248,5.2,0,0
20260805_船橋_06,4,10,0.1243,6.3513,6.4,0,0
20260805_船橋_06,3,10,0.1198,8.4546,8.5,0,0
20260805_船橋_06,5,10,0.0734,11.3265,11.7,0,0
20260805_船橋_07,6,8,0.3199,1.8787,2.1,1,210
20260805_船橋_07,5,6,0.1706,4.1689,4.7,0,0
20260805_船橋_07,6,7,0.1275,4.44,5.5,0,0
20260805_船橋_07,3,6,0.0691,8.3885,10.1,0,0
20260805_船橋_07,5,8,0.065,15.0472,19.2,0,0
20260805_船橋_08,3,4,0.2117,4.1095,4.8,0,0
20260805_船橋_08,3,8,0.135,5.9159,5.3,1,530
20260805_船橋_08,3,5,0.1212,4.9151,6.2,0,0
20260805_船橋_08,3,9,0.0749,10.0149,13.4,0,0
20260805_船橋_08,3,6,0.0748,14.467,13.0,0,0
20260805_船橋_09,2,9,0.2323,3.6808,4.6,0,0
20260805_船橋_09,2,3,0.1571,4.8317,4.8,0,0
20260805_船橋_09,2,6,0.1148,7.2776,8.2,0,0
20260805_船橋_09,2,7,0.0596,13.9727,18.7,0,0
20260805_船橋_09,2,4,0.0584,13.9256,15.4,0,0
20260805_門別_01,5,9,0.2598,1.9184,2.5,1,250
20260805_門別_01,3,5,0.1879,3.2618,3.3,0,0
20260805_門別_01,3,9,0.1732,4.3449,6.8,0,0
20260805_門別_01,2,5,0.053,11.6382,14.4,0,0
20260805_門別_01,2,9,0.0485,13.347,11.1,0,0
20260805_門別_02,7,8,0.2569,4.4437,4.3,0,0
20260805_門別_02,6,8,0.19,4.4446,5.5,1,550
20260805_門別_02,3,8,0.1122,4.9435,6.2,0,0
20260805_門別_02,6,7,0.0789,13.7512,13.4,0,0
20260805_門別_02,5,8,0.0776,5.9388,6.7,0,0
20260805_門別_03,7,8,0.1987,2.5975,2.9,1,290
20260805_門別_03,5,8,0.1442,3.0734,5.0,0,0
20260805_門別_03,2,8,0.1292,7.0498,7.8,0,0
20260805_門別_03,5,7,0.1246,6.3267,5.7,0,0
20260805_門別_03,2,7,0.1115,10.2992,8.8,0,0
20260805_門別_04,5,6,0.3256,2.6069,4.5,0,0
20260805_門別_04,3,6,0.165,2.5898,2.4,0,0
20260805_門別_04,3,5,0.1228,6.7295,6.4,0,0
20260805_門別_04,2,6,0.1122,5.7735,7.6,0,0
20260805_門別_04,2,5,0.083,12.7147,15.0,0,0
20260805_門別_05,4,8,0.2578,2.9327,2.6,0,0
20260805_門別_05,5,8,0.2276,4.1858,4.5,0,0
20260805_門別_05,4,5,0.1185,8.3888,9.6,1,960
20260805_門別_05,1,8,0.1043,4.8356,6.6,0,0
20260805_門別_05,1,4,0.0527,9.7789,10.2,0,0
20260805_門別_07,2,4,0.4025,1.4212,1.9,1,190
20260805_門別_07,2,5,0.1314,3.4917,4.6,0,0
20260805_門別_07,4,5,0.1078,12.9592,17.5,0,0
20260805_門別_07,2,7,0.066,5.7931,5.6,0,0
20260805_門別_07,4,7,0.0538,18.6395,10.4,0,0
20260805_門別_08,7,9,0.1838,3.588,5.1,0,0
20260805_門別_08,4,7,0.146,5.7345,6.9,0,0
20260805_門別_08,7,10,0.1441,4.5421,5.9,0,0
20260805_門別_08,7,12,0.0869,9.7608,11.2,0,0
20260805_門別_08,2,7,0.059,11.7236,14.5,0,0
20260805_門別_11,1,9,0.2711,2.15,2.8,0,0
20260805_門別_11,8,9,0.2691,1.977,2.7,1,270
20260805_門別_11,1,8,0.1101,11.081,9.1,0,0
20260805_門別_11,2,9,0.0644,10.3096,14.4,0,0
20260805_門別_11,3,9,0.0391,16.7929,26.5,0,0
20260805_門別_12,5,8,0.1987,1.9456,3.1,1,310
20260805_門別_12,5,9,0.1463,5.028,4.2,0,0
20260805_門別_12,5,6,0.1318,4.5551,5.0,0,0
20260805_門別_12,5,11,0.0742,13.3457,14.4,0,0
20260805_門別_12,5,12,0.0507,13.5549,19.4,0,0
20260806_園田_02,2,6,0.322,1.6237,2.4,0,0
20260806_園田_02,6,7,0.2111,3.0203,3.4,1,340
20260806_園田_02,1,6,0.1344,6.6073,7.9,0,0
20260806_園田_02,2,7,0.0885,6.5718,6.9,0,0
20260806_園田_02,4,6,0.0704,9.8951,14.8,0,0
20260806_園田_04,2,7,0.2532,2.0294,2.8,0,0
20260806_園田_04,2,10,0.2215,3.4972,3.9,0,0
20260806_園田_04,7,10,0.1045,9.0714,11.9,0,0
20260806_園田_04,2,8,0.0768,7.3335,8.1,0,0
20260806_園田_04,2,9,0.0515,11.8037,13.4,0,0
20260806_園田_07,7,8,0.3204,1.4802,1.8,1,180
20260806_園田_07,3,7,0.2361,3.8875,4.4,0,0
20260806_園田_07,3,8,0.0946,5.962,10.2,0,0
20260806_園田_07,6,7,0.0786,12.023,18.9,0,0
20260806_園田_07,1,7,0.0607,11.3182,16.2,0,0
20260806_園田_08,2,3,0.3592,1.1287,1.7,1,170
20260806_園田_08,2,4,0.1202,5.7576,8.0,0,0
20260806_園田_08,2,7,0.1022,6.659,7.7,0,0
20260806_園田_08,2,6,0.0652,9.489,12.1,0,0
20260806_園田_08,3,4,0.062,15.917,22.6,0,0
20260806_園田_09,1,6,0.2705,2.7416,2.2,1,220
20260806_園田_09,6,8,0.1835,2.2886,3.6,0,0
20260806_園田_09,1,8,0.1255,6.041,8.7,0,0
20260806_園田_09,3,6,0.0662,12.3748,18.0,0,0
20260806_園田_09,2,6,0.0487,16.7305,17.2,0,0
20260806_園田_11,8,11,0.3081,1.6296,2.2,1,220
20260806_園田_11,9,11,0.1872,3.4914,4.2,0,0
20260806_園田_11,8,9,0.0897,8.8766,7.5,0,0
20260806_園田_11,11,12,0.0628,15.7099,15.0,0,0
20260806_園田_11,4,11,0.0559,14.037,21.6,0,0
20260806_船橋_01,3,6,0.3871,1.9875,2.8,1,280
20260806_船橋_01,4,6,0.2894,1.9267,2.1,0,0
20260806_船橋_01,3,4,0.1008,8.0477,7.8,0,0
20260806_船橋_01,1,6,0.052,7.0267,12.1,0,0
20260806_船橋_01,6,7,0.0438,15.8438,22.7,0,0
20260806_船橋_02,3,4,0.3691,1.6214,2.2,1,220
20260806_船橋_02,4,5,0.191,3.9449,4.5,0,0
20260806_船橋_02,3,5,0.1549,3.6453,4.9,0,0
20260806_船橋_02,4,6,0.0834,9.0757,9.3,0,0
20260806_船橋_02,3,6,0.0669,8.6002,11.3,0,0
20260806_船橋_03,1,9,0.2511,1.5944,2.2,0,0
20260806_船橋_03,9,10,0.1714,6.5845,5.7,0,0
20260806_船橋_03,6,9,0.1275,5.2362,5.5,0,0
20260806_船橋_03,7,9,0.0764,10.5838,10.9,0,0
20260806_船橋_03,4,9,0.059,15.5349,20.3,0,0
20260806_船橋_04,5,7,0.3036,2.0804,2.6,0,0
20260806_船橋_04,7,8,0.1763,3.4923,5.0,0,0
20260806_船橋_04,4,7,0.118,4.5002,5.8,0,0
20260806_船橋_04,6,7,0.0893,3.936,6.8,0,0
20260806_船橋_04,5,8,0.062,30.9374,13.4,0,0
20260806_船橋_05,5,7,0.1994,3.3161,4.6,0,0
20260806_船橋_05,6,7,0.1973,4.9784,5.7,0,0
20260806_船橋_05,5,6,0.1902,3.732,4.5,0,0
20260806_船橋_05,7,8,0.0578,12.3208,8.1,0,0
20260806_船橋_05,5,8,0.0556,9.2409,12.6,0,0
20260806_船橋_06,5,6,0.3273,1.8894,2.8,0,0
20260806_船橋_06,3,5,0.2466,3.8404,4.2,0,0
20260806_船橋_06,3,6,0.1521,4.8991,6.0,0,0
20260806_船橋_06,2,5,0.0579,8.7534,10.3,0,0
20260806_船橋_06,2,6,0.0344,11.5697,13.6,0,0
20260806_船橋_07,2,5,0.5847,0.6748,1.4,1,140
20260806_船橋_07,1,2,0.1295,8.3463,6.9,0,0
20260806_船橋_07,2,6,0.0684,10.6391,11.6,0,0
20260806_船橋_07,1,5,0.0624,13.7905,11.0,0,0
20260806_船橋_07,2,4,0.039,17.5878,23.1,0,0
20260806_船橋_09,5,7,0.1996,2.6468,3.5,0,0
20260806_船橋_09,5,8,0.1449,5.3734,6.7,0,0
20260806_船橋_09,7,8,0.1134,5.963,5.2,0,0
20260806_船橋_09,4,5,0.0752,10.1436,11.6,0,0
20260806_船橋_09,1,5,0.0728,11.0008,13.9,0,0
20260806_船橋_12,3,4,0.2301,2.8476,2.9,0,0
20260806_船橋_12,3,9,0.1621,3.8727,4.6,1,460
20260806_船橋_12,3,6,0.1148,5.7425,6.9,0,0
20260806_船橋_12,3,10,0.0655,11.8102,15.8,0,0
20260806_船橋_12,3,7,0.0561,14.6001,12.3,0,0
20260806_門別_03,1,6,0.3133,1.1992,1.5,0,0
20260806_門別_03,6,9,0.094,6.7164,7.7,1,770
20260806_門別_03,1,9,0.0924,9.2708,7.3,0,0
20260806_門別_03,6,7,0.0563,18.7675,25.7,0,0
20260806_門別_03,1,7,0.0553,20.0074,36.2,0,0
20260806_門別_06,1,4,0.1954,4.428,3.9,0,0
20260806_門別_06,1,7,0.1414,2.7806,3.6,0,0
20260806_門別_06,1,3,0.1292,5.9078,4.9,0,0
20260806_門別_06,1,6,0.1084,9.0927,13.9,0,0
20260806_門別_06,4,7,0.0659,7.6895,9.4,0,0
20260806_門別_07,1,5,0.2768,1.8537,2.0,1,200
20260806_門別_07,5,8,0.1429,5.8176,5.3,0,0
20260806_門別_07,1,8,0.1261,6.2205,8.3,0,0
20260806_門別_07,4,5,0.0771,7.9817,12.1,0,0
20260806_門別_07,1,4,0.0678,7.7252,10.4,0,0
20260806_門別_08,2,5,0.2641,2.878,3.6,1,360
20260806_門別_08,5,8,0.2182,2.2373,2.3,0,0
20260806_門別_08,2,8,0.1146,6.7978,10.3,0,0
20260806_門別_08,5,7,0.093,9.0637,7.1,0,0
20260806_門別_08,5,6,0.0656,7.5617,10.4,0,0
20260806_門別_10,3,4,0.2923,1.5673,1.9,0,0
20260806_門別_10,4,6,0.1612,2.9111,3.5,1,350
20260806_門別_10,4,8,0.1065,7.3036,10.2,0,0
20260806_門別_10,1,4,0.0974,7.9134,8.0,0,0
20260806_門別_10,3,6,0.0636,15.753,22.2,0,0
20260806_門別_12,2,8,0.2811,1.9813,2.8,0,0
20260806_門別_12,2,9,0.1818,3.4908,3.7,0,0
20260806_門別_12,8,9,0.1132,8.857,11.1,1,1110
20260806_門別_12,2,5,0.079,5.7253,8.0,0,0
20260806_門別_12,5,8,0.0481,12.9023,19.2,0,0
20260807_園田_01,3,5,0.2648,1.9473,2.7,1,270
20260807_園田_01,5,9,0.1368,4.9992,4.7,0,0
20260807_園田_01,3,9,0.1182,7.8529,5.8,0,0
20260807_園田_01,2,5,0.0848,9.2069,15.0,0,0
20260807_園田_01,2,3,0.073,13.1507,18.7,0,0
20260807_園田_02,3,7,0.4907,0.9551,1.9,0,0
20260807_園田_02,1,7,0.135,4.7174,6.0,0,0
20260807_園田_02,2,7,0.1237,5.8378,7.2,1,720
20260807_園田_02,5,7,0.093,8.1522,4.2,0,0
20260807_園田_02,1,3,0.0358,17.8435,24.0,0,0
20260807_園田_03,1,7,0.396,1.3325,1.3,1,130
20260807_園田_03,1,5,0.1403,5.7462,9.5,0,0
20260807_園田_03,5,7,0.103,6.2216,10.7,0,0
20260807_園田_03,1,4,0.0662,9.4797,16.3,0,0
20260807_園田_03,1,2,0.0505,14.9325,21.8,0,0
20260807_園田_04,1,6,0.25,2.6669,3.2,0,0
20260807_園田_04,1,2,0.1853,3.9531,4.7,0,0
20260807_園田_04,1,8,0.0835,7.6675,10.3,0,0
20260807_園田_04,1,9,0.0808,5.8258,7.7,0,0
20260807_園田_04,1,4,0.0616,16.0992,22.8,0,0
20260807_園田_06,3,7,0.1942,5.0814,5.7,0,0
20260807_園田_06,2,7,0.1374,7.2459,8.5,0,0
20260807_園田_06,2,3,0.1265,7.9978,9.3,0,0
20260807_園田_06,4,7,0.0832,7.4279,8.3,0,0
20260807_園田_06,3,4,0.0765,7.8315,7.2,0,0
20260807_園田_08,3,6,0.2959,1.7235,2.2,1,220
20260807_園田_08,6,9,0.1426,4.7492,7.3,0,0
20260807_園田_08,3,9,0.101,6.7677,6.0,0,0
20260807_園田_08,6,8,0.0535,16.5491,20.8,0,0
20260807_園田_08,6,7,0.0495,14.1389,16.2,0,0
20260807_園田_09,2,5,0.3096,1.8572,2.2,0,0
20260807_園田_09,5,6,0.1113,5.1803,6.8,0,0
20260807_園田_09,5,9,0.107,5.7704,7.5,1,750
20260807_園田_09,3,5,0.0973,7.4011,9.1,0,0
20260807_園田_09,5,8,0.0929,7.8413,6.9,0,0
20260807_園田_12,4,7,0.267,1.9205,2.0,1,200
20260807_園田_12,4,6,0.1573,4.5314,6.2,0,0
20260807_園田_12,4,5,0.1253,5.8867,7.5,0,0
20260807_園田_12,4,9,0.0751,9.6681,15.0,0,0
20260807_園田_12,4,8,0.0507,12.5201,16.2,0,0
20260807_浦和_01,1,2,0.22,2.5484,3.4,1,340
20260807_浦和_01,2,5,0.2065,3.0263,3.8,0,0
20260807_浦和_01,2,8,0.1547,4.9226,6.2,0,0
20260807_浦和_01,2,9,0.0886,5.9984,4.7,0,0
20260807_浦和_01,2,3,0.0441,12.9188,12.3,0,0
20260807_浦和_03,4,7,0.3135,1.9888,2.2,0,0
20260807_浦和_03,5,7,0.1003,5.2483,5.9,0,0
20260807_浦和_03,7,8,0.0823,9.9104,10.4,0,0
20260807_浦和_03,4,5,0.0702,8.9301,9.3,0,0
20260807_浦和_03,4,8,0.0575,17.8196,19.8,0,0
20260807_浦和_04,1,7,0.2542,3.2181,4.1,1,410
20260807_浦和_04,1,5,0.1394,5.8502,5.5,0,0
20260807_浦和_04,1,3,0.0997,8.0393,8.9,0,0
20260807_浦和_04,5,7,0.0712,7.0367,8.6,0,0
20260807_浦和_04,3,7,0.0503,9.522,11.0,0,0
20260807_浦和_05,5,6,0.1782,3.5464,3.6,0,0
20260807_浦和_05,6,7,0.157,3.9563,4.6,0,0
20260807_浦和_05,6,8,0.1081,6.7389,7.7,0,0
20260807_浦和_05,5,7,0.0972,8.0086,8.1,0,0
20260807_浦和_05,5,8,0.0663,12.6425,15.2,0,0
20260807_浦和_08,9,11,0.2958,2.111,2.1,0,0
20260807_浦和_08,2,9,0.1208,8.8631,13.8,0,0
20260807_浦和_08,3,9,0.0968,7.408,10.2,0,0
20260807_浦和_08,5,9,0.085,7.9975,11.9,0,0
20260807_浦和_08,1,9,0.0596,10.8409,17.7,0,0
20260809_佐賀_01,3,8,0.246,2.7068,2.3,0,0
20260809_佐賀_01,2,3,0.1714,4.3461,5.4,0,0
20260809_佐賀_01,2,8,0.0999,7.0852,8.7,0,0
20260809_佐賀_01,3,4,0.0544,9.7685,11.4,0,0
20260809_佐賀_01,1,3,0.0501,24.2936,24.7,0,0
20260809_佐賀_02,3,5,0.1924,3.7236,4.7,1,470
20260809_佐賀_02,2,5,0.1719,2.8333,3.7,0,0
20260809_佐賀_02,5,6,0.156,5.9988,4.1,0,0
20260809_佐賀_02,2,3,0.0713,8.3747,8.5,0,0
20260809_佐賀_02,3,6,0.0644,18.0286,11.9,0,0
20260809_佐賀_03,7,10,0.2092,3.2165,4.4,0,0
20260809_佐賀_03,4,7,0.2048,2.7377,3.5,0,0
20260809_佐賀_03,7,8,0.1327,6.2138,6.8,0,0
20260809_佐賀_03,3,7,0.117,5.0131,5.7,0,0
20260809_佐賀_03,4,10,0.0501,12.1098,10.2,0,0
20260809_佐賀_05,7,9,0.3066,1.9274,2.2,0,0
20260809_佐賀_05,5,7,0.1729,2.8614,4.2,1,420
20260809_佐賀_05,4,7,0.1169,7.2263,4.5,0,0
20260809_佐賀_05,2,7,0.0857,9.3873,9.9,0,0
20260809_佐賀_05,1,7,0.07,8.3871,12.7,0,0
20260809_盛岡_01,2,8,0.3619,2.5735,3.3,0,0
20260809_盛岡_01,2,4,0.1188,2.781,2.6,1,260
20260809_盛岡_01,2,3,0.0882,9.4255,9.1,0,0
20260809_盛岡_01,2,5,0.0821,18.8695,22.1,0,0
20260809_盛岡_01,2,6,0.0784,10.3653,9.1,0,0
20260809_盛岡_02,4,5,0.2876,1.9932,2.7,0,0
20260809_盛岡_02,4,7,0.2509,2.3604,2.3,1,230
20260809_盛岡_02,3,4,0.1582,4.0896,5.2,0,0
20260809_盛岡_02,4,6,0.0696,8.2049,11.1,0,0
20260809_盛岡_02,4,9,0.042,42.6101,38.0,0,0
20260809_盛岡_03,3,7,0.199,3.3997,5.6,0,0
20260809_盛岡_03,3,6,0.1856,4.7081,5.0,0,0
20260809_盛岡_03,6,7,0.1007,5.4372,6.6,0,0
20260809_盛岡_03,3,9,0.0913,12.5071,15.4,0,0
20260809_盛岡_03,7,9,0.0484,12.6369,14.4,0,0
20260809_盛岡_04,3,7,0.2396,1.7298,2.4,1,240
20260809_盛岡_04,3,6,0.142,4.6777,3.4,0,0
20260809_盛岡_04,3,9,0.0904,10.5318,19.3,0,0
20260809_盛岡_04,3,10,0.0831,7.5637,10.5,0,0
20260809_盛岡_04,2,3,0.0641,11.3706,8.9,0,0
20260809_盛岡_06,1,9,0.2376,3.9262,3.0,0,0
20260809_盛岡_06,2,9,0.1311,4.979,7.2,0,0
20260809_盛岡_06,6,9,0.1251,5.5062,5.8,0,0
20260809_盛岡_06,1,2,0.0777,11.0158,11.7,0,0
20260809_盛岡_06,1,6,0.074,11.6686,15.2,1,1520
20260809_盛岡_08,2,5,0.1774,2.4656,3.2,0,0
20260809_盛岡_08,2,8,0.165,7.6021,6.4,0,0
20260809_盛岡_08,5,8,0.1408,10.7197,7.2,0,0
20260809_盛岡_08,2,3,0.0652,7.3367,11.4,0,0
20260809_盛岡_08,3,5,0.0552,11.8104,14.3,1,1430
20260809_盛岡_09,7,8,0.2596,2.2849,2.3,0,0
20260809_盛岡_09,3,8,0.2433,3.8112,3.5,0,0
20260809_盛岡_09,2,8,0.0959,7.4444,9.9,0,0
20260809_盛岡_09,1,8,0.0834,9.5682,15.7,0,0
20260809_盛岡_09,6,8,0.0665,24.1556,41.0,0,0
20260809_盛岡_10,4,7,0.1672,5.1602,6.8,0,0
20260809_盛岡_10,4,9,0.1655,3.7131,3.1,0,0
20260809_盛岡_10,7,9,0.1647,5.1651,5.0,1,500
20260809_盛岡_10,3,4,0.0551,9.4683,12.0,0,0
20260809_盛岡_10,3,7,0.0548,13.3311,16.4,0,0
20260809_盛岡_11,8,11,0.3446,1.1476,1.7,0,0
20260809_盛岡_11,8,12,0.1588,3.2692,4.6,0,0
20260809_盛岡_11,11,12,0.0908,10.2784,12.1,0,0
20260809_盛岡_11,8,10,0.0668,11.572,9.2,0,0
20260809_盛岡_11,10,11,0.0373,32.5292,27.1,0,0
20260809_金沢_01,3,5,0.1689,7.266,6.6,0,0
20260809_金沢_01,3,8,0.1607,1.9223,2.7,1,270
20260809_金沢_01,3,7,0.151,4.8429,4.6,0,0
20260809_金沢_01,1,3,0.1392,6.3993,6.3,0,0
20260809_金沢_01,3,4,0.0787,8.8217,12.2,0,0
20260809_金沢_02,1,3,0.2777,1.8067,2.8,1,280
20260809_金沢_02,3,4,0.2682,3.3788,3.8,0,0
20260809_金沢_02,1,4,0.1184,9.4707,9.6,0,0
20260809_金沢_02,3,5,0.1176,2.9387,3.5,0,0
20260809_金沢_02,2,3,0.0612,8.9768,8.2,0,0
20260809_金沢_03,2,5,0.2863,4.8975,5.3,0,0
20260809_金沢_03,2,6,0.2128,3.1659,3.4,0,0
20260809_金沢_03,2,4,0.0898,7.2366,7.1,0,0
20260809_金沢_03,5,6,0.0794,9.1618,8.9,0,0
20260809_金沢_03,1,2,0.0793,6.5406,7.4,1,740
20260809_金沢_04,4,7,0.3799,1.1354,1.6,1,160
20260809_金沢_04,3,7,0.0829,10.0547,16.3,0,0
20260809_金沢_04,7,8,0.0701,13.7184,5.7,0,0
20260809_金沢_04,7,10,0.0623,8.8979,9.3,0,0
20260809_金沢_04,3,4,0.0597,12.1731,21.2,0,0
20260809_金沢_05,3,9,0.3913,0.8907,1.3,1,130
20260809_金沢_05,3,6,0.1081,8.7378,9.5,0,0
20260809_金沢_05,6,9,0.0702,13.7463,26.3,0,0
20260809_金沢_05,3,5,0.0495,17.5196,13.9,0,0
20260809_金沢_05,2,3,0.0425,17.9696,15.7,0,0
20260809_金沢_06,1,7,0.3476,1.1209,2.9,0,0
20260809_金沢_06,7,9,0.1824,3.8262,2.5,0,0
20260809_金沢_06,6,7,0.1198,8.5344,9.5,0,0
20260809_金沢_06,7,8,0.0678,20.9278,18.6,0,0
20260809_金沢_06,3,7,0.0648,10.1307,11.2,0,0
20260809_金沢_07,3,5,0.248,2.1146,3.5,0,0
20260809_金沢_07,5,7,0.1928,4.1541,5.0,0,0
20260809_金沢_07,5,8,0.117,4.9022,6.2,1,620
20260809_金沢_07,3,7,0.0755,11.4339,7.0,0,0
20260809_金沢_07,5,6,0.0486,20.6084,38.4,0,0
20260809_金沢_08,1,5,0.3852,1.298,2.0,0,0
20260809_金沢_08,2,5,0.1235,6.6016,9.3,0,0
20260809_金沢_08,1,2,0.1032,7.4213,9.4,0,0
20260809_金沢_08,4,5,0.0878,6.8477,6.6,0,0
20260809_金沢_08,1,4,0.0731,7.5318,9.4,0,0
20260810_浦和_04,4,5,0.3683,1.8087,2.7,0,0
20260810_浦和_04,2,5,0.1838,3.8068,5.0,0,0
20260810_浦和_04,2,4,0.1803,2.6454,3.1,0,0
20260810_浦和_04,3,5,0.0565,12.3021,11.9,0,0
20260810_浦和_04,3,4,0.0554,8.156,8.4,0,0
20260810_盛岡_02,4,5,0.2585,2.3895,2.7,0,0
20260810_盛岡_02,2,5,0.159,5.9508,5.7,0,0
20260810_盛岡_02,2,4,0.1431,2.8367,4.1,0,0
20260810_盛岡_02,3,5,0.0643,15.8095,19.5,0,0
20260810_盛岡_02,3,4,0.0575,7.6807,8.3,0,0
20260810_盛岡_03,1,5,0.2821,2.383,2.8,0,0
20260810_盛岡_03,1,8,0.1235,7.0646,5.8,0,0
20260810_盛岡_03,1,7,0.0977,7.3054,8.7,1,870
20260810_盛岡_03,1,2,0.0749,7.4511,9.2,0,0
20260810_盛岡_03,5,8,0.0698,14.652,17.5,0,0
20260810_盛岡_04,1,2,0.2596,2.8562,2.4,0,0
20260810_盛岡_04,1,3,0.1894,2.7155,4.8,0,0
20260810_盛岡_04,1,6,0.1516,4.5989,7.3,0,0
20260810_盛岡_04,1,7,0.0745,8.4405,16.8,0,0
20260810_盛岡_04,2,3,0.0587,12.2957,5.2,1,520
20260810_盛岡_07,2,4,0.2917,1.5129,1.9,0,0
20260810_盛岡_07,2,6,0.1257,8.3292,12.2,0,0
20260810_盛岡_07,2,11,0.1244,5.8056,6.8,0,0
20260810_盛岡_07,2,7,0.0656,13.5731,14.6,0,0
20260810_盛岡_07,4,6,0.059,21.6755,20.7,0,0
20260810_金沢_01,6,7,0.2282,2.3535,2.8,0,0
20260810_金沢_01,2,7,0.1958,4.0209,3.9,1,390
20260810_金沢_01,1,7,0.1955,3.5146,3.5,0,0
20260810_金沢_01,4,7,0.1688,3.8626,5.4,0,0
20260810_金沢_01,5,7,0.1605,4.1271,6.6,0,0
20260810_金沢_02,7,8,0.3619,1.5064,2.1,1,210
20260810_金沢_02,3,8,0.1066,6.8981,5.4,0,0
20260810_金沢_02,4,8,0.0852,6.6169,6.8,0,0
20260810_金沢_02,1,8,0.0828,13.3842,11.7,0,0
20260810_金沢_02,2,8,0.0791,12.96,14.5,0,0
20260810_金沢_03,1,3,0.1832,4.7851,5.6,0,0
20260810_金沢_03,1,6,0.1691,4.6097,4.6,0,0
20260810_金沢_03,1,4,0.1565,7.8341,6.4,0,0
20260810_金沢_03,1,8,0.1239,5.7731,6.2,0,0
20260810_金沢_03,1,7,0.1057,6.8039,7.7,1,770
20260810_金沢_04,4,6,0.2803,3.4702,3.2,0,0
20260810_金沢_04,1,6,0.1494,7.4229,9.4,0,0
20260810_金沢_04,6,7,0.1242,14.3087,10.7,0,0
20260810_金沢_04,6,8,0.0945,9.6334,8.4,0,0
20260810_金沢_04,1,4,0.0756,7.3625,5.4,0,0
20260810_金沢_05,1,3,0.3001,1.5833,2.3,1,230
20260810_金沢_05,3,5,0.1757,6.9884,8.2,0,0
20260810_金沢_05,3,8,0.1326,4.1321,3.4,0,0
20260810_金沢_05,2,3,0.0789,10.3448,12.4,0,0
20260810_金沢_05,3,6,0.0688,8.6286,5.4,0,0
20260810_金沢_07,5,9,0.2613,2.6566,2.5,0,0
20260810_金沢_07,7,9,0.185,3.2448,3.5,1,350
20260810_金沢_07,3,9,0.1274,6.2009,8.5,0,0
20260810_金沢_07,4,9,0.112,4.675,5.1,0,0
20260810_金沢_07,6,9,0.0464,13.7842,20.6,0,0
20260810_金沢_09,1,5,0.3401,1.4872,2.2,1,220
20260810_金沢_09,2,5,0.3087,1.7042,2.2,0,0
20260810_金沢_09,1,2,0.202,3.4258,3.9,0,0
20260810_金沢_09,4,5,0.0358,18.6702,22.9,0,0
20260810_金沢_09,3,5,0.0321,16.7986,26.3,0,0
20260810_金沢_10,3,4,0.274,2.4113,2.1,1,210
20260810_金沢_10,3,8,0.1552,4.0025,5.2,0,0
20260810_金沢_10,2,3,0.092,7.4304,9.2,0,0
20260810_金沢_10,3,9,0.0854,6.8193,8.1,0,0
20260810_金沢_10,3,5,0.0784,7.7114,7.9,0,0
20260811_浦和_01,6,12,0.3024,1.7044,2.7,0,0
20260811_浦和_01,4,12,0.1849,4.1232,4.0,0,0
20260811_浦和_01,11,12,0.0929,6.4579,5.3,0,0
20260811_浦和_01,8,12,0.0671,10.7307,12.5,0,0
20260811_浦和_01,1,12,0.0412,25.4313,30.3,0,0
20260811_浦和_02,1,5,0.2039,4.2022,5.2,0,0
20260811_浦和_02,1,4,0.2028,3.395,4.3,0,0
20260811_浦和_02,1,8,0.1303,4.3361,4.6,0,0
20260811_浦和_02,1,7,0.0969,12.2951,8.7,1,870
20260811_浦和_02,1,3,0.0753,8.622,12.2,0,0
20260811_浦和_06,4,6,0.3056,1.9195,3.5,0,0
20260811_浦和_06,4,5,0.2604,2.4117,1.9,1,190
20260811_浦和_06,1,4,0.1411,5.1563,7.9,0,0
20260811_浦和_06,3,4,0.0543,13.4097,15.3,0,0
20260811_浦和_06,2,4,0.0482,13.7073,20.7,0,0
20260811_浦和_10,3,8,0.2777,2.3183,2.8,1,280
20260811_浦和_10,6,8,0.1401,5.4471,6.5,0,0
20260811_浦和_10,3,6,0.1029,7.3285,8.3,0,0
20260811_浦和_10,2,8,0.0706,13.3406,12.4,0,0
20260811_浦和_10,5,8,0.0641,9.964,12.8,0,0
20260811_浦和_11,3,6,0.2254,2.8236,3.4,0,0
20260811_浦和_11,3,5,0.1422,4.8406,5.4,0,0
20260811_浦和_11,3,7,0.1248,4.3189,5.5,0,0
20260811_浦和_11,3,10,0.0673,12.1965,10.2,0,0
20260811_浦和_11,5,6,0.0603,13.3036,16.5,0,0
20260811_盛岡_01,5,6,0.3363,1.4769,2.0,1,200
20260811_盛岡_01,3,6,0.1345,6.2791,6.1,0,0
20260811_盛岡_01,4,6,0.1245,5.3489,6.1,0,0
20260811_盛岡_01,6,8,0.1122,6.3765,8.3,0,0
20260811_盛岡_01,6,7,0.0496,17.9166,18.9,0,0
20260811_盛岡_02,3,5,0.2275,2.8708,3.2,0,0
20260811_盛岡_02,4,5,0.1607,4.1233,5.0,0,0
20260811_盛岡_02,2,5,0.1484,5.4691,4.6,0,0
20260811_盛岡_02,5,7,0.0894,9.0402,11.0,0,0
20260811_盛岡_02,3,4,0.0554,9.3521,11.5,0,0
20260811_盛岡_03,2,6,0.2481,1.8383,2.4,0,0
20260811_盛岡_03,6,7,0.1856,3.5565,4.2,0,0
20260811_盛岡_03,4,6,0.0991,6.9407,7.8,0,0
20260811_盛岡_03,1,6,0.086,9.2446,10.0,0,0
20260811_盛岡_03,2,7,0.0585,12.273,17.0,0,0
20260811_盛岡_04,9,11,0.2211,2.5277,3.0,0,0
20260811_盛岡_04,6,9,0.2163,2.8112,3.2,0,0
20260811_盛岡_04,6,11,0.1105,6.0598,8.2,0,0
20260811_盛岡_04,4,9,0.0615,14.3244,15.2,0,0
20260811_盛岡_04,9,10,0.0603,14.8961,15.3,0,0
20260811_盛岡_10,3,9,0.2292,2.2418,2.9,1,290
20260811_盛岡_10,6,9,0.1672,3.5889,4.2,0,0
20260811_盛岡_10,3,6,0.1226,4.624,5.6,0,0
20260811_盛岡_10,2,9,0.1216,5.5384,7.6,0,0
20260811_盛岡_10,2,3,0.0886,5.6737,5.7,0,0
20260811_盛岡_11,7,9,0.2136,3.0721,3.0,0,0
20260811_盛岡_11,5,9,0.1551,4.7369,6.1,1,610
20260811_盛岡_11,5,7,0.1345,4.694,5.6,0,0
20260811_盛岡_11,4,9,0.0544,12.8156,17.0,0,0
20260811_盛岡_11,4,7,0.0468,11.3761,13.2,0,0
20260811_笠松_02,1,7,0.2394,3.2491,3.1,0,0
20260811_笠松_02,1,8,0.2144,1.9308,2.7,1,270
20260811_笠松_02,7,8,0.1875,4.2766,5.2,0,0
20260811_笠松_02,1,4,0.046,13.139,15.7,0,0
20260811_笠松_02,4,7,0.0397,23.8341,29.2,0,0
20260811_笠松_03,4,5,0.2268,1.9584,2.5,1,250
20260811_笠松_03,5,7,0.2077,4.4335,5.8,0,0
20260811_笠松_03,5,8,0.0932,7.931,10.8,0,0
20260811_笠松_03,2,5,0.0905,5.2884,8.6,0,0
20260811_笠松_03,5,9,0.0638,12.4374,7.4,0,0
20260811_笠松_05,3,4,0.318,1.5546,1.8,0,0
20260811_笠松_05,3,8,0.1862,3.274,4.0,0,0
20260811_笠松_05,3,5,0.1497,3.3434,4.9,0,0
20260811_笠松_05,3,7,0.0545,9.7303,12.1,0,0
20260811_笠松_05,4,8,0.054,25.1923,30.8,1,3080
20260811_笠松_07,1,6,0.3772,1.772,2.4,0,0
20260811_笠松_07,1,3,0.307,2.6241,3.0,0,0
20260811_笠松_07,3,6,0.0867,6.956,8.0,0,0
20260811_笠松_07,1,5,0.0553,9.7054,11.3,0,0
20260811_笠松_07,1,4,0.0469,14.66,10.9,0,0
20260811_金沢_01,1,4,0.2225,3.3891,3.9,0,0
20260811_金沢_01,1,8,0.2185,3.0076,2.9,1,290
20260811_金沢_01,1,5,0.1543,3.9024,4.5,0,0
20260811_金沢_01,4,8,0.0452,15.937,17.7,0,0
20260811_金沢_01,1,10,0.0425,28.6634,27.8,0,0
20260811_金沢_05,3,7,0.2602,2.7509,3.0,0,0
20260811_金沢_05,3,4,0.1582,3.4306,4.5,0,0
20260811_金沢_05,1,3,0.1009,7.825,9.3,0,0
20260811_金沢_05,3,9,0.0926,8.1419,6.6,1,660
20260811_金沢_05,3,10,0.0489,14.3412,12.4,0,0
20260811_金沢_06,2,4,0.197,3.4447,4.7,0,0
20260811_金沢_06,1,4,0.132,3.8247,5.8,0,0
20260811_金沢_06,4,8,0.1278,4.3256,5.2,0,0
20260811_金沢_06,1,2,0.0752,12.1712,15.7,0,0
20260811_金沢_06,2,8,0.0727,15.5819,18.8,0,0
20260811_金沢_08,1,2,0.1958,3.097,4.3,0,0
20260811_金沢_08,1,5,0.1905,2.9047,3.6,0,0
20260811_金沢_08,1,9,0.1265,6.4563,3.2,0,0
20260811_金沢_08,1,6,0.1176,6.0516,7.9,0,0
20260811_金沢_08,1,4,0.087,6.9533,9.2,0,0
20260811_金沢_09,3,6,0.182,2.7425,3.6,0,0
20260811_金沢_09,3,8,0.1804,4.3606,4.9,1,490
20260811_金沢_09,1,3,0.1649,3.5851,5.0,0,0
20260811_金沢_09,3,7,0.0909,5.9001,5.7,0,0
20260811_金沢_09,6,8,0.0717,11.6402,10.5,0,0
20260811_門別_01,2,3,0.2407,1.4354,2.7,0,0
20260811_門別_01,2,6,0.1692,5.9552,5.9,1,590
20260811_門別_01,2,9,0.124,3.1818,4.2,0,0
20260811_門別_01,2,8,0.0593,14.0458,16.7,0,0
20260811_門別_01,3,6,0.0481,24.9413,16.7,0,0
20260811_門別_02,4,8,0.3186,3.8461,2.9,0,0
20260811_門別_02,6,8,0.1838,3.7636,3.6,0,0
20260811_門別_02,4,6,0.1268,3.2596,4.3,0,0
20260811_門別_02,2,8,0.0484,19.6631,19.4,0,0
20260811_門別_02,8,9,0.0373,23.5425,19.1,0,0
20260811_門別_03,7,11,0.36,1.3828,1.7,0,0
20260811_門別_03,10,11,0.1031,7.17,8.2,0,0
20260811_門別_03,2,11,0.0646,14.5302,16.6,0,0
20260811_門別_03,4,11,0.0545,12.2563,11.6,1,1160
20260811_門別_03,1,11,0.0499,16.9534,16.7,0,0
20260811_門別_04,6,8,0.2295,2.367,2.9,0,0
20260811_門別_04,7,8,0.1965,3.4804,3.7,0,0
20260811_門別_04,2,8,0.1103,7.8355,6.1,0,0
20260811_門別_04,3,8,0.089,6.3386,5.8,1,580
20260811_門別_04,5,8,0.0608,11.2786,16.8,0,0
20260811_門別_08,2,4,0.1396,4.3377,6.0,0,0
20260811_門別_08,4,8,0.1363,3.1337,5.0,0,0
20260811_門別_08,2,8,0.1271,6.5643,6.5,0,0
20260811_門別_08,4,6,0.1099,4.9693,7.6,0,0
20260811_門別_08,2,6,0.1023,10.6094,10.1,0,0
20260811_門別_09,2,8,0.3838,1.2286,1.5,1,150
20260811_門別_09,6,8,0.1399,4.501,6.6,0,0
20260811_門別_09,7,8,0.1168,5.4425,8.5,0,0
20260811_門別_09,3,8,0.0731,7.9012,7.2,0,0
20260811_門別_09,4,8,0.0525,8.9604,12.9,0,0
20260811_門別_10,2,7,0.2113,2.2988,3.4,0,0
20260811_門別_10,7,10,0.131,4.5192,5.2,0,0
20260811_門別_10,4,7,0.1039,5.8362,7.8,0,0
20260811_門別_10,2,10,0.0989,7.5596,7.7,1,770
20260811_門別_10,2,4,0.0782,10.1631,12.5,0,0
20260812_園田_03,9,10,0.2454,2.3409,2.5,0,0
20260812_園田_03,1,9,0.1735,2.8419,3.1,0,0
20260812_園田_03,1,10,0.1364,5.6464,8.6,0,0
20260812_園田_03,5,9,0.0677,12.2057,18.8,0,0
20260812_園田_03,5,10,0.0526,21.598,25.8,0,0
20260812_園田_05,5,6,0.2862,1.7542,2.9,0,0
20260812_園田_05,1,6,0.1045,8.8879,12.8,0,0
20260812_園田_05,6,8,0.0973,7.7845,4.2,1,420
20260812_園田_05,6,9,0.0802,12.5626,7.0,0,0
20260812_園田_05,1,5,0.0637,9.3337,12.4,0,0
20260812_園田_06,3,9,0.1538,4.7453,4.1,1,410
20260812_園田_06,3,4,0.1422,6.5754,7.2,0,0
20260812_園田_06,3,10,0.1232,4.5472,5.2,0,0
20260812_園田_06,4,9,0.1118,10.3473,12.0,0,0
20260812_園田_06,9,10,0.0967,6.3395,8.2,0,0
20260812_園田_07,2,6,0.2159,2.7398,3.6,0,0
20260812_園田_07,6,9,0.1863,3.3376,4.0,0,0
20260812_園田_07,6,8,0.1448,4.3228,6.3,0,0
20260812_園田_07,5,6,0.1439,3.263,3.2,1,320
20260812_園田_07,3,6,0.037,22.2769,30.7,0,0
20260812_園田_08,2,5,0.3851,1.3338,2.2,1,220
20260812_園田_08,3,5,0.2575,1.9912,2.6,0,0
20260812_園田_08,2,3,0.1299,6.2024,9.7,0,0
20260812_園田_08,1,5,0.1088,4.4651,4.7,0,0
20260812_園田_08,1,2,0.053,13.1937,12.3,0,0
20260812_園田_09,4,8,0.261,2.2146,2.9,0,0
20260812_園田_09,3,4,0.1649,4.6464,6.0,0,0
20260812_園田_09,3,8,0.162,5.219,4.8,1,480
20260812_園田_09,4,9,0.0343,27.3289,31.8,0,0
20260812_園田_09,8,9,0.0337,27.4609,17.4,0,0
20260812_園田_10,2,9,0.2395,2.6624,2.3,0,0
20260812_園田_10,2,3,0.1924,2.2853,3.3,0,0
20260812_園田_10,2,6,0.1709,5.1945,8.8,0,0
20260812_園田_10,3,9,0.0502,11.3594,15.1,0,0
20260812_園田_10,2,10,0.046,30.3119,39.1,0,0
20260812_園田_11,1,4,0.2773,1.4543,2.1,1,210
20260812_園田_11,1,8,0.1656,3.644,5.3,0,0
20260812_園田_11,1,6,0.136,4.7244,3.6,0,0
20260812_園田_11,1,2,0.0693,16.8733,27.3,0,0
20260812_園田_11,1,7,0.0659,8.1906,11.0,0,0
20260812_大井_01,3,8,0.2731,1.9793,2.5,1,250
20260812_大井_01,6,8,0.153,8.2578,6.1,0,0
20260812_大井_01,5,8,0.1148,5.4734,6.0,0,0
20260812_大井_01,3,6,0.0775,9.6617,10.9,0,0
20260812_大井_01,8,10,0.0701,15.8151,19.6,0,0
20260812_大井_02,2,5,0.4273,1.3891,2.0,1,200
20260812_大井_02,1,2,0.2264,2.0937,2.6,0,0
20260812_大井_02,2,4,0.1531,4.3982,6.1,0,0
20260812_大井_02,2,3,0.0863,13.1775,16.5,0,0
20260812_大井_02,1,5,0.0412,9.013,12.9,0,0
20260812_大井_03,1,5,0.2367,3.8685,4.4,0,0
20260812_大井_03,1,2,0.1889,4.4831,5.3,0,0
20260812_大井_03,1,4,0.0972,7.0976,8.5,0,0
20260812_大井_03,2,5,0.0919,9.4397,12.1,0,0
20260812_大井_03,1,7,0.0843,7.368,7.5,0,0
20260812_浦和_01,1,2,0.1928,5.4192,3.8,0,0
20260812_浦和_01,1,5,0.1675,6.3555,7.5,0,0
20260812_浦和_01,2,5,0.15,3.446,4.6,0,0
20260812_浦和_01,1,4,0.1015,11.2193,12.9,0,0
20260812_浦和_01,2,4,0.0906,6.3649,8.5,0,0
20260812_浦和_02,1,10,0.233,2.8607,4.4,0,0
20260812_浦和_02,6,10,0.1273,5.7633,3.5,0,0
20260812_浦和_02,9,10,0.1054,8.7682,5.4,1,540
20260812_浦和_02,8,10,0.0967,6.5324,8.6,0,0
20260812_浦和_02,3,10,0.0925,9.0629,11.5,0,0
20260812_浦和_04,1,3,0.2788,2.3527,2.5,1,250
20260812_浦和_04,1,6,0.2243,4.3003,4.4,0,0
20260812_浦和_04,3,6,0.2015,2.9712,4.2,0,0
20260812_浦和_04,1,7,0.04,23.7374,22.6,0,0
20260812_浦和_04,1,4,0.04,16.1097,14.6,0,0
20260812_浦和_05,5,8,0.1485,4.2928,4.8,0,0
20260812_浦和_05,5,9,0.1358,6.5151,7.5,0,0
20260812_浦和_05,5,6,0.1276,6.659,8.0,0,0
20260812_浦和_05,2,5,0.1124,5.2661,6.4,1,640
20260812_浦和_05,1,5,0.1058,6.9364,7.6,0,0
20260812_浦和_07,2,3,0.1649,5.1675,5.7,1,570
20260812_浦和_07,3,7,0.1532,6.0667,5.0,0,0
20260812_浦和_07,3,10,0.1184,4.9025,5.1,0,0
20260812_浦和_07,3,4,0.1028,7.1514,7.3,0,0
20260812_浦和_07,3,12,0.0961,8.2009,10.1,0,0
20260812_笠松_01,2,7,0.2439,2.986,4.1,0,0
20260812_笠松_01,7,8,0.1455,5.1595,4.0,0,0
20260812_笠松_01,3,7,0.0976,6.6041,9.0,0,0
20260812_笠松_01,7,9,0.088,11.9243,14.3,0,0
20260812_笠松_01,4,7,0.0661,8.5136,8.6,0,0
20260812_笠松_02,1,7,0.4313,1.28,1.6,1,160
20260812_笠松_02,2,7,0.1357,5.9581,5.5,0,0
20260812_笠松_02,5,7,0.1155,9.9842,13.2,0,0
20260812_笠松_02,4,7,0.0608,12.572,12.3,0,0
20260812_笠松_02,1,2,0.0596,7.5213,9.1,0,0
20260812_笠松_03,3,4,0.2331,2.2615,2.4,1,240
20260812_笠松_03,3,7,0.1483,5.9269,5.5,0,0
20260812_笠松_03,3,6,0.1302,8.5797,9.4,0,0
20260812_笠松_03,1,3,0.0996,5.1221,6.5,0,0
20260812_笠松_03,4,7,0.0697,12.2755,16.9,0,0
20260812_笠松_05,2,4,0.2416,1.7893,2.0,0,0
20260812_笠松_05,4,5,0.2293,2.8092,3.8,0,0
20260812_笠松_05,4,8,0.1936,3.3333,3.8,1,380
20260812_笠松_05,4,6,0.049,16.2267,22.1,0,0
20260812_笠松_05,2,5,0.045,16.1466,24.6,0,0
20260812_笠松_08,3,6,0.3083,2.0145,2.5,0,0
20260812_笠松_08,3,5,0.2293,3.9343,3.7,0,0
20260812_笠松_08,3,4,0.1432,5.3901,6.7,0,0
20260812_笠松_08,5,6,0.0993,6.9838,8.6,0,0
20260812_笠松_08,4,6,0.0606,9.1154,11.4,1,1140
20260812_笠松_09,1,5,0.2458,2.5596,3.2,0,0
20260812_笠松_09,1,7,0.1709,3.0256,4.7,0,0
20260812_笠松_09,1,8,0.0934,8.4985,9.6,0,0
20260812_笠松_09,1,3,0.0837,8.9499,8.7,0,0
20260812_笠松_09,1,6,0.0624,16.0754,27.6,0,0
20260812_笠松_10,1,3,0.2903,1.8105,2.7,0,0
20260812_笠松_10,1,2,0.1534,4.693,7.7,0,0
20260812_笠松_10,1,8,0.1215,5.9898,6.4,0,0
20260812_笠松_10,2,3,0.0832,7.3892,6.2,0,0
20260812_笠松_10,3,8,0.0654,11.8668,7.2,0,0
20260812_門別_01,1,2,0.2165,1.8089,2.9,0,0
20260812_門別_01,2,6,0.1391,4.2663,4.9,0,0
20260812_門別_01,2,9,0.1383,4.7751,5.5,1,550
20260812_門別_01,2,4,0.0693,9.3978,10.6,0,0
20260812_門別_01,1,6,0.0477,21.2067,24.6,0,0
20260812_門別_02,6,7,0.3688,1.3107,1.4,1,140
20260812_門別_02,6,11,0.109,5.4359,7.2,0,0
20260812_門別_02,7,11,0.0936,6.4155,9.6,0,0
20260812_門別_02,2,6,0.0587,12.9784,19.3,0,0
20260812_門別_02,2,7,0.0502,14.7953,17.6,0,0
20260812_門別_04,2,8,0.2636,1.5,1.8,0,0
20260812_門別_04,2,10,0.1212,5.3659,7.4,0,0
20260812_門別_04,8,10,0.1103,9.6024,12.9,0,0
20260812_門別_04,2,3,0.1009,5.602,4.7,0,0
20260812_門別_04,3,8,0.0917,9.9657,9.2,1,920
20260812_門別_07,4,5,0.1611,3.4855,4.0,0,0
20260812_門別_07,4,10,0.1577,2.7911,3.6,1,360
20260812_門別_07,5,10,0.1542,4.143,5.3,0,0
20260812_門別_07,1,4,0.084,9.9366,6.8,0,0
20260812_門別_07,1,5,0.0821,16.0956,17.4,0,0
20260812_門別_08,1,5,0.2173,3.4677,4.3,1,430
20260812_門別_08,1,11,0.1722,2.7753,3.6,0,0
20260812_門別_08,1,10,0.1058,6.7122,7.3,0,0
20260812_門別_08,5,11,0.0973,9.5594,6.9,0,0
20260812_門別_08,5,10,0.0589,19.6139,11.8,0,0
20260812_門別_09,6,7,0.2907,1.6302,2.5,0,0
20260812_門別_09,4,6,0.1591,2.7997,3.2,1,320
20260812_門別_09,6,8,0.1494,5.0092,5.0,0,0
20260812_門別_09,2,6,0.0611,9.3249,9.9,0,0
20260812_門別_09,4,7,0.0519,19.1345,33.9,0,0
20260812_門別_11,3,4,0.3309,1.0617,2.0,0,0
20260812_門別_11,1,4,0.2048,4.2474,6.9,0,0
20260812_門別_11,2,4,0.1117,6.1971,6.6,0,0
20260812_門別_11,1,3,0.0958,10.3778,11.2,0,0
20260812_門別_11,4,6,0.0781,9.2353,14.8,0,0
20260812_門別_12,5,7,0.2066,3.1362,3.7,1,370
20260812_門別_12,7,10,0.1896,3.3481,3.0,0,0
20260812_門別_12,5,10,0.1274,5.6472,6.8,0,0
20260812_門別_12,3,7,0.0636,11.346,11.4,0,0
20260812_門別_12,6,7,0.0566,14.4255,16.9,0,0
20260814_園田_02,10,12,0.2542,3.1623,3.4,0,0
20260814_園田_02,4,10,0.1149,4.2105,4.6,0,0
20260814_園田_02,4,12,0.0997,8.4955,9.1,1,910
20260814_園田_02,8,10,0.0804,8.0373,7.6,0,0
20260814_園田_02,8,12,0.0696,15.7169,20.0,0,0
20260814_園田_03,8,10,0.3724,1.2949,1.3,0,0
20260814_園田_03,2,10,0.1309,4.9536,5.9,1,590
20260814_園田_03,4,10,0.0841,7.2578,15.6,0,0
20260814_園田_03,9,10,0.0658,8.6802,10.7,0,0
20260814_園田_03,1,10,0.0543,11.1789,23.3,0,0
20260814_園田_04,1,2,0.2897,2.6899,3.0,0,0
20260814_園田_04,1,6,0.1423,4.9291,4.9,0,0
20260814_園田_04,2,6,0.0834,6.7461,7.0,0,0
20260814_園田_04,1,4,0.08,9.562,8.8,0,0
20260814_園田_04,2,4,0.0462,14.0076,22.0,1,2200
20260814_園田_05,2,5,0.1773,5.7955,3.8,0,0
20260814_園田_05,4,5,0.1457,7.3069,7.6,0,0
20260814_園田_05,2,4,0.1338,4.073,5.8,0,0
20260814_園田_05,1,5,0.0857,16.1398,11.7,1,1170
20260814_園田_05,1,2,0.0785,9.1261,5.8,0,0
20260814_園田_06,5,9,0.2118,3.9245,3.5,0,0
20260814_園田_06,2,9,0.1563,6.9032,6.4,0,0
20260814_園田_06,2,5,0.1465,4.4451,5.1,1,510
20260814_園田_06,6,9,0.0654,15.2225,8.6,0,0
20260814_園田_06,5,6,0.0611,11.2345,13.6,0,0
20260814_園田_08,1,6,0.2441,2.8197,4.3,0,0
20260814_園田_08,4,6,0.2382,2.3763,3.0,0,0
20260814_園田_08,1,4,0.1278,12.434,12.9,0,0
20260814_園田_08,6,9,0.0573,9.2693,11.1,0,0
20260814_園田_08,6,8,0.0424,7.9911,10.1,1,1010
20260814_園田_09,4,8,0.1902,4.5624,4.7,0,0
20260814_園田_09,8,9,0.159,3.3464,3.9,0,0
20260814_園田_09,4,9,0.1171,6.2446,7.4,1,740
20260814_園田_09,1,8,0.0942,7.7555,8.3,0,0
20260814_園田_09,1,4,0.0687,12.5349,11.0,0,0
20260814_大井_07,1,8,0.2786,2.0577,2.6,0,0
20260814_大井_07,4,8,0.1026,5.7198,7.4,0,0
20260814_大井_07,2,8,0.0835,10.2665,7.9,0,0
20260814_大井_07,1,4,0.0799,7.7798,9.0,0,0
20260814_大井_07,6,8,0.0712,10.9421,8.6,1,860
20260814_大井_09,1,2,0.3484,1.8074,2.5,1,250
20260814_大井_09,2,3,0.1259,4.4837,4.2,0,0
20260814_大井_09,2,5,0.0897,5.928,7.4,0,0
20260814_大井_09,2,4,0.0827,8.7138,11.7,0,0
20260814_大井_09,2,6,0.0751,9.519,10.9,0,0
20260814_大井_10,3,7,0.2378,2.3324,3.3,0,0
20260814_大井_10,3,10,0.1726,3.9712,4.9,0,0
20260814_大井_10,3,9,0.15,3.4576,4.0,1,400
20260814_大井_10,3,5,0.0837,6.8048,7.9,0,0
20260814_大井_10,1,3,0.0784,7.4808,8.0,0,0
20260814_笠松_03,3,5,0.3996,1.6917,1.9,0,0
20260814_笠松_03,1,5,0.1939,3.1159,4.6,1,460
20260814_笠松_03,5,6,0.0933,6.0134,7.8,0,0
20260814_笠松_03,1,3,0.0796,8.4929,8.9,0,0
20260814_笠松_03,4,5,0.0654,7.4346,12.3,0,0
20260814_笠松_04,2,5,0.4637,1.3223,1.8,0,0
20260814_笠松_04,2,7,0.1009,5.8994,5.8,0,0
20260814_笠松_04,1,2,0.0729,13.7781,17.2,0,0
20260814_笠松_04,2,4,0.0686,8.935,12.5,0,0
20260814_笠松_04,5,7,0.0581,13.4675,14.8,0,0
20260814_笠松_06,2,5,0.2032,2.6391,3.7,0,0
20260814_笠松_06,4,5,0.1861,3.9664,4.5,0,0
20260814_笠松_06,5,6,0.1754,3.7211,4.5,0,0
20260814_笠松_06,3,5,0.0694,17.3434,21.4,0,0
20260814_笠松_06,5,8,0.061,21.2778,28.2,0,0
20260814_笠松_07,3,6,0.1854,4.762,5.7,0,0
20260814_笠松_07,4,6,0.1228,4.8005,6.1,0,0
20260814_笠松_07,3,4,0.1219,4.4844,5.0,1,500
20260814_笠松_07,5,6,0.0897,10.3505,11.9,0,0
20260814_笠松_07,3,5,0.0891,11.2668,10.5,0,0
20260814_笠松_08,4,6,0.3404,1.3501,2.1,0,0
20260814_笠松_08,1,6,0.1511,2.7803,3.4,0,0
20260814_笠松_08,2,6,0.0948,7.5033,8.8,1,880
20260814_笠松_08,1,4,0.089,12.1561,11.7,0,0
20260814_笠松_08,5,6,0.0602,9.345,12.5,0,0
20260814_笠松_09,1,8,0.3228,2.1503,2.2,0,0
20260814_笠松_09,5,8,0.1472,5.5805,6.3,1,630
20260814_笠松_09,1,5,0.1137,5.1638,6.7,0,0
20260814_笠松_09,2,8,0.0765,8.0917,8.3,0,0
20260814_笠松_09,1,2,0.0586,7.7978,11.2,0,0
20260814_笠松_10,1,7,0.2355,1.9021,2.8,1,280
20260814_笠松_10,5,7,0.2243,2.2544,3.2,0,0
20260814_笠松_10,4,7,0.1207,5.7821,4.7,0,0
20260814_笠松_10,3,7,0.0822,6.8487,8.4,0,0
20260814_笠松_10,1,5,0.0708,14.7869,18.0,0,0
20260814_笠松_11,4,6,0.2355,3.145,4.7,0,0
20260814_笠松_11,4,8,0.1999,2.9162,4.1,0,0
20260814_笠松_11,3,4,0.1095,10.3763,12.1,0,0
20260814_笠松_11,4,7,0.1045,8.1061,8.9,0,0
20260814_笠松_11,6,8,0.0508,10.6538,14.9,0,0
20260815_佐賀_01,1,6,0.533,1.3445,1.5,0,0
20260815_佐賀_01,1,5,0.1593,2.6482,3.8,1,380
20260815_佐賀_01,1,3,0.0833,7.3127,11.2,0,0
20260815_佐賀_01,1,4,0.0795,5.3927,8.2,0,0
20260815_佐賀_01,1,2,0.066,9.7592,16.3,0,0
20260815_佐賀_02,2,4,0.4503,1.3689,1.8,0,0
20260815_佐賀_02,1,4,0.1283,3.2383,3.4,0,0
20260815_佐賀_02,1,2,0.1084,6.4332,10.3,0,0
20260815_佐賀_02,4,7,0.0903,6.6656,8.0,0,0
20260815_佐賀_02,2,7,0.0761,10.0932,12.5,1,1250
20260815_佐賀_03,7,11,0.2827,1.941,2.7,0,0
20260815_佐賀_03,1,11,0.1922,3.6299,5.3,0,0
20260815_佐賀_03,10,11,0.117,6.5883,5.1,0,0
20260815_佐賀_03,4,11,0.0998,4.6552,4.4,1,440
20260815_佐賀_03,9,11,0.0476,16.3538,16.7,0,0
20260815_佐賀_04,4,10,0.2498,2.035,2.7,0,0
20260815_佐賀_04,4,8,0.1802,6.1924,5.2,1,520
20260815_佐賀_04,8,10,0.12,5.1278,4.2,0,0
20260815_佐賀_04,4,6,0.0834,11.2487,9.5,0,0
20260815_佐賀_04,6,10,0.0546,9.9783,13.7,0,0
20260815_佐賀_05,6,11,0.2197,3.519,2.4,0,0
20260815_佐賀_05,2,6,0.1874,2.3901,3.9,0,0
20260815_佐賀_05,1,6,0.1088,11.3459,15.2,1,1520
20260815_佐賀_05,6,7,0.1079,8.7572,11.7,0,0
20260815_佐賀_05,3,6,0.0802,5.5258,5.5,0,0
20260815_佐賀_06,1,4,0.167,4.0616,4.9,0,0
20260815_佐賀_06,4,6,0.1564,9.5365,10.7,0,0
20260815_佐賀_06,2,4,0.106,6.4199,8.5,0,0
20260815_佐賀_06,1,6,0.1031,7.0177,6.3,0,0
20260815_佐賀_06,1,2,0.0692,5.1735,5.6,0,0
20260815_佐賀_07,7,10,0.3725,1.3992,2.1,0,0
20260815_佐賀_07,1,7,0.1367,3.331,5.4,1,540
20260815_佐賀_07,4,7,0.0992,6.3511,7.9,0,0
20260815_佐賀_07,1,10,0.0594,21.8724,12.2,0,0
20260815_佐賀_07,5,7,0.0535,10.8124,16.4,0,0
20260815_大井_03,3,4,0.1952,2.9682,3.5,0,0
20260815_大井_03,1,4,0.1907,3.6999,4.6,1,460
20260815_大井_03,1,3,0.1209,6.0587,7.7,0,0
20260815_大井_03,4,8,0.0752,11.1009,14.3,0,0
20260815_大井_03,3,8,0.0466,15.7653,16.1,0,0
20260815_大井_05,1,3,0.2271,2.0989,2.7,0,0
20260815_大井_05,1,2,0.1673,3.83,4.6,0,0
20260815_大井_05,1,5,0.1557,4.3044,5.2,0,0
20260815_大井_05,2,3,0.1472,3.9439,4.7,0,0
20260815_大井_05,3,5,0.1369,4.788,6.5,0,0
20260815_大井_08,3,10,0.1605,3.5189,4.6,1,460
20260815_大井_08,5,10,0.1318,4.213,4.3,0,0
20260815_大井_08,4,10,0.1206,7.5391,7.4,0,0
20260815_大井_08,8,10,0.0997,4.8026,6.4,0,0
20260815_大井_08,7,10,0.0987,5.4425,6.7,0,0
20260815_大井_09,2,7,0.1587,3.5936,5.1,0,0
20260815_大井_09,2,5,0.1448,4.8405,6.5,1,650
20260815_大井_09,2,11,0.1352,3.9471,4.4,0,0
20260815_大井_09,1,2,0.1098,8.683,7.0,0,0
20260815_大井_09,2,9,0.0573,17.4024,17.0,0,0
20260816_佐賀_01,4,5,0.199,3.4453,3.6,0,0
20260816_佐賀_01,4,7,0.1838,4.6937,4.0,0,0
20260816_佐賀_01,4,11,0.0831,5.134,5.6,0,0
20260816_佐賀_01,5,7,0.0724,14.8831,19.1,1,1910
20260816_佐賀_01,1,4,0.0648,22.4048,12.1,0,0
20260816_佐賀_02,4,12,0.1844,3.8614,5.3,0,0
20260816_佐賀_02,3,12,0.1748,4.4058,4.0,0,0
20260816_佐賀_02,10,12,0.1485,5.0008,6.7,0,0
20260816_佐賀_02,6,12,0.1227,6.0459,7.3,0,0
20260816_佐賀_02,7,12,0.0734,8.9721,10.6,1,1060
20260816_佐賀_04,2,10,0.2496,2.1391,3.1,1,310
20260816_佐賀_04,6,10,0.168,6.4743,4.7,0,0
20260816_佐賀_04,1,10,0.0802,4.8897,8.4,0,0
20260816_佐賀_04,8,10,0.0729,7.4118,12.0,0,0
20260816_佐賀_04,2,6,0.0633,22.2538,10.5,0,0
20260816_佐賀_05,7,11,0.2021,2.9061,3.9,0,0
20260816_佐賀_05,7,8,0.1433,5.0149,7.5,0,0
20260816_佐賀_05,6,7,0.1311,8.2846,13.5,0,0
20260816_佐賀_05,5,7,0.1286,7.3001,5.4,1,540
20260816_佐賀_05,1,7,0.0539,12.7671,8.5,0,0
20260816_佐賀_06,10,12,0.1922,2.7103,4.1,0,0
20260816_佐賀_06,1,10,0.1554,4.454,3.7,0,0
20260816_佐賀_06,5,10,0.0927,7.5144,11.4,0,0
20260816_佐賀_06,9,10,0.0865,8.0582,9.8,1,980
20260816_佐賀_06,8,10,0.0814,7.6492,6.3,0,0
20260816_佐賀_07,4,6,0.2228,2.8727,4.0,0,0
20260816_佐賀_07,5,6,0.1461,3.9834,5.0,0,0
20260816_佐賀_07,2,6,0.1428,3.777,6.4,1,640
20260816_佐賀_07,4,5,0.0832,9.4934,6.6,0,0
20260816_佐賀_07,2,4,0.0813,9.558,5.9,0,0
20260816_佐賀_08,2,9,0.2729,1.8049,2.3,1,230
20260816_佐賀_08,2,6,0.1226,5.1025,6.2,0,0
20260816_佐賀_08,1,2,0.0792,5.885,5.8,0,0
20260816_佐賀_08,6,9,0.0662,13.7073,13.6,0,0
20260816_佐賀_08,2,4,0.0619,20.6732,18.6,0,0
20260816_佐賀_10,1,2,0.2503,2.1395,3.0,0,0
20260816_佐賀_10,2,5,0.1626,4.1549,3.2,1,320
20260816_佐賀_10,2,3,0.0847,8.0777,11.9,0,0
20260816_佐賀_10,1,5,0.0743,12.2954,10.2,0,0
20260816_佐賀_10,2,10,0.053,12.4191,16.9,0,0
20260816_大井_01,10,12,0.2685,1.7296,2.5,0,0
20260816_大井_01,10,13,0.1321,5.2935,4.7,0,0
20260816_大井_01,3,10,0.0906,12.895,15.6,0,0
20260816_大井_01,7,10,0.0675,12.169,17.3,0,0
20260816_大井_01,5,10,0.0577,26.7435,12.5,0,0
20260816_大井_04,3,7,0.1872,3.9404,4.8,1,480
20260816_大井_04,3,6,0.1714,3.6271,4.3,0,0
20260816_大井_04,6,7,0.1316,4.9289,5.7,0,0
20260816_大井_04,2,3,0.0933,9.3369,7.4,0,0
20260816_大井_04,2,7,0.071,13.3258,14.1,0,0
20260816_大井_05,1,4,0.2138,2.3378,3.2,0,0
20260816_大井_05,1,5,0.1605,3.5478,3.8,1,380
20260816_大井_05,4,5,0.1107,8.1438,8.1,0,0
20260816_大井_05,1,3,0.1066,5.6098,9.0,0,0
20260816_大井_05,3,4,0.0729,10.681,10.1,0,0
20260816_盛岡_01,3,7,0.2337,3.0759,4.1,0,0
20260816_盛岡_01,3,6,0.174,3.9143,5.4,0,0
20260816_盛岡_01,3,4,0.104,8.362,4.0,0,0
20260816_盛岡_01,3,8,0.0725,10.4069,16.9,0,0
20260816_盛岡_01,3,5,0.0618,7.8897,12.5,1,1250
20260816_盛岡_02,7,8,0.3031,1.4443,2.6,0,0
20260816_盛岡_02,1,7,0.2835,1.7149,1.7,1,170
20260816_盛岡_02,3,7,0.0996,6.8511,10.3,0,0
20260816_盛岡_02,1,8,0.0762,12.9825,23.3,0,0
20260816_盛岡_02,4,7,0.059,14.2141,18.2,0,0
20260816_盛岡_03,1,3,0.2179,3.1121,3.6,0,0
20260816_盛岡_03,3,8,0.1944,3.0553,3.0,0,0
20260816_盛岡_03,3,7,0.1324,6.3569,6.5,0,0
20260816_盛岡_03,1,8,0.1004,8.4082,9.6,0,0
20260816_盛岡_03,1,7,0.0674,14.7763,17.9,0,0
20260816_盛岡_04,2,5,0.2217,2.3948,3.3,0,0
20260816_盛岡_04,2,9,0.2101,2.9762,3.6,1,360
20260816_盛岡_04,2,7,0.1136,7.1654,6.8,0,0
20260816_盛岡_04,2,4,0.1001,9.8296,6.4,0,0
20260816_盛岡_04,2,6,0.0557,20.4073,21.6,0,0
20260816_盛岡_05,1,4,0.2212,2.8182,3.5,0,0
20260816_盛岡_05,1,2,0.2194,2.5238,2.6,1,260
20260816_盛岡_05,1,9,0.185,5.6376,6.2,0,0
20260816_盛岡_05,1,3,0.0665,9.0454,8.2,0,0
20260816_盛岡_05,1,7,0.065,9.8465,11.6,0,0
20260816_盛岡_07,6,8,0.2063,4.5719,4.5,0,0
20260816_盛岡_07,6,11,0.1896,6.863,7.2,0,0
20260816_盛岡_07,1,6,0.1842,2.4504,2.7,0,0
20260816_盛岡_07,5,6,0.0982,5.5309,7.1,1,710
20260816_盛岡_07,4,6,0.0659,12.7462,19.3,0,0
20260816_盛岡_11,3,5,0.4989,1.6638,1.4,0,0
20260816_盛岡_11,5,6,0.0907,6.19,5.1,1,510
20260816_盛岡_11,2,5,0.0859,11.7222,22.5,0,0
20260816_盛岡_11,3,6,0.0742,5.7869,10.4,0,0
20260816_盛岡_11,2,3,0.0703,9.6005,17.2,0,0
20260816_盛岡_12,3,4,0.4789,0.7282,1.1,1,110
20260816_盛岡_12,2,4,0.1588,7.8081,8.4,0,0
20260816_盛岡_12,2,3,0.1294,8.6928,8.7,0,0
20260816_盛岡_12,4,5,0.0691,10.547,15.5,0,0
20260816_盛岡_12,3,5,0.0558,13.0601,22.1,0,0
20260817_大井_01,4,8,0.2255,3.2973,4.5,0,0
20260817_大井_01,1,8,0.1696,3.9748,3.6,0,0
20260817_大井_01,7,8,0.1003,9.9818,13.3,0,0
20260817_大井_01,5,8,0.0737,12.4897,15.8,0,0
20260817_大井_01,1,4,0.0602,10.4066,10.9,0,0
20260817_大井_03,4,7,0.3532,1.3196,1.7,1,170
20260817_大井_03,4,8,0.1779,3.6138,4.7,0,0
20260817_大井_03,3,4,0.094,7.6532,9.0,0,0
20260817_大井_03,7,8,0.0742,18.4084,16.2,0,0
20260817_大井_03,2,4,0.0622,13.4695,13.8,0,0
20260817_大井_04,2,8,0.263,2.327,2.8,0,0
20260817_大井_04,1,2,0.1409,4.7354,6.2,0,0
20260817_大井_04,2,7,0.1232,4.9341,6.0,1,600
20260817_大井_04,2,3,0.1192,4.6508,5.7,0,0
20260817_大井_04,2,5,0.1138,4.7938,6.3,0,0
20260817_大井_05,6,7,0.173,5.0502,3.7,1,370
20260817_大井_05,1,7,0.1404,5.2046,6.1,0,0
20260817_大井_05,4,7,0.1352,5.7763,8.4,0,0
20260817_大井_05,5,7,0.094,3.9401,5.7,0,0
20260817_大井_05,1,6,0.0638,15.846,13.1,0,0
20260817_大井_09,2,5,0.2413,1.8567,2.9,0,0
20260817_大井_09,2,9,0.1296,6.6473,7.5,0,0
20260817_大井_09,5,9,0.1182,8.3345,8.7,0,0
20260817_大井_09,2,8,0.0863,7.5354,9.4,0,0
20260817_大井_09,5,8,0.0785,8.602,9.8,0,0
20260817_盛岡_01,4,5,0.2676,1.499,1.9,0,0
20260817_盛岡_01,2,4,0.1161,4.9001,6.2,0,0
20260817_盛岡_01,2,5,0.1124,6.6338,9.2,0,0
20260817_盛岡_01,4,8,0.1053,9.0056,6.1,0,0
20260817_盛岡_01,5,8,0.1019,12.5944,15.6,1,1560
20260817_盛岡_02,3,10,0.277,2.5475,2.8,0,0
20260817_盛岡_02,3,11,0.1437,4.9363,5.3,0,0
20260817_盛岡_02,3,6,0.0977,4.9447,5.7,0,0
20260817_盛岡_02,3,7,0.0851,7.7515,9.1,0,0
20260817_盛岡_02,3,4,0.0705,9.226,9.4,0,0
20260817_盛岡_05,5,7,0.3424,1.0913,1.6,1,160
20260817_盛岡_05,4,7,0.1275,5.8843,6.9,0,0
20260817_盛岡_05,6,7,0.0954,10.6893,11.4,0,0
20260817_盛岡_05,3,7,0.0596,13.1195,16.1,0,0
20260817_盛岡_05,7,9,0.0557,11.885,12.6,0,0
20260817_盛岡_06,2,4,0.318,2.8686,3.5,0,0
20260817_盛岡_06,2,5,0.1534,3.4922,4.4,0,0
20260817_盛岡_06,2,7,0.1342,4.032,5.5,0,0
20260817_盛岡_06,4,5,0.0814,9.7804,11.2,1,1120
20260817_盛岡_06,2,3,0.0771,8.0038,9.6,0,0
20260817_盛岡_07,1,3,0.3045,1.5752,1.9,0,0
20260817_盛岡_07,2,3,0.125,8.8833,8.3,0,0
20260817_盛岡_07,3,4,0.125,6.6758,9.1,0,0
20260817_盛岡_07,3,6,0.0895,8.8688,13.1,0,0
20260817_盛岡_07,3,5,0.065,15.3079,19.2,0,0
20260817_盛岡_08,1,3,0.2077,4.1772,3.9,0,0
20260817_盛岡_08,3,5,0.197,3.9904,3.9,0,0
20260817_盛岡_08,3,8,0.1315,6.9111,5.3,0,0
20260817_盛岡_08,1,5,0.0845,7.4644,11.0,0,0
20260817_盛岡_08,2,3,0.0676,8.9489,12.6,0,0
20260817_盛岡_11,6,8,0.1958,6.9392,6.9,0,0
20260817_盛岡_11,6,10,0.1341,4.6027,4.8,0,0
20260817_盛岡_11,4,6,0.1286,5.9617,6.1,0,0
20260817_盛岡_11,3,6,0.1005,7.6483,9.6,0,0
20260817_盛岡_11,1,6,0.0711,9.5464,8.1,0,0
20260817_金沢_01,1,4,0.2292,2.5369,2.6,0,0
20260817_金沢_01,3,4,0.2195,3.4053,5.0,0,0
20260817_金沢_01,1,3,0.126,3.4592,4.8,0,0
20260817_金沢_01,4,6,0.0929,10.3311,12.0,0,0
20260817_金沢_01,1,6,0.0519,12.0916,16.5,0,0
20260817_金沢_02,3,9,0.174,2.7637,3.5,1,350
20260817_金沢_02,7,9,0.1587,4.2169,5.6,0,0
20260817_金沢_02,1,9,0.1515,4.8673,6.1,0,0
20260817_金沢_02,5,9,0.1124,7.2115,4.9,0,0
20260817_金沢_02,8,9,0.0498,6.8092,10.9,0,0
20260817_金沢_03,5,7,0.4437,1.2531,2.0,1,200
20260817_金沢_03,5,8,0.1438,4.5926,4.8,0,0
20260817_金沢_03,1,5,0.1126,5.6703,5.7,0,0
20260817_金沢_03,2,5,0.0708,11.4127,10.0,0,0
20260817_金沢_03,3,5,0.0555,18.2735,23.3,0,0
20260817_金沢_04,3,4,0.3429,1.5054,2.4,0,0
20260817_金沢_04,4,10,0.1951,2.1865,2.9,0,0
20260817_金沢_04,4,5,0.1349,6.0016,3.3,0,0
20260817_金沢_04,2,4,0.0477,16.0203,21.7,0,0
20260817_金沢_04,3,10,0.0446,17.8331,25.6,0,0
20260817_金沢_05,3,5,0.2941,1.5882,1.3,0,0
20260817_金沢_05,2,3,0.1305,6.7175,8.5,0,0
20260817_金沢_05,3,8,0.1284,7.6108,13.9,0,0
20260817_金沢_05,3,10,0.0963,10.6078,10.0,0,0
20260817_金沢_05,3,4,0.0935,9.5501,15.0,0,0
20260817_金沢_06,7,9,0.2203,3.4837,2.1,0,0
20260817_金沢_06,9,10,0.146,9.4741,8.9,0,0
20260817_金沢_06,9,11,0.1191,6.0866,7.0,1,700
20260817_金沢_06,3,9,0.0777,16.3464,12.5,0,0
20260817_金沢_06,9,12,0.0634,7.1054,11.5,0,0
20260817_金沢_07,3,7,0.3241,2.4333,2.3,1,230
20260817_金沢_07,3,8,0.2585,1.7938,3.0,0,0
20260817_金沢_07,7,8,0.1357,6.0349,9.8,0,0
20260817_金沢_07,3,4,0.0498,9.9345,9.2,0,0
20260817_金沢_07,2,3,0.0353,18.3357,28.7,0,0
20260817_金沢_08,1,3,0.4211,1.0459,1.5,0,0
20260817_金沢_08,3,8,0.1681,3.7918,3.7,1,370
20260817_金沢_08,3,9,0.1061,7.0256,10.4,0,0
20260817_金沢_08,1,8,0.0859,10.7858,15.7,0,0
20260817_金沢_08,1,9,0.0534,18.8614,30.0,0,0
20260818_名古屋_02,2,6,0.1904,3.6559,5.2,0,0
20260818_名古屋_02,2,5,0.1531,7.7957,4.4,1,440
20260818_名古屋_02,2,3,0.1175,4.7713,5.1,0,0
20260818_名古屋_02,1,2,0.113,6.3607,8.8,0,0
20260818_名古屋_02,2,7,0.0728,11.6978,14.5,0,0
20260818_川崎_01,4,6,0.2228,2.6091,3.6,0,0
20260818_川崎_01,3,4,0.1352,5.5106,6.5,1,650
20260818_川崎_01,4,8,0.1302,5.0866,5.4,0,0
20260818_川崎_01,3,6,0.0807,11.9434,9.0,0,0
20260818_川崎_01,6,8,0.0777,11.729,7.8,0,0
20260818_川崎_04,3,10,0.273,2.5912,2.8,0,0
20260818_川崎_04,8,10,0.1516,3.7339,4.7,0,0
20260818_川崎_04,4,10,0.1031,6.9941,8.1,1,810
20260818_川崎_04,3,8,0.0553,14.9998,17.7,0,0
20260818_川崎_04,5,10,0.0533,10.8292,14.4,0,0
20260818_川崎_05,8,10,0.2178,3.7405,4.9,0,0
20260818_川崎_05,3,10,0.1868,3.7888,4.7,0,0
20260818_川崎_05,3,8,0.0783,8.8839,9.5,0,0
20260818_川崎_05,2,10,0.0737,11.7352,12.8,0,0
20260818_川崎_05,10,11,0.0548,10.5822,16.6,0,0
20260818_川崎_06,3,4,0.272,1.3661,2.0,0,0
20260818_川崎_06,3,7,0.1351,7.6099,5.4,0,0
20260818_川崎_06,2,3,0.0935,8.8452,12.6,1,1260
20260818_川崎_06,4,7,0.0704,16.3488,12.6,0,0
20260818_川崎_06,3,5,0.0671,8.9794,9.8,0,0
20260818_川崎_08,3,5,0.198,4.2158,6.6,0,0
20260818_川崎_08,3,6,0.1649,3.519,4.5,0,0
20260818_川崎_08,5,6,0.1183,3.5779,4.7,0,0
20260818_川崎_08,3,7,0.0701,11.8937,8.9,0,0
20260818_川崎_08,5,7,0.0495,12.2307,14.5,0,0
20260818_盛岡_01,1,4,0.4867,0.6389,1.1,1,110
20260818_盛岡_01,3,4,0.1153,10.4853,12.3,0,0
20260818_盛岡_01,4,5,0.0874,11.9531,13.6,0,0
20260818_盛岡_01,4,7,0.086,11.5334,11.3,0,0
20260818_盛岡_01,2,4,0.0625,17.8058,23.7,0,0
20260818_盛岡_02,3,6,0.2914,2.7353,2.9,0,0
20260818_盛岡_02,3,4,0.1735,3.8814,4.9,0,0
20260818_盛岡_02,3,7,0.1554,3.458,4.5,0,0
20260818_盛岡_02,3,5,0.0882,9.2302,13.3,0,0
20260818_盛岡_02,4,6,0.0594,12.3173,14.9,0,0
20260818_盛岡_03,2,7,0.1339,8.1814,10.4,0,0
20260818_盛岡_03,5,7,0.1316,7.481,7.8,0,0
20260818_盛岡_03,1,7,0.1289,5.2282,6.3,0,0
20260818_盛岡_03,6,7,0.1232,7.2109,5.7,0,0
20260818_盛岡_03,4,7,0.1031,8.125,8.4,1,840
20260818_盛岡_05,3,11,0.2736,2.161,2.3,1,230
20260818_盛岡_05,2,3,0.0944,10.1321,10.4,0,0
20260818_盛岡_05,3,6,0.0875,10.4901,10.1,0,0
20260818_盛岡_05,2,11,0.084,9.1865,9.4,0,0
20260818_盛岡_05,6,11,0.0778,9.7659,12.4,0,0
20260818_盛岡_06,5,7,0.2315,3.4387,5.1,0,0
20260818_盛岡_06,1,7,0.1625,3.7503,5.9,0,0
20260818_盛岡_06,1,5,0.1322,8.6434,4.7,1,470
20260818_盛岡_06,7,8,0.0576,12.3024,15.5,0,0
20260818_盛岡_06,5,8,0.0464,25.5852,23.0,0,0
20260818_盛岡_09,2,8,0.1813,5.7497,6.4,0,0
20260818_盛岡_09,2,9,0.1603,4.5568,4.5,0,0
20260818_盛岡_09,1,2,0.1457,4.0775,6.5,0,0
20260818_盛岡_09,2,4,0.0811,6.8545,6.1,0,0
20260818_盛岡_09,8,9,0.0527,20.1192,13.9,0,0
20260818_金沢_01,2,8,0.2002,3.4389,3.5,0,0
20260818_金沢_01,2,4,0.1254,6.4084,7.6,0,0
20260818_金沢_01,1,2,0.1085,5.1236,4.9,0,0
20260818_金沢_01,2,5,0.0998,6.7167,5.6,0,0
20260818_金沢_01,2,9,0.0677,15.3962,14.1,0,0
20260818_金沢_02,2,5,0.1979,3.3022,4.5,0,0
20260818_金沢_02,5,7,0.1768,3.9012,4.2,0,0
20260818_金沢_02,5,6,0.1143,7.1402,7.1,0,0
20260818_金沢_02,1,5,0.0982,7.445,12.0,0,0
20260818_金沢_02,2,7,0.0748,8.9837,9.3,0,0
20260818_金沢_04,3,9,0.2211,3.6707,4.3,0,0
20260818_金沢_04,2,3,0.2167,2.2951,2.5,1,250
20260818_金沢_04,2,9,0.1344,7.0751,8.7,0,0
20260818_金沢_04,3,8,0.0921,6.4174,6.3,0,0
20260818_金沢_04,8,9,0.0558,20.7153,15.1,0,0
20260818_金沢_05,7,9,0.1854,3.8434,3.2,0,0
20260818_金沢_05,3,7,0.1493,5.6327,4.5,0,0
20260818_金沢_05,3,9,0.1382,4.2353,4.3,1,430
20260818_金沢_05,1,7,0.0868,7.8152,11.2,0,0
20260818_金沢_05,1,9,0.0802,7.3366,11.8,0,0
20260818_金沢_06,1,2,0.4776,1.0123,1.4,0,0
20260818_金沢_06,2,5,0.1499,6.0093,7.3,1,730
20260818_金沢_06,2,7,0.123,4.9102,8.6,0,0
20260818_金沢_06,1,5,0.0626,13.2923,20.2,0,0
20260818_金沢_06,1,7,0.0509,13.2001,24.4,0,0
20260818_金沢_08,2,5,0.2863,2.1127,2.9,1,290
20260818_金沢_08,1,2,0.1745,4.0131,3.7,0,0
20260818_金沢_08,2,6,0.1501,4.0441,5.1,0,0
20260818_金沢_08,2,7,0.0961,6.8459,7.2,0,0
20260818_金沢_08,2,8,0.0563,10.7686,12.1,0,0
20260818_門別_01,10,11,0.2253,2.2238,2.6,0,0
20260818_門別_01,8,11,0.1411,4.547,5.5,0,0
20260818_門別_01,8,10,0.116,7.7655,8.2,0,0
20260818_門別_01,4,11,0.1053,6.9093,7.8,0,0
20260818_門別_01,4,10,0.0863,10.1435,8.6,0,0
20260818_門別_02,2,11,0.2944,1.7122,1.8,0,0
20260818_門別_02,2,6,0.1501,3.8241,4.4,0,0
20260818_門別_02,2,7,0.1396,6.1119,10.5,0,0
20260818_門別_02,6,11,0.0675,11.1791,10.3,0,0
20260818_門別_02,7,11,0.0626,16.3593,14.7,0,0
20260818_門別_03,3,5,0.2627,2.1314,3.0,0,0
20260818_門別_03,3,7,0.1362,4.1111,4.5,0,0
20260818_門別_03,3,12,0.0815,7.8086,8.2,0,0
20260818_門別_03,5,7,0.0627,18.9595,19.8,0,0
20260818_門別_03,3,9,0.0603,11.3839,11.5,0,0
20260818_門別_04,1,8,0.3244,0.808,1.7,0,0
20260818_門別_04,1,5,0.2168,6.0521,4.5,0,0
20260818_門別_04,1,6,0.1258,9.304,8.6,0,0
20260818_門別_04,5,8,0.0583,16.6619,14.8,0,0
20260818_門別_04,1,2,0.0559,14.4103,14.1,1,1410
20260819_園田_03,1,2,0.383,1.3712,2.0,0,0
20260819_園田_03,2,5,0.2007,3.0265,3.4,0,0
20260819_園田_03,1,5,0.1352,5.1712,7.5,1,750
20260819_園田_03,2,3,0.0966,6.707,8.2,0,0
20260819_園田_03,1,3,0.064,10.8754,15.9,0,0
20260819_園田_04,2,9,0.2968,1.5148,2.2,0,0
20260819_園田_04,5,9,0.1325,5.175,7.9,0,0
20260819_園田_04,4,9,0.1034,7.9208,7.1,0,0
20260819_園田_04,1,9,0.0838,6.1416,4.5,1,450
20260819_園田_04,8,9,0.0595,11.6319,14.6,0,0
20260819_園田_07,6,8,0.334,1.3762,2.0,0,0
20260819_園田_07,3,6,0.1548,3.012,3.0,1,300
20260819_園田_07,2,6,0.085,7.4974,9.5,0,0
20260819_園田_07,3,8,0.0845,11.1819,16.1,0,0
20260819_園田_07,1,6,0.0706,9.376,14.0,0,0
20260819_園田_08,5,7,0.2393,3.3571,4.3,0,0
20260819_園田_08,2,5,0.1706,4.3967,4.2,1,420
20260819_園田_08,3,5,0.1206,5.7269,8.6,0,0
20260819_園田_08,4,5,0.1104,9.3209,8.5,0,0
20260819_園田_08,5,6,0.0844,10.0677,12.9,0,0
20260819_園田_09,3,6,0.2657,2.0648,2.5,0,0
20260819_園田_09,1,6,0.1447,9.3535,7.2,0,0
20260819_園田_09,6,9,0.1146,5.0973,5.8,0,0
20260819_園田_09,2,6,0.0766,13.2015,16.1,0,0
20260819_園田_09,5,6,0.063,10.754,11.3,1,1130
20260819_園田_10,5,9,0.2364,2.1113,2.8,0,0
20260819_園田_10,1,9,0.1482,6.0425,4.2,1,420
20260819_園田_10,7,9,0.14,6.9181,10.3,0,0
20260819_園田_10,8,9,0.105,7.3763,7.4,0,0
20260819_園田_10,6,9,0.0665,11.2797,13.8,0,0
20260819_川崎_02,1,4,0.3852,1.6858,2.2,0,0
20260819_川崎_02,4,6,0.2033,3.1868,4.2,1,420
20260819_川崎_02,4,5,0.105,6.0711,6.6,0,0
20260819_川崎_02,2,4,0.0724,9.5514,10.8,0,0
20260819_川崎_02,1,6,0.0723,8.0738,9.5,0,0
20260819_川崎_03,2,7,0.3891,1.0538,1.6,1,160
20260819_川崎_03,5,7,0.1081,5.8155,7.9,0,0
20260819_川崎_03,6,7,0.0913,8.4022,8.6,0,0
20260819_川崎_03,1,7,0.0755,8.6606,9.9,0,0
20260819_川崎_03,2,5,0.0674,12.4427,15.1,0,0
20260819_川崎_04,7,8,0.2727,2.1742,2.5,0,0
20260819_川崎_04,8,9,0.1573,6.6295,6.1,1,610
20260819_川崎_04,6,8,0.1061,7.8764,9.1,0,0
20260819_川崎_04,7,9,0.0909,6.3084,8.1,0,0
20260819_川崎_04,1,8,0.0624,14.397,13.4,0,0
20260819_川崎_08,10,12,0.2367,2.6694,3.8,1,380
20260819_川崎_08,6,10,0.1458,4.3639,5.4,0,0
20260819_川崎_08,3,10,0.0928,9.4503,6.0,0,0
20260819_川崎_08,6,12,0.0816,7.885,9.0,0,0
20260819_川崎_08,3,12,0.0512,16.8632,18.7,0,0
20260819_川崎_10,8,12,0.3009,1.6791,2.3,0,0
20260819_川崎_10,1,8,0.1705,3.9016,4.7,1,470
20260819_川崎_10,8,10,0.1085,6.2069,7.8,0,0
20260819_川崎_10,6,8,0.066,12.2651,15.4,0,0
20260819_川崎_10,1,12,0.0639,12.2382,9.7,0,0
20260819_門別_01,4,11,0.275,2.847,3.6,0,0
20260819_門別_01,7,11,0.1359,6.8669,10.0,0,0
20260819_門別_01,6,11,0.0947,6.849,3.8,0,0
20260819_門別_01,10,11,0.0938,8.6684,12.3,0,0
20260819_門別_01,4,7,0.0557,15.0258,19.9,0,0
20260819_門別_02,1,10,0.2585,3.2961,4.1,0,0
20260819_門別_02,1,11,0.173,5.741,6.0,0,0
20260819_門別_02,10,11,0.1416,3.6729,3.5,1,350
20260819_門別_02,1,4,0.0646,15.1025,18.2,0,0
20260819_門別_02,4,10,0.0523,9.5697,9.2,0,0
20260819_門別_03,1,9,0.2401,2.5643,3.5,0,0
20260819_門別_03,1,2,0.1579,3.19,2.7,1,270
20260819_門別_03,2,9,0.1528,6.4346,7.1,0,0
20260819_門別_03,1,5,0.0666,10.478,12.9,0,0
20260819_門別_03,5,9,0.0643,20.5913,25.2,0,0
20260819_門別_04,7,8,0.1753,4.8275,4.8,0,0
20260819_門別_04,5,8,0.1608,2.92,2.8,1,280
20260819_門別_04,4,8,0.1332,3.6379,4.8,0,0
20260819_門別_04,3,8,0.1326,4.8468,8.4,0,0
20260819_門別_04,5,7,0.0468,22.0879,16.0,0,0
20260819_門別_09,5,7,0.34,1.7155,1.6,0,0
20260819_門別_09,4,7,0.1798,3.6168,4.9,0,0
20260819_門別_09,4,5,0.1292,6.1335,8.2,0,0
20260819_門別_09,1,7,0.0724,10.1972,13.2,0,0
20260819_門別_09,1,5,0.0512,16.635,15.4,1,1540
20260819_門別_12,3,5,0.1744,2.958,3.5,0,0
20260819_門別_12,5,6,0.1479,3.474,4.5,0,0
20260819_門別_12,5,12,0.1181,6.489,7.8,0,0
20260819_門別_12,5,8,0.1066,7.7362,8.1,0,0
20260819_門別_12,5,9,0.0613,17.5241,19.9,0,0
20260820_名古屋_01,3,10,0.1851,3.7691,4.0,1,400
20260820_名古屋_01,9,10,0.1519,6.2444,6.4,0,0
20260820_名古屋_01,6,10,0.115,5.3799,4.0,0,0
20260820_名古屋_01,7,10,0.0877,8.7323,8.1,0,0
20260820_名古屋_01,2,10,0.0737,23.367,19.6,0,0
20260820_名古屋_02,4,8,0.3246,1.7554,1.6,0,0
20260820_名古屋_02,7,8,0.1727,4.7453,5.6,1,560
20260820_名古屋_02,4,7,0.0705,14.0058,16.4,0,0
20260820_名古屋_02,8,11,0.0471,16.2951,20.8,0,0
20260820_名古屋_02,8,12,0.0369,15.3533,20.6,0,0
20260820_名古屋_03,8,12,0.2226,2.2048,2.8,0,0
20260820_名古屋_03,8,10,0.1923,2.66,2.0,1,200
20260820_名古屋_03,7,8,0.0906,11.827,17.8,0,0
20260820_名古屋_03,3,8,0.0888,7.5668,12.4,0,0
20260820_名古屋_03,10,12,0.0522,11.6426,15.3,0,0
20260820_名古屋_07,9,12,0.1901,3.7692,3.4,0,0
20260820_名古屋_07,3,12,0.1603,5.0821,6.4,0,0
20260820_名古屋_07,3,9,0.1149,6.3524,7.5,0,0
20260820_名古屋_07,8,12,0.0814,9.1677,6.3,0,0
20260820_名古屋_07,8,9,0.0577,11.8766,11.9,1,1190
20260820_名古屋_09,5,6,0.5647,0.6712,1.2,1,120
20260820_名古屋_09,3,6,0.1177,6.5708,7.5,0,0
20260820_名古屋_09,3,5,0.0828,10.7929,16.4,0,0
20260820_名古屋_09,4,6,0.0644,13.0167,9.8,0,0
20260820_名古屋_09,1,6,0.0526,15.7676,21.7,0,0
20260820_名古屋_10,8,11,0.2829,2.1692,2.7,0,0
20260820_名古屋_10,2,11,0.1438,4.6224,4.7,0,0
20260820_名古屋_10,4,11,0.1063,7.3356,8.3,1,830
20260820_名古屋_10,9,11,0.0851,10.8894,10.7,0,0
20260820_名古屋_10,1,11,0.0502,20.9936,23.6,0,0
20260820_名古屋_11,5,12,0.2461,2.6486,3.8,1,380
20260820_名古屋_11,8,12,0.1745,2.2279,3.5,0,0
20260820_名古屋_11,10,12,0.1039,7.5383,7.3,0,0
20260820_名古屋_11,2,12,0.0733,9.5398,10.8,0,0
20260820_名古屋_11,3,12,0.0567,11.098,6.1,0,0
20260820_園田_02,3,8,0.2582,1.714,2.7,0,0
20260820_園田_02,3,7,0.2154,2.8221,2.7,1,270
20260820_園田_02,3,4,0.0943,8.9353,9.5,0,0
20260820_園田_02,7,8,0.0894,6.8246,8.1,0,0
20260820_園田_02,1,3,0.0791,8.3019,11.1,0,0
20260820_園田_03,4,5,0.2372,2.0169,3.3,0,0
20260820_園田_03,4,6,0.185,4.4513,4.7,0,0
20260820_園田_03,5,6,0.1468,6.061,6.6,1,660
20260820_園田_03,1,4,0.0726,6.9455,6.8,0,0
20260820_園田_03,1,5,0.0569,10.1826,13.9,0,0
20260820_園田_06,6,7,0.292,1.5877,2.5,0,0
20260820_園田_06,7,9,0.1492,6.6563,7.6,0,0
20260820_園田_06,7,10,0.0931,7.8322,6.1,0,0
20260820_園田_06,1,7,0.0676,11.5056,14.8,0,0
20260820_園田_06,6,9,0.0609,13.7599,15.2,0,0
20260820_園田_07,9,10,0.1882,2.7288,3.1,1,310
20260820_園田_07,2,9,0.1817,3.2391,3.2,0,0
20260820_園田_07,7,9,0.1693,3.3427,5.4,0,0
20260820_園田_07,2,10,0.0686,16.8715,17.7,0,0
20260820_園田_07,7,10,0.0637,18.1072,21.8,0,0
20260820_園田_08,1,4,0.4069,1.4469,2.5,0,0
20260820_園田_08,4,7,0.1425,4.5973,3.4,1,340
20260820_園田_08,4,5,0.1244,4.1965,5.8,0,0
20260820_園田_08,1,7,0.0932,8.1845,12.0,0,0
20260820_園田_08,1,5,0.0811,7.0622,10.7,0,0
20260820_園田_12,1,12,0.2305,2.5172,3.5,0,0
20260820_園田_12,4,12,0.1455,5.5104,4.6,0,0
20260820_園田_12,5,12,0.1089,8.0886,8.7,0,0
20260820_園田_12,8,12,0.0877,7.8211,4.7,0,0
20260820_園田_12,1,4,0.0493,22.0365,40.4,0,0
20260820_川崎_02,1,3,0.2774,1.8799,2.8,0,0
20260820_川崎_02,3,7,0.1797,3.8705,5.5,0,0
20260820_川崎_02,2,3,0.1086,7.1191,5.2,1,520
20260820_川崎_02,3,9,0.0933,12.0203,12.1,0,0
20260820_川崎_02,3,5,0.0492,17.375,15.5,0,0
20260820_川崎_10,1,2,0.204,2.9609,3.7,1,370
20260820_川崎_10,2,7,0.1843,4.0033,4.7,0,0
20260820_川崎_10,2,6,0.1004,7.3665,5.5,0,0
20260820_川崎_10,1,7,0.0841,8.8093,11.1,0,0
20260820_川崎_10,2,5,0.0612,9.7688,10.2,0,0
20260820_川崎_11,5,13,0.2502,2.8492,3.3,0,0
20260820_川崎_11,11,13,0.1727,3.2848,3.8,0,0
20260820_川崎_11,10,13,0.0875,13.5104,15.1,0,0
20260820_川崎_11,7,13,0.0656,12.842,12.9,0,0
20260820_川崎_11,5,11,0.0542,14.5118,12.9,0,0
20260820_門別_01,6,8,0.3,2.3902,2.9,0,0
20260820_門別_01,3,8,0.1402,5.5894,6.1,0,0
20260820_門別_01,3,6,0.1189,4.299,4.8,0,0
20260820_門別_01,4,8,0.0707,11.1163,11.7,0,0
20260820_門別_01,4,6,0.0597,8.6676,10.2,1,1020
20260820_門別_02,5,9,0.2213,2.967,4.0,0,0
20260820_門別_02,6,9,0.1536,4.7384,5.7,0,0
20260820_門別_02,7,9,0.1429,3.7455,3.6,0,0
20260820_門別_02,8,9,0.0984,5.0057,5.4,1,540
20260820_門別_02,3,9,0.0842,6.2515,7.3,0,0
20260820_門別_07,6,8,0.2412,2.307,2.9,0,0
20260820_門別_07,5,6,0.1378,3.4398,4.1,1,410
20260820_門別_07,3,6,0.1348,6.4152,9.1,0,0
20260820_門別_07,1,6,0.1009,5.0622,6.4,0,0
20260820_門別_07,4,6,0.0576,11.0512,11.0,0,0
20260820_門別_08,5,9,0.2054,3.3951,3.8,0,0
20260820_門別_08,2,9,0.1606,3.2193,2.9,1,290
20260820_門別_08,2,5,0.1414,3.956,5.7,0,0
20260820_門別_08,4,9,0.0865,9.1267,11.2,0,0
20260820_門別_08,4,5,0.0758,9.5407,13.9,0,0
20260820_門別_09,6,7,0.3018,2.1303,2.3,0,0
20260820_門別_09,5,7,0.1619,3.3646,4.4,0,0
20260820_門別_09,7,8,0.1372,4.2448,5.6,0,0
20260820_門別_09,5,6,0.1061,7.1325,7.5,1,750
20260820_門別_09,6,8,0.0895,9.806,12.1,0,0
20260820_門別_11,1,9,0.3409,1.3671,1.4,1,140
20260820_門別_11,9,11,0.1819,4.9009,5.8,0,0
20260820_門別_11,3,9,0.0993,7.7869,12.4,0,0
20260820_門別_11,4,9,0.0681,9.598,19.2,0,0
20260820_門別_11,1,11,0.0604,13.0056,18.8,0,0
20260821_名古屋_03,4,11,0.3541,1.7482,2.0,0,0
20260821_名古屋_03,5,11,0.1636,4.0321,4.5,0,0
20260821_名古屋_03,7,11,0.0602,14.4785,19.6,0,0
20260821_名古屋_03,2,11,0.0532,24.532,22.0,0,0
20260821_名古屋_03,4,5,0.0527,9.2446,9.0,0,0
20260821_名古屋_04,1,8,0.2415,2.5437,2.8,1,280
20260821_名古屋_04,1,3,0.1739,4.7392,4.6,0,0
20260821_名古屋_04,3,8,0.1698,3.9681,4.5,0,0
20260821_名古屋_04,1,7,0.0696,9.0017,10.0,0,0
20260821_名古屋_04,7,8,0.0679,7.4372,11.7,0,0
20260821_名古屋_11,5,9,0.2461,2.4079,2.3,1,230
20260821_名古屋_11,2,5,0.1262,5.3266,5.4,0,0
20260821_名古屋_11,2,9,0.1112,7.6406,13.0,0,0
20260821_名古屋_11,1,5,0.0742,10.8805,11.6,0,0
20260821_名古屋_11,1,9,0.0651,15.9168,27.9,0,0
20260821_園田_01,6,9,0.417,0.817,1.2,1,120
20260821_園田_01,6,10,0.1178,10.0974,14.3,0,0
20260821_園田_01,4,6,0.0912,8.9516,11.9,0,0
20260821_園田_01,6,8,0.086,10.7181,13.4,0,0
20260821_園田_01,6,7,0.0838,10.9583,13.3,0,0
20260821_園田_02,6,7,0.6052,0.9871,1.3,1,130
20260821_園田_02,1,6,0.1343,3.9289,6.3,0,0
20260821_園田_02,4,6,0.0755,7.0655,10.6,0,0
20260821_園田_02,3,6,0.063,10.5402,20.4,0,0
20260821_園田_02,5,6,0.0367,20.7906,19.9,0,0
20260821_園田_03,3,5,0.2939,2.442,2.6,0,0
20260821_園田_03,3,8,0.1908,2.3909,3.1,1,310
20260821_園田_03,5,8,0.1306,4.1003,6.7,0,0
20260821_園田_03,3,6,0.0754,10.7767,9.2,0,0
20260821_園田_03,2,3,0.0518,17.0503,23.0,0,0
20260821_園田_05,1,5,0.2557,1.7113,2.2,0,0
20260821_園田_05,5,8,0.1741,4.1229,5.3,0,0
20260821_園田_05,5,6,0.1657,3.8633,4.3,1,430
20260821_園田_05,2,5,0.1009,7.6765,9.6,0,0
20260821_園田_05,5,7,0.0831,9.9253,12.3,0,0
20260821_園田_06,1,6,0.2437,2.0246,3.3,1,330
20260821_園田_06,1,7,0.2385,3.0593,3.1,0,0
20260821_園田_06,1,2,0.1082,5.7225,6.0,0,0
20260821_園田_06,1,8,0.0915,7.3846,12.0,0,0
20260821_園田_06,6,7,0.0557,14.9718,16.5,0,0
20260821_園田_07,4,6,0.3702,1.1204,1.3,1,130
20260821_園田_07,4,8,0.1907,5.5919,8.1,0,0
20260821_園田_07,4,5,0.0975,6.3346,9.5,0,0
20260821_園田_07,2,4,0.0816,7.1836,11.0,0,0
20260821_園田_07,1,4,0.0552,8.5731,14.3,0,0
20260821_園田_08,2,5,0.2774,2.206,3.9,1,390
20260821_園田_08,5,6,0.1689,3.5113,4.5,0,0
20260821_園田_08,2,6,0.108,7.7421,11.8,0,0
20260821_園田_08,5,10,0.0954,5.1207,2.9,0,0
20260821_園田_08,2,10,0.0601,12.3439,18.3,0,0
20260821_園田_09,3,4,0.3059,1.0631,1.6,1,160
20260821_園田_09,4,8,0.2006,4.2986,6.3,0,0
20260821_園田_09,4,7,0.1101,6.8259,5.1,0,0
20260821_園田_09,4,6,0.0707,14.2172,19.0,0,0
20260821_園田_09,3,8,0.0673,16.0697,21.2,0,0
20260821_園田_11,7,9,0.218,2.5385,2.5,0,0
20260821_園田_11,6,9,0.1353,4.7027,6.9,0,0
20260821_園田_11,6,7,0.1297,4.1676,5.3,0,0
20260821_園田_11,3,9,0.1024,8.8571,9.0,0,0
20260821_園田_11,3,7,0.0981,7.5158,9.8,0,0
20260821_川崎_02,1,11,0.3663,1.589,1.9,1,190
20260821_川崎_02,1,9,0.1073,6.8746,5.9,0,0
20260821_川崎_02,1,10,0.0542,12.5215,17.5,0,0
20260821_川崎_02,9,11,0.0529,11.4875,10.6,0,0
20260821_川崎_02,1,4,0.0492,15.6926,21.0,0,0
20260821_川崎_03,5,9,0.2787,2.3264,2.7,1,270
20260821_川崎_03,4,9,0.1507,3.0498,4.2,0,0
20260821_川崎_03,4,5,0.1371,7.3316,8.1,0,0
20260821_川崎_03,6,9,0.0491,14.5037,15.8,0,0
20260821_川崎_03,5,6,0.0444,26.4259,21.1,0,0
20260821_川崎_04,5,8,0.2123,4.307,4.7,0,0
20260821_川崎_04,4,5,0.1944,1.551,1.9,1,190
20260821_川崎_04,1,5,0.1593,6.8378,8.6,0,0
20260821_川崎_04,5,7,0.0683,13.3156,18.2,0,0
20260821_川崎_04,4,8,0.059,9.3517,12.3,0,0
20260821_川崎_05,2,5,0.3231,1.2694,2.1,1,210
20260821_川崎_05,2,3,0.1227,5.719,4.0,0,0
20260821_川崎_05,1,2,0.0784,9.5265,7.7,0,0
20260821_川崎_05,2,7,0.0594,18.1621,26.5,0,0
20260821_川崎_05,3,5,0.044,17.0052,22.3,0,0
20260821_川崎_06,5,8,0.1745,4.9256,5.1,0,0
20260821_川崎_06,4,8,0.162,3.7391,5.2,0,0
20260821_川崎_06,8,9,0.1593,4.7407,3.5,0,0
20260821_川崎_06,6,8,0.0939,12.9667,15.7,1,1570
20260821_川崎_06,1,8,0.0726,11.485,14.3,0,0
20260821_川崎_07,2,11,0.2283,3.0543,4.0,0,0
20260821_川崎_07,1,11,0.1448,4.3022,4.6,0,0
20260821_川崎_07,7,11,0.1133,8.0601,8.8,0,0
20260821_川崎_07,8,11,0.0939,12.9704,14.9,0,0
20260821_川崎_07,1,2,0.0543,7.5548,6.7,0,0
20260821_川崎_11,2,5,0.2283,2.4032,3.3,0,0
20260821_川崎_11,5,6,0.2234,2.7504,3.1,0,0
20260821_川崎_11,2,6,0.1585,5.3617,5.2,1,520
20260821_川崎_11,4,5,0.075,5.627,7.6,0,0
20260821_川崎_11,2,4,0.0521,10.9431,9.6,0,0
20260822_佐賀_03,5,6,0.3008,2.1805,2.7,1,270
20260822_佐賀_03,2,5,0.0929,7.4765,8.1,0,0
20260822_佐賀_03,2,6,0.086,7.8499,10.1,0,0
20260822_佐賀_03,3,5,0.0655,10.6298,14.3,0,0
20260822_佐賀_03,3,6,0.0606,11.6706,14.8,0,0
20260822_佐賀_05,4,5,0.2254,3.3836,3.9,0,0
20260822_佐賀_05,1,4,0.2005,3.1166,4.3,0,0
20260822_佐賀_05,1,5,0.0737,11.425,16.8,0,0
20260822_佐賀_05,4,9,0.0729,10.7268,9.1,1,910
20260822_佐賀_05,4,7,0.0687,8.7343,13.8,0,0
20260822_佐賀_06,5,11,0.2604,2.0621,2.3,0,0
20260822_佐賀_06,1,11,0.1594,3.731,5.0,0,0
20260822_佐賀_06,9,11,0.1435,5.4012,5.2,0,0
20260822_佐賀_06,2,11,0.07,12.9475,12.5,1,1250
20260822_佐賀_06,1,5,0.0515,15.762,20.6,0,0
20260822_佐賀_07,1,6,0.219,2.5558,3.7,1,370
20260822_佐賀_07,6,10,0.215,2.4134,3.1,0,0
20260822_佐賀_07,2,6,0.1058,6.0778,9.3,0,0
20260822_佐賀_07,6,8,0.1045,6.2278,9.7,0,0
20260822_佐賀_07,6,7,0.0518,14.1934,17.3,0,0
20260822_佐賀_08,4,5,0.3166,1.3592,1.5,0,0
20260822_佐賀_08,5,10,0.1744,4.8968,5.3,0,0
20260822_佐賀_08,5,9,0.0873,7.6483,10.3,0,0
20260822_佐賀_08,2,5,0.0572,13.2002,19.3,0,0
20260822_佐賀_08,5,7,0.0526,16.7275,25.7,0,0
20260822_佐賀_09,1,6,0.2516,2.4676,3.1,0,0
20260822_佐賀_09,1,4,0.1198,5.0928,6.7,0,0
20260822_佐賀_09,1,2,0.1176,4.8973,4.8,1,480
20260822_佐賀_09,4,6,0.087,9.7855,11.6,0,0
20260822_佐賀_09,2,6,0.0854,10.4024,9.4,0,0
20260822_佐賀_10,6,7,0.1926,4.4466,3.6,0,0
20260822_佐賀_10,1,7,0.1556,4.3168,4.9,1,490
20260822_佐賀_10,7,8,0.1553,4.8814,5.5,0,0
20260822_佐賀_10,1,6,0.0842,8.9599,11.2,0,0
20260822_佐賀_10,6,8,0.084,9.0587,10.3,0,0
20260823_佐賀_04,2,5,0.3455,2.0344,2.6,0,0
20260823_佐賀_04,1,2,0.1667,2.92,3.3,1,330
20260823_佐賀_04,1,5,0.0782,11.7847,10.4,0,0
20260823_佐賀_04,2,11,0.0716,11.1611,12.1,0,0
20260823_佐賀_04,2,8,0.0624,9.3704,14.8,0,0
20260823_佐賀_06,3,7,0.2442,1.826,2.7,0,0
20260823_佐賀_06,1,3,0.2004,3.4193,4.4,1,440
20260823_佐賀_06,3,11,0.0955,5.9177,6.5,0,0
20260823_佐賀_06,1,7,0.0879,13.6688,19.9,0,0
20260823_佐賀_06,3,5,0.0827,8.1428,5.3,0,0
20260823_佐賀_08,8,9,0.2476,3.0399,3.0,0,0
20260823_佐賀_08,7,8,0.1248,9.8777,10.0,0,0
20260823_佐賀_08,5,8,0.0844,6.1049,7.9,0,0
20260823_佐賀_08,7,9,0.0801,12.9425,14.6,0,0
20260823_佐賀_08,3,8,0.0675,10.2804,13.1,0,0
20260823_佐賀_09,5,8,0.2618,1.8653,2.3,0,0
20260823_佐賀_09,5,11,0.1088,6.8839,7.1,0,0
20260823_佐賀_09,2,5,0.0945,8.4624,11.1,0,0
20260823_佐賀_09,8,11,0.086,7.5365,8.8,0,0
20260823_佐賀_09,2,8,0.0746,9.144,13.2,0,0
20260823_盛岡_01,2,3,0.1443,5.076,6.0,0,0
20260823_盛岡_01,3,4,0.1338,8.4311,11.2,0,0
20260823_盛岡_01,1,3,0.1293,4.2996,4.9,0,0
20260823_盛岡_01,2,4,0.125,7.5825,6.9,0,0
20260823_盛岡_01,1,2,0.1208,4.1932,5.3,1,530
20260823_盛岡_02,5,7,0.2884,1.736,1.5,1,150
20260823_盛岡_02,2,5,0.2207,2.7244,4.6,0,0
20260823_盛岡_02,5,8,0.135,7.6387,13.3,0,0
20260823_盛岡_02,5,6,0.0915,5.5005,7.2,0,0
20260823_盛岡_02,1,5,0.0524,14.1543,21.9,0,0
20260823_盛岡_03,3,6,0.2663,1.7563,2.2,0,0
20260823_盛岡_03,6,7,0.2343,2.5229,3.1,0,0
20260823_盛岡_03,3,7,0.0883,8.4179,11.9,0,0
20260823_盛岡_03,4,6,0.0865,9.4774,13.3,0,0
20260823_盛岡_03,1,6,0.0766,12.6062,18.2,0,0
20260823_盛岡_04,4,7,0.1965,4.241,5.2,0,0
20260823_盛岡_04,4,6,0.1877,3.5315,4.1,1,410
20260823_盛岡_04,3,4,0.1852,4.5269,5.4,0,0
20260823_盛岡_04,4,9,0.0911,8.5238,5.9,0,0
20260823_盛岡_04,4,5,0.073,7.8847,5.7,0,0
20260823_盛岡_05,4,10,0.2422,2.6034,2.4,1,240
20260823_盛岡_05,1,10,0.1736,5.6111,5.5,0,0
20260823_盛岡_05,1,4,0.0874,6.8804,9.1,0,0
20260823_盛岡_05,2,10,0.0781,8.4015,10.3,0,0
20260823_盛岡_05,9,10,0.0431,16.0459,15.1,0,0
20260823_盛岡_06,10,12,0.1926,3.237,3.7,1,370
20260823_盛岡_06,1,12,0.1187,5.2914,6.1,0,0
20260823_盛岡_06,11,12,0.1088,5.5164,8.1,0,0
20260823_盛岡_06,3,12,0.1074,7.6632,9.1,0,0
20260823_盛岡_06,8,12,0.0837,8.1606,9.6,0,0
20260823_盛岡_08,1,8,0.2497,2.0354,2.5,1,250
20260823_盛岡_08,1,7,0.1733,4.8047,5.6,0,0
20260823_盛岡_08,1,10,0.1349,7.4241,7.8,0,0
20260823_盛岡_08,1,9,0.1042,5.788,6.2,0,0
20260823_盛岡_08,1,4,0.0472,13.699,17.0,0,0
20260823_盛岡_09,1,4,0.2572,2.4918,3.2,1,320
20260823_盛岡_09,1,7,0.2397,2.2279,1.9,0,0
20260823_盛岡_09,4,7,0.1611,4.4158,7.1,0,0
20260823_盛岡_09,1,6,0.0397,24.4364,28.6,0,0
20260823_盛岡_09,1,2,0.0321,17.3576,24.6,0,0
20260823_盛岡_10,2,4,0.2245,3.8177,3.5,0,0
20260823_盛岡_10,2,3,0.2177,4.9719,4.9,0,0
20260823_盛岡_10,3,4,0.1442,3.6852,3.3,1,330
20260823_盛岡_10,2,5,0.0621,13.9789,15.3,0,0
20260823_盛岡_10,1,2,0.0402,22.6449,37.5,0,0
20260823_盛岡_11,2,7,0.2322,2.3969,2.6,0,0
20260823_盛岡_11,7,8,0.1552,4.6156,5.8,0,0
20260823_盛岡_11,2,8,0.1513,4.6579,5.2,0,0
20260823_盛岡_11,6,7,0.0611,14.4176,14.5,0,0
20260823_盛岡_11,2,6,0.0594,14.3175,15.2,0,0
20260823_金沢_01,1,2,0.4147,1.18,1.4,0,0
20260823_金沢_01,2,5,0.0983,9.2872,15.9,0,0
20260823_金沢_01,2,6,0.0838,9.2852,12.6,0,0
20260823_金沢_01,2,8,0.0565,12.4057,17.4,0,0
20260823_金沢_01,2,4,0.0558,16.171,16.7,0,0
20260823_金沢_02,3,6,0.3718,1.9544,2.7,0,0
20260823_金沢_02,3,4,0.1132,6.7939,16.0,0,0
20260823_金沢_02,4,6,0.1109,4.2179,6.3,0,0
20260823_金沢_02,3,5,0.0895,9.2276,8.4,0,0
20260823_金沢_02,5,6,0.0877,5.4657,4.2,0,0
20260823_金沢_03,4,6,0.2631,2.1458,2.7,1,270
20260823_金沢_03,1,6,0.2325,2.6891,3.8,0,0
20260823_金沢_03,5,6,0.2077,2.3635,3.0,0,0
20260823_金沢_03,1,4,0.0639,12.3385,20.9,0,0
20260823_金沢_03,4,5,0.0566,11.6435,10.4,0,0
20260823_金沢_04,7,9,0.2364,2.6716,1.4,1,140
20260823_金沢_04,3,9,0.2267,3.6749,5.1,0,0
20260823_金沢_04,8,9,0.1457,2.9851,6.6,0,0
20260823_金沢_04,3,7,0.0647,15.2845,31.7,0,0
20260823_金沢_04,4,9,0.0525,20.1537,26.8,0,0
20260823_金沢_05,1,6,0.208,2.7011,3.1,0,0
20260823_金沢_05,6,10,0.1527,4.9236,6.1,0,0
20260823_金沢_05,6,8,0.1153,10.0508,9.5,0,0
20260823_金沢_05,3,6,0.0974,3.2978,5.2,1,520
20260823_金沢_05,5,6,0.0918,7.7461,8.4,0,0
20260823_金沢_06,3,7,0.2128,2.4632,2.0,1,200
20260823_金沢_06,7,8,0.1493,4.4183,5.6,0,0
20260823_金沢_06,2,7,0.1427,4.5056,5.9,0,0
20260823_金沢_06,7,9,0.1423,3.936,6.8,0,0
20260823_金沢_06,6,7,0.1244,13.8406,14.3,0,0
20260823_金沢_07,4,8,0.3455,1.6228,2.2,0,0
20260823_金沢_07,2,8,0.1296,4.3815,5.8,0,0
20260823_金沢_07,6,8,0.1016,5.1953,6.7,0,0
20260823_金沢_07,3,8,0.1004,4.3698,3.3,1,330
20260823_金沢_07,7,8,0.0853,16.547,17.7,0,0
20260824_名古屋_04,2,3,0.4439,1.3252,1.7,1,170
20260824_名古屋_04,1,2,0.2456,3.0106,3.2,0,0
20260824_名古屋_04,1,3,0.101,4.9584,9.2,0,0
20260824_名古屋_04,2,4,0.0981,9.6445,10.5,0,0
20260824_名古屋_04,3,4,0.0386,14.1332,20.3,0,0
20260824_名古屋_09,9,12,0.2662,4.617,3.8,0,0
20260824_名古屋_09,1,12,0.1097,12.3202,5.1,0,0
20260824_名古屋_09,1,9,0.0934,11.26,7.4,0,0
20260824_名古屋_09,11,12,0.0908,28.3463,21.6,0,0
20260824_名古屋_09,9,11,0.0772,28.9042,21.3,1,2130
20260824_盛岡_01,3,11,0.2215,1.778,2.7,0,0
20260824_盛岡_01,3,9,0.1576,6.9508,4.7,0,0
20260824_盛岡_01,1,3,0.0955,6.5594,7.7,1,770
20260824_盛岡_01,3,5,0.0923,7.0108,9.7,0,0
20260824_盛岡_01,9,11,0.0716,11.4758,13.9,0,0
20260824_盛岡_04,1,12,0.2351,3.2095,3.7,0,0
20260824_盛岡_04,5,12,0.1655,3.9325,5.6,0,0
20260824_盛岡_04,2,12,0.0739,11.5135,16.7,1,1670
20260824_盛岡_04,1,5,0.0728,10.1311,11.3,0,0
20260824_盛岡_04,3,12,0.0679,12.1769,16.1,0,0
20260824_盛岡_05,1,2,0.3183,1.5407,1.6,0,0
20260824_盛岡_05,1,4,0.1069,6.0857,8.3,0,0
20260824_盛岡_05,2,4,0.1028,7.384,6.8,0,0
20260824_盛岡_05,1,7,0.0811,9.6111,15.2,0,0
20260824_盛岡_05,2,7,0.0779,10.3646,10.3,0,0
20260824_盛岡_06,2,5,0.28,2.3757,3.3,0,0
20260824_盛岡_06,5,10,0.2167,3.0694,3.9,0,0
20260824_盛岡_06,5,8,0.0847,9.937,7.4,1,740
20260824_盛岡_06,4,5,0.0739,8.8648,9.3,0,0
20260824_盛岡_06,2,10,0.0524,16.4727,18.2,0,0
20260824_盛岡_07,2,8,0.2118,3.8148,4.1,0,0
20260824_盛岡_07,1,8,0.1643,3.7447,5.5,0,0
20260824_盛岡_07,1,2,0.0996,4.99,6.3,0,0
20260824_盛岡_07,5,8,0.0984,6.828,5.2,1,520
20260824_盛岡_07,7,8,0.0951,11.9967,12.1,0,0
20260824_盛岡_09,2,5,0.198,4.5111,4.4,0,0
20260824_盛岡_09,5,9,0.1256,4.7466,4.8,0,0
20260824_盛岡_09,2,9,0.1091,8.429,7.1,0,0
20260824_盛岡_09,4,5,0.103,5.7112,7.6,0,0
20260824_盛岡_09,2,4,0.0894,10.7922,10.0,0,0
20260824_盛岡_11,5,8,0.2208,2.1704,3.3,0,0
20260824_盛岡_11,8,12,0.1842,4.8145,5.8,0,0
20260824_盛岡_11,2,8,0.1264,6.0328,7.7,0,0
20260824_盛岡_11,1,8,0.0799,10.3022,6.7,0,0
20260824_盛岡_11,3,8,0.0539,16.3787,15.7,0,0
20260824_盛岡_12,5,11,0.1813,3.2782,4.4,0,0
20260824_盛岡_12,1,11,0.1126,6.6746,7.2,1,720
20260824_盛岡_12,11,12,0.1084,6.7101,8.6,0,0
20260824_盛岡_12,3,11,0.1072,5.871,8.2,0,0
20260824_盛岡_12,4,11,0.1026,6.9609,6.2,0,0
20260824_船橋_01,5,8,0.2627,2.1272,2.5,1,250
20260824_船橋_01,1,8,0.1241,6.2397,6.5,0,0
20260824_船橋_01,1,5,0.1171,8.2097,9.2,0,0
20260824_船橋_01,2,8,0.0654,7.6711,10.1,0,0
20260824_船橋_01,2,5,0.0616,8.8385,9.1,0,0
20260824_船橋_02,1,3,0.3119,3.352,2.8,0,0
20260824_船橋_02,1,5,0.2207,2.3252,3.0,1,300
20260824_船橋_02,1,4,0.1362,3.184,4.5,0,0
20260824_船橋_02,1,2,0.1031,6.4978,11.0,0,0
20260824_船橋_02,3,5,0.0718,11.9291,13.5,0,0
20260824_船橋_03,5,8,0.449,0.8403,1.6,1,160
20260824_船橋_03,2,8,0.1051,5.2635,4.4,0,0
20260824_船橋_03,6,8,0.0778,9.3988,8.8,0,0
20260824_船橋_03,7,8,0.0726,8.9182,8.1,0,0
20260824_船橋_03,4,8,0.0556,12.258,11.4,0,0
20260824_船橋_04,9,11,0.2011,2.6635,3.6,1,360
20260824_船橋_04,4,9,0.1761,5.8796,6.7,0,0
20260824_船橋_04,9,10,0.1394,5.0565,4.8,0,0
20260824_船橋_04,2,9,0.1008,7.2588,7.5,0,0
20260824_船橋_04,6,9,0.0885,6.3411,8.2,0,0
20260824_船橋_07,4,8,0.3569,1.6649,1.8,1,180
20260824_船橋_07,5,8,0.1001,6.255,9.0,0,0
20260824_船橋_07,8,12,0.0932,7.9568,7.3,0,0
20260824_船橋_07,3,8,0.0917,7.2719,7.4,0,0
20260824_船橋_07,7,8,0.0504,11.5213,15.6,0,0
20260824_船橋_09,4,10,0.2919,2.1607,2.3,0,0
20260824_船橋_09,4,8,0.1215,5.746,4.6,1,460
20260824_船橋_09,4,12,0.0911,5.9097,8.1,0,0
20260824_船橋_09,4,5,0.0854,7.0926,8.3,0,0
20260824_船橋_09,1,4,0.0828,8.3809,11.2,0,0
20260824_金沢_01,1,5,0.2175,2.3704,3.1,0,0
20260824_金沢_01,1,8,0.1859,2.7841,4.1,0,0
20260824_金沢_01,1,4,0.1351,4.3694,5.0,0,0
20260824_金沢_01,1,3,0.1034,7.0887,9.8,0,0
20260824_金沢_01,1,7,0.0749,6.3908,3.9,0,0
20260824_金沢_04,4,8,0.2482,1.5957,2.2,0,0
20260824_金沢_04,5,8,0.1594,4.9001,6.4,0,0
20260824_金沢_04,4,5,0.1072,8.2219,3.8,1,380
20260824_金沢_04,6,8,0.0827,7.0498,9.7,0,0
20260824_金沢_04,3,8,0.0567,12.4809,24.8,0,0
20260824_金沢_05,4,6,0.2841,1.7517,2.3,0,0
20260824_金沢_05,1,4,0.2504,3.422,3.7,0,0
20260824_金沢_05,2,4,0.2046,3.9029,4.5,1,450
20260824_金沢_05,1,6,0.0494,12.099,21.8,0,0
20260824_金沢_05,4,5,0.0481,14.6201,10.4,0,0
20260824_金沢_06,4,6,0.3525,1.9137,2.1,1,210
20260824_金沢_06,3,4,0.1861,4.0279,5.3,0,0
20260824_金沢_06,1,4,0.1268,7.3391,8.5,0,0
20260824_金沢_06,2,4,0.0838,8.3166,12.0,0,0
20260824_金沢_06,4,5,0.0727,5.8236,7.5,0,0
20260824_金沢_07,5,6,0.1795,3.0099,4.2,0,0
20260824_金沢_07,2,6,0.1622,3.9406,5.9,0,0
20260824_金沢_07,6,7,0.1313,7.6392,6.6,0,0
20260824_金沢_07,6,9,0.0991,7.2116,7.8,1,780
20260824_金沢_07,4,6,0.0861,13.3797,13.9,0,0
20260824_金沢_08,1,3,0.1922,4.4831,4.2,0,0
20260824_金沢_08,3,7,0.1511,2.9992,3.3,0,0
20260824_金沢_08,3,5,0.1448,4.7011,4.9,0,0
20260824_金沢_08,3,4,0.1387,3.7607,5.4,0,0
20260824_金沢_08,3,6,0.0752,10.1978,14.0,1,1400
20260824_金沢_09,4,5,0.2171,5.0258,5.8,0,0
20260824_金沢_09,2,4,0.157,3.0672,3.3,0,0
20260824_金沢_09,4,6,0.0993,7.0586,7.3,0,0
20260824_金沢_09,3,4,0.0814,8.7657,12.4,0,0
20260824_金沢_09,4,8,0.0562,15.5999,11.6,1,1160
20260825_盛岡_02,1,6,0.3145,2.456,2.6,0,0
20260825_盛岡_02,2,6,0.1952,2.8794,3.4,0,0
20260825_盛岡_02,6,10,0.1178,4.9957,5.6,0,0
20260825_盛岡_02,6,9,0.0804,6.4802,7.7,0,0
20260825_盛岡_02,1,2,0.0463,17.3943,16.0,0,0
20260825_盛岡_05,1,6,0.2584,2.7523,2.8,0,0
20260825_盛岡_05,5,6,0.2311,2.3016,2.2,0,0
20260825_盛岡_05,6,8,0.0661,10.3385,17.4,0,0
20260825_盛岡_05,1,5,0.061,14.974,18.7,0,0
20260825_盛岡_05,6,10,0.0559,9.63,13.1,0,0
20260825_笠松_01,2,3,0.3623,1.2323,1.4,0,0
20260825_笠松_01,3,8,0.2409,2.0806,3.6,0,0
20260825_笠松_01,3,6,0.0947,7.696,13.3,0,0
20260825_笠松_01,2,8,0.0767,9.4184,12.5,1,1250
20260825_笠松_01,3,5,0.0386,21.1589,31.5,0,0
20260825_笠松_02,2,8,0.3653,1.4044,1.9,1,190
20260825_笠松_02,7,8,0.1427,3.3191,3.9,0,0
20260825_笠松_02,5,8,0.1264,6.4408,6.5,0,0
20260825_笠松_02,1,8,0.0954,6.5775,8.0,0,0
20260825_笠松_02,2,7,0.0425,18.2605,26.4,0,0
20260825_笠松_03,1,6,0.2188,2.4334,3.3,1,330
20260825_笠松_03,3,6,0.1255,6.3387,8.1,0,0
20260825_笠松_03,1,3,0.1205,6.3441,7.3,0,0
20260825_笠松_03,6,7,0.1202,5.8529,7.2,0,0
20260825_笠松_03,1,7,0.1153,6.162,5.4,0,0
20260825_笠松_05,3,8,0.3955,0.9163,1.6,1,160
20260825_笠松_05,3,5,0.0755,8.3908,12.0,0,0
20260825_笠松_05,3,7,0.0719,10.7841,9.3,0,0
20260825_笠松_05,5,8,0.0573,16.5197,20.5,0,0
20260825_笠松_05,7,8,0.0545,19.5585,8.2,0,0
20260825_笠松_06,4,8,0.1787,3.9644,3.5,0,0
20260825_笠松_06,2,8,0.1453,4.9097,5.2,0,0
20260825_笠松_06,3,8,0.1174,7.0674,6.5,0,0
20260825_笠松_06,2,4,0.1127,6.7322,9.3,1,930
20260825_笠松_06,3,4,0.0908,10.3931,12.6,0,0
20260825_笠松_08,5,8,0.2728,2.0319,2.9,1,290
20260825_笠松_08,6,8,0.2326,2.3625,2.8,0,0
20260825_笠松_08,2,8,0.1094,8.2951,4.9,0,0
20260825_笠松_08,1,8,0.0685,13.4296,17.2,0,0
20260825_笠松_08,5,6,0.0655,7.9857,12.1,0,0
20260825_笠松_09,3,4,0.245,2.5188,2.2,0,0
20260825_笠松_09,3,9,0.1899,5.0683,7.6,0,0
20260825_笠松_09,4,9,0.0958,7.8798,18.4,0,0
20260825_笠松_09,3,5,0.0778,9.7021,9.6,0,0
20260825_笠松_09,1,3,0.0471,19.0984,24.2,0,0
20260825_船橋_01,4,7,0.3941,1.5134,2.1,0,0
20260825_船橋_01,6,7,0.2001,3.0103,3.5,1,350
20260825_船橋_01,5,7,0.1133,5.4287,8.0,0,0
20260825_船橋_01,3,7,0.0796,11.0782,11.2,0,0
20260825_船橋_01,1,7,0.0658,9.568,7.2,0,0
20260825_船橋_03,2,3,0.469,1.3085,1.6,1,160
20260825_船橋_03,3,4,0.1191,5.5854,8.6,0,0
20260825_船橋_03,2,4,0.0804,9.7692,14.3,0,0
20260825_船橋_03,1,3,0.067,10.07,12.5,0,0
20260825_船橋_03,3,5,0.0567,6.3099,7.9,0,0
20260825_金沢_01,8,9,0.174,4.0484,4.2,0,0
20260825_金沢_01,5,8,0.1415,4.0725,4.8,0,0
20260825_金沢_01,7,8,0.1382,5.7021,3.7,1,370
20260825_金沢_01,3,8,0.0808,14.1332,22.6,0,0
20260825_金沢_01,1,8,0.0709,11.6679,16.1,0,0
20260825_金沢_03,4,5,0.3013,1.6867,2.3,1,230
20260825_金沢_03,2,5,0.1208,6.8086,7.5,0,0
20260825_金沢_03,2,4,0.1097,6.6785,6.7,0,0
20260825_金沢_03,1,5,0.0987,8.3052,8.5,0,0
20260825_金沢_03,1,4,0.0895,8.2457,8.6,0,0
20260825_金沢_04,5,7,0.2531,2.8972,2.9,1,290
20260825_金沢_04,6,7,0.1295,10.653,6.9,0,0
20260825_金沢_04,1,7,0.0856,5.3943,4.8,0,0
20260825_金沢_04,7,8,0.0744,7.8963,11.5,0,0
20260825_金沢_04,5,6,0.0674,22.2249,16.4,0,0
20260825_金沢_05,3,7,0.3019,1.8572,2.1,0,0
20260825_金沢_05,3,4,0.1924,3.8364,4.1,1,410
20260825_金沢_05,2,3,0.1484,4.734,6.0,0,0
20260825_金沢_05,3,5,0.1102,7.5383,7.9,0,0
20260825_金沢_05,3,8,0.0925,7.0528,8.8,0,0
20260825_金沢_06,3,5,0.3164,1.8746,2.0,0,0
20260825_金沢_06,3,8,0.1296,4.036,5.0,1,500
20260825_金沢_06,3,7,0.1065,7.0891,9.9,0,0
20260825_金沢_06,5,8,0.0953,6.617,8.2,0,0
20260825_金沢_06,5,7,0.078,11.5057,16.6,0,0
20260825_金沢_07,1,7,0.3046,1.9014,2.1,0,0
20260825_金沢_07,6,7,0.1027,11.0146,12.2,0,0
20260825_金沢_07,1,6,0.0897,10.1538,14.2,0,0
20260825_金沢_07,3,7,0.0606,8.7492,14.3,0,0
20260825_金沢_07,4,7,0.0579,11.1724,12.0,0,0
20260825_金沢_08,1,6,0.2849,2.7102,3.1,0,0
20260825_金沢_08,1,4,0.1351,4.0233,6.3,0,0
20260825_金沢_08,1,7,0.1324,4.1237,5.4,0,0
20260825_金沢_08,1,3,0.0768,7.0551,9.3,0,0
20260825_金沢_08,4,6,0.0647,16.4083,21.1,0,0
20260825_金沢_09,8,10,0.2803,3.1914,4.2,0,0
20260825_金沢_09,9,10,0.196,0.9999,1.7,0,0
20260825_金沢_09,8,9,0.126,9.7231,18.6,0,0
20260825_金沢_09,3,10,0.114,7.4593,5.6,1,560
20260825_金沢_09,3,8,0.0723,42.1554,23.7,0,0
20260825_門別_04,1,6,0.2377,3.2228,3.0,0,0
20260825_門別_04,6,10,0.1163,4.9418,6.3,0,0
20260825_門別_04,3,6,0.1121,4.0913,3.8,1,380
20260825_門別_04,6,8,0.079,15.2042,16.9,0,0
20260825_門別_04,1,10,0.0657,10.3762,14.0,0,0
20260825_門別_09,1,7,0.3088,1.1649,2.4,0,0
20260825_門別_09,4,7,0.1117,7.7261,3.8,0,0
20260825_門別_09,3,7,0.0853,13.5194,12.2,0,0
20260825_門別_09,5,7,0.0686,9.6668,13.3,0,0
20260825_門別_09,7,11,0.0556,23.3378,16.9,0,0
20260825_門別_11,2,7,0.2716,2.2977,2.9,1,290
20260825_門別_11,2,4,0.1658,2.8195,3.9,0,0
20260825_門別_11,4,7,0.1215,4.7117,5.8,0,0
20260825_門別_11,2,5,0.0915,6.8814,9.3,0,0
20260825_門別_11,5,7,0.0664,11.759,12.3,0,0
20260825_門別_12,6,11,0.254,2.3279,2.8,1,280
20260825_門別_12,3,6,0.1644,3.6342,4.4,0,0
20260825_門別_12,3,11,0.0933,9.1283,7.4,0,0
20260825_門別_12,1,6,0.0773,6.8566,9.1,0,0
20260825_門別_12,6,8,0.0435,14.8638,21.3,0,0
20260826_園田_02,1,5,0.3607,1.7206,2.4,0,0
20260826_園田_02,1,7,0.2102,3.5337,4.2,0,0
20260826_園田_02,1,3,0.1168,6.8177,7.7,1,770
20260826_園田_02,5,7,0.0774,8.4097,8.5,0,0
20260826_園田_02,1,2,0.05,18.1383,26.7,0,0
20260826_園田_03,1,6,0.3287,2.0288,2.9,0,0
20260826_園田_03,5,6,0.0972,9.6037,12.7,0,0
20260826_園田_03,2,6,0.087,7.8111,10.9,1,1090
20260826_園田_03,1,5,0.0801,7.3673,9.3,0,0
20260826_園田_03,1,2,0.0716,6.4487,6.2,0,0
20260826_園田_04,6,8,0.209,3.1085,3.6,0,0
20260826_園田_04,4,8,0.1239,6.4545,9.7,0,0
20260826_園田_04,8,9,0.0924,8.6496,8.0,0,0
20260826_園田_04,4,6,0.0905,5.9791,8.1,0,0
20260826_園田_04,8,10,0.0873,9.9183,9.3,0,0
20260826_園田_05,2,10,0.4082,1.1529,1.6,0,0
20260826_園田_05,4,10,0.0799,11.9763,9.6,0,0
20260826_園田_05,2,4,0.0762,10.2646,13.5,0,0
20260826_園田_05,9,10,0.0693,9.7392,15.5,0,0
20260826_園田_05,2,9,0.0661,7.5434,10.5,0,0
20260826_園田_06,7,9,0.291,1.83,1.7,1,170
20260826_園田_06,1,7,0.1428,7.6047,10.4,0,0
20260826_園田_06,1,9,0.123,4.973,7.0,0,0
20260826_園田_06,5,7,0.0592,22.5138,16.8,0,0
20260826_園田_06,4,7,0.0528,14.6392,24.8,0,0
20260826_園田_07,5,7,0.2649,1.9133,2.7,0,0
20260826_園田_07,1,7,0.192,3.569,4.6,0,0
20260826_園田_07,1,5,0.1772,4.5118,5.2,0,0
20260826_園田_07,2,7,0.0464,12.7111,23.5,0,0
20260826_園田_07,7,8,0.0435,14.2867,9.5,0,0
20260826_園田_08,3,5,0.2437,4.6682,4.1,0,0
20260826_園田_08,3,4,0.2015,4.0868,4.1,1,410
20260826_園田_08,2,3,0.1302,4.349,5.8,0,0
20260826_園田_08,1,3,0.0948,7.934,11.1,0,0
20260826_園田_08,4,5,0.0839,9.1227,9.4,0,0
20260826_園田_09,4,6,0.4417,0.633,1.5,1,150
20260826_園田_09,4,8,0.1377,8.5543,4.6,0,0
20260826_園田_09,4,5,0.1356,10.2248,7.9,0,0
20260826_園田_09,1,4,0.1263,11.33,9.0,0,0
20260826_園田_09,4,7,0.0285,40.9403,49.6,0,0
20260826_園田_10,1,3,0.3279,1.7136,1.7,1,170
20260826_園田_10,3,5,0.2045,2.792,4.2,0,0
20260826_園田_10,3,4,0.1211,4.6714,6.6,0,0
20260826_園田_10,1,5,0.0709,13.2468,25.0,0,0
20260826_園田_10,3,6,0.0472,12.4553,8.9,0,0
20260826_園田_11,2,3,0.2015,3.6212,4.7,0,0
20260826_園田_11,3,6,0.1353,6.0541,5.2,1,520
20260826_園田_11,3,4,0.1221,4.3756,5.9,0,0
20260826_園田_11,3,5,0.0983,7.3407,10.4,0,0
20260826_園田_11,2,6,0.0649,15.5754,8.3,0,0
20260826_笠松_01,6,8,0.3002,1.0695,2.1,1,210
20260826_笠松_01,5,8,0.1759,5.3355,6.2,0,0
20260826_笠松_01,4,8,0.1211,7.8549,4.2,0,0
20260826_笠松_01,2,8,0.0977,11.089,13.1,0,0
20260826_笠松_01,5,6,0.0536,17.2879,20.1,0,0
20260826_笠松_02,1,7,0.3936,0.9271,1.6,0,0
20260826_笠松_02,5,7,0.1683,6.5786,7.0,0,0
20260826_笠松_02,1,5,0.1346,5.9846,4.1,1,410
20260826_笠松_02,7,8,0.0722,12.0987,9.8,0,0
20260826_笠松_02,1,8,0.0572,11.2406,16.3,0,0
20260826_笠松_03,2,7,0.3612,1.0938,1.4,1,140
20260826_笠松_03,6,7,0.2277,2.3951,4.6,0,0
20260826_笠松_03,4,7,0.1322,7.6308,5.9,0,0
20260826_笠松_03,5,7,0.127,4.9117,6.8,0,0
20260826_笠松_03,2,6,0.0371,30.2646,39.5,0,0
20260826_笠松_04,3,4,0.5249,0.6728,1.4,1,140
20260826_笠松_04,1,3,0.1757,5.4532,5.2,0,0
20260826_笠松_04,1,4,0.1229,10.3865,9.9,0,0
20260826_笠松_04,3,6,0.0313,18.158,9.4,0,0
20260826_笠松_04,2,3,0.0283,24.8052,16.9,0,0
20260826_笠松_05,6,8,0.214,2.9578,3.4,0,0
20260826_笠松_05,6,7,0.1993,3.2617,3.7,0,0
20260826_笠松_05,1,6,0.1355,4.4161,4.0,0,0
20260826_笠松_05,2,6,0.0746,10.6524,11.7,0,0
20260826_笠松_05,7,8,0.0681,10.7603,14.4,0,0
20260826_笠松_06,4,7,0.2029,3.2291,3.5,0,0
20260826_笠松_06,1,4,0.139,6.542,7.9,0,0
20260826_笠松_06,4,6,0.1176,6.8124,8.6,1,860
20260826_笠松_06,1,7,0.117,6.446,6.2,0,0
20260826_笠松_06,6,7,0.0988,6.6539,7.2,0,0
20260826_笠松_07,3,5,0.3148,1.5071,2.5,1,250
20260826_笠松_07,2,5,0.1644,3.8791,4.6,0,0
20260826_笠松_07,1,5,0.099,6.9815,9.0,0,0
20260826_笠松_07,5,9,0.0801,11.1885,7.1,0,0
20260826_笠松_07,4,5,0.06,8.3489,8.3,0,0
20260826_笠松_08,2,6,0.2469,1.9249,2.6,0,0
20260826_笠松_08,1,6,0.2064,3.3617,2.7,0,0
20260826_笠松_08,1,2,0.1378,4.1545,5.3,1,530
20260826_笠松_08,3,6,0.0642,14.5265,24.5,0,0
20260826_笠松_08,6,7,0.0424,26.5139,32.5,0,0
20260826_笠松_10,1,4,0.2017,4.6491,4.9,0,0
20260826_笠松_10,4,5,0.1645,6.9749,8.8,0,0
20260826_笠松_10,2,4,0.1333,6.9268,7.7,0,0
20260826_笠松_10,1,5,0.0869,6.9387,8.6,0,0
20260826_笠松_10,1,2,0.0699,7.1077,8.2,0,0
20260826_船橋_02,7,9,0.3623,0.9805,1.4,1,140
20260826_船橋_02,7,8,0.1075,9.0959,7.7,0,0
20260826_船橋_02,6,7,0.1039,6.6927,9.7,0,0
20260826_船橋_02,2,7,0.078,11.7114,16.3,0,0
20260826_船橋_02,4,7,0.0657,18.5288,22.7,0,0
20260826_船橋_07,9,10,0.2117,2.4056,2.8,1,280
20260826_船橋_07,9,11,0.1456,4.0744,5.1,0,0
20260826_船橋_07,8,9,0.1352,5.718,6.3,0,0
20260826_船橋_07,5,9,0.1079,6.4917,7.2,0,0
20260826_船橋_07,2,9,0.0899,7.2496,7.5,0,0
20260826_船橋_08,1,13,0.2566,2.1279,3.2,0,0
20260826_船橋_08,1,4,0.1199,5.0688,8.1,0,0
20260826_船橋_08,1,9,0.1173,7.4422,3.8,1,380
20260826_船橋_08,1,5,0.0779,8.2385,11.9,0,0
20260826_船橋_08,1,11,0.0594,14.3115,19.7,0,0
20260826_門別_02,4,9,0.2189,4.2221,5.0,0,0
20260826_門別_02,4,11,0.1425,4.1335,4.8,0,0
20260826_門別_02,9,11,0.107,10.3172,8.1,1,810
20260826_門別_02,4,8,0.0818,4.8543,5.6,0,0
20260826_門別_02,8,9,0.0609,13.0469,14.3,0,0
20260826_門別_05,1,7,0.1918,5.1828,6.2,0,0
20260826_門別_05,7,10,0.1775,1.9377,2.3,0,0
20260826_門別_05,2,7,0.1302,6.4852,4.7,0,0
20260826_門別_05,4,7,0.0924,10.3197,6.8,1,680
20260826_門別_05,6,7,0.0559,21.1683,16.5,0,0
20260826_門別_06,1,5,0.2198,2.8288,3.4,0,0
20260826_門別_06,1,10,0.2011,3.1637,3.0,0,0
20260826_門別_06,5,10,0.121,7.202,7.2,0,0
20260826_門別_06,1,4,0.0816,8.8127,11.1,0,0
20260826_門別_06,4,5,0.0479,18.2833,21.6,0,0
20260826_門別_07,6,11,0.186,8.0359,4.9,0,0
20260826_門別_07,5,6,0.1671,3.3648,5.2,0,0
20260826_門別_07,1,6,0.1321,5.5555,5.7,0,0
20260826_門別_07,3,6,0.1242,4.7524,5.3,1,530
20260826_門別_07,2,6,0.0512,18.2807,18.4,0,0
20260826_門別_08,4,6,0.3079,2.6969,3.2,0,0
20260826_門別_08,4,7,0.2009,2.1354,2.0,0,0
20260826_門別_08,6,7,0.1835,6.1899,8.0,0,0
20260826_門別_08,4,8,0.0374,9.9944,14.5,0,0
20260826_門別_08,3,4,0.0355,16.2787,23.3,0,0
20260826_門別_09,9,10,0.3038,1.4324,1.7,0,0
20260826_門別_09,4,10,0.1811,3.9157,5.5,0,0
20260826_門別_09,6,10,0.0977,9.7823,11.5,0,0
20260826_門別_09,4,9,0.0696,13.092,16.1,0,0
20260826_門別_09,1,10,0.0487,13.3465,17.6,0,0
20260826_門別_10,5,6,0.2232,2.3427,3.1,0,0
20260826_門別_10,5,7,0.147,5.6159,5.6,0,0
20260826_門別_10,6,7,0.1177,4.9733,4.2,1,420
20260826_門別_10,3,5,0.0775,12.5531,14.6,0,0
20260826_門別_10,5,9,0.0735,13.1941,20.7,0,0
20260826_門別_11,8,11,0.2258,1.9464,2.7,1,270
20260826_門別_11,8,12,0.1471,6.0243,4.8,0,0
20260826_門別_11,5,8,0.1205,6.0827,7.4,0,0
20260826_門別_11,4,8,0.0686,11.7635,13.6,0,0
20260826_門別_11,11,12,0.0665,13.7709,10.3,0,0
20260826_門別_12,1,2,0.5023,0.9765,1.4,1,140
20260826_門別_12,1,4,0.2094,2.6826,3.5,0,0
20260826_門別_12,2,4,0.183,3.0882,4.1,0,0
20260826_門別_12,1,5,0.0327,18.6233,29.9,0,0
20260826_門別_12,2,5,0.0282,20.7953,31.3,0,0
20260827_園田_01,5,8,0.2321,2.4406,2.6,0,0
20260827_園田_01,3,8,0.1871,4.1999,5.1,1,510
20260827_園田_01,1,8,0.1843,3.9029,4.8,0,0
20260827_園田_01,8,9,0.0882,8.3424,8.1,0,0
20260827_園田_01,6,8,0.0552,19.1523,37.2,0,0
20260827_園田_02,7,8,0.3698,1.3988,1.9,0,0
20260827_園田_02,3,7,0.156,3.9264,2.9,1,290
20260827_園田_02,2,7,0.1527,4.8943,7.7,0,0
20260827_園田_02,3,8,0.0605,10.2196,17.2,0,0
20260827_園田_02,2,8,0.0592,12.7585,17.5,0,0
20260827_園田_03,4,5,0.1622,5.7599,6.9,0,0
20260827_園田_03,2,5,0.1413,5.3339,5.0,1,500
20260827_園田_03,5,6,0.1333,4.9047,6.3,0,0
20260827_園田_03,3,5,0.0934,7.5675,9.0,0,0
20260827_園田_03,1,5,0.0747,10.9399,16.2,0,0
20260827_園田_06,3,10,0.1948,2.6992,3.3,0,0
20260827_園田_06,3,4,0.165,4.457,4.7,1,470
20260827_園田_06,2,3,0.1407,5.6912,6.1,0,0
20260827_園田_06,4,10,0.0789,7.4089,9.1,0,0
20260827_園田_06,2,10,0.0668,9.7399,10.8,0,0
20260827_園田_07,3,7,0.2536,1.889,2.9,1,290
20260827_園田_07,3,4,0.1529,5.9172,6.3,0,0
20260827_園田_07,3,8,0.1216,4.5857,7.0,0,0
20260827_園田_07,4,7,0.099,10.982,6.3,0,0
20260827_園田_07,7,8,0.0783,8.6476,8.4,0,0
20260827_園田_08,3,7,0.4482,1.5732,2.3,0,0
20260827_園田_08,2,7,0.2095,3.2422,4.2,0,0
20260827_園田_08,2,3,0.1156,6.2452,7.2,0,0
20260827_園田_08,5,7,0.0492,7.7534,6.2,1,620
20260827_園田_08,1,7,0.033,13.2415,10.4,0,0
20260827_園田_09,4,8,0.1983,2.7554,3.7,1,370
20260827_園田_09,1,8,0.1553,5.2731,5.7,0,0
20260827_園田_09,8,9,0.1473,3.8782,3.3,0,0
20260827_園田_09,3,8,0.0663,9.4353,10.1,0,0
20260827_園田_09,2,8,0.0625,18.1524,11.6,0,0
20260827_園田_11,10,11,0.405,0.8034,1.1,0,0
20260827_園田_11,7,11,0.1133,9.3004,17.2,0,0
20260827_園田_11,7,10,0.0882,20.0526,32.4,0,0
20260827_園田_11,5,11,0.0535,11.8569,15.7,1,1570
20260827_園田_11,2,11,0.044,20.1979,35.2,0,0
20260827_笠松_01,4,5,0.3222,1.0075,1.6,0,0
20260827_笠松_01,1,5,0.2287,6.2453,6.1,0,0
20260827_笠松_01,1,4,0.2053,3.0918,5.0,0,0
20260827_笠松_01,2,5,0.0785,11.7715,11.8,0,0
20260827_笠松_01,2,4,0.07,6.1674,7.1,1,710
20260827_笠松_02,3,6,0.3292,2.0881,3.0,0,0
20260827_笠松_02,3,4,0.2697,1.6126,1.9,1,190
20260827_笠松_02,2,3,0.1373,4.2246,4.9,0,0
20260827_笠松_02,4,6,0.0963,8.7269,8.3,0,0
20260827_笠松_02,2,6,0.047,17.2685,17.3,0,0
20260827_笠松_03,1,7,0.2655,3.4516,3.2,0,0
20260827_笠松_03,6,7,0.1208,11.3313,8.0,0,0
20260827_笠松_03,1,6,0.1168,4.4786,6.2,0,0
20260827_笠松_03,2,7,0.0989,13.461,13.3,0,0
20260827_笠松_03,1,2,0.0956,4.9144,6.3,0,0
20260827_笠松_04,4,6,0.193,2.2562,2.7,0,0
20260827_笠松_04,4,5,0.1885,5.0459,5.0,0,0
20260827_笠松_04,5,6,0.129,5.818,7.1,1,710
20260827_笠松_04,3,4,0.0633,11.7012,14.2,0,0
20260827_笠松_04,2,4,0.0599,14.0106,10.0,0,0
20260827_笠松_06,3,4,0.3676,1.2896,1.4,0,0
20260827_笠松_06,4,7,0.0898,8.2515,12.1,0,0
20260827_笠松_06,2,4,0.079,12.6501,9.9,0,0
20260827_笠松_06,1,4,0.0774,6.221,8.6,0,0
20260827_笠松_06,3,7,0.0651,14.7931,20.6,0,0
20260827_笠松_07,1,7,0.2831,2.3495,3.1,0,0
20260827_笠松_07,1,3,0.2676,2.5398,2.5,1,250
20260827_笠松_07,1,8,0.1673,3.2079,4.6,0,0
20260827_笠松_07,3,7,0.0505,18.9603,21.7,0,0
20260827_笠松_07,1,5,0.0464,14.925,17.2,0,0
20260827_笠松_08,2,5,0.3863,1.4111,1.6,1,160
20260827_笠松_08,5,7,0.1119,5.6348,6.2,0,0
20260827_笠松_08,2,7,0.0921,10.3814,12.6,0,0
20260827_笠松_08,4,5,0.0881,5.026,6.8,0,0
20260827_笠松_08,2,4,0.0723,11.2558,14.6,0,0
20260827_笠松_09,2,6,0.3214,1.3762,1.5,0,0
20260827_笠松_09,1,2,0.2077,4.563,7.0,0,0
20260827_笠松_09,2,7,0.1442,4.6541,5.6,1,560
20260827_笠松_09,2,4,0.0847,10.0322,14.7,0,0
20260827_笠松_09,1,6,0.0582,12.0687,21.1,0,0
20260827_笠松_10,1,3,0.2957,1.7008,1.9,0,0
20260827_笠松_10,1,8,0.1753,5.724,6.5,0,0
20260827_笠松_10,3,8,0.1117,6.9266,8.9,1,890
20260827_笠松_10,1,4,0.0913,10.2958,12.3,0,0
20260827_笠松_10,3,4,0.0572,13.0677,19.3,0,0
20260827_笠松_11,1,7,0.3733,1.6921,2.1,0,0
20260827_笠松_11,1,2,0.2648,1.9603,1.9,0,0
20260827_笠松_11,2,7,0.1132,7.1567,13.3,0,0
20260827_笠松_11,1,3,0.0833,7.7837,12.1,1,1210
20260827_笠松_11,3,7,0.0337,23.0662,34.2,0,0
20260827_船橋_01,3,8,0.2791,2.3161,4.1,0,0
20260827_船橋_01,2,8,0.2405,4.0072,3.2,0,0
20260827_船橋_01,2,3,0.0895,12.277,12.9,1,1290
20260827_船橋_01,6,8,0.0837,8.0881,7.5,0,0
20260827_船橋_01,7,8,0.0385,16.5079,21.6,0,0
20260827_船橋_02,5,9,0.1812,4.942,5.3,0,0
20260827_船橋_02,4,5,0.1462,4.5982,4.9,0,0
20260827_船橋_02,5,6,0.1447,5.7723,5.6,0,0
20260827_船橋_02,5,7,0.0778,12.0449,12.0,0,0
20260827_船橋_02,4,9,0.0508,9.8503,13.2,0,0
20260827_船橋_03,2,3,0.3158,1.5845,2.0,0,0
20260827_船橋_03,3,6,0.2468,4.1704,4.3,0,0
20260827_船橋_03,1,3,0.1992,2.1428,3.0,0,0
20260827_船橋_03,3,4,0.077,10.8368,17.2,0,0
20260827_船橋_03,2,6,0.039,28.2267,23.9,0,0
20260827_船橋_04,2,6,0.326,1.8454,1.7,1,170
20260827_船橋_04,3,6,0.1735,3.4179,5.7,0,0
20260827_船橋_04,4,6,0.1662,3.0108,3.2,0,0
20260827_船橋_04,2,3,0.0657,14.4396,26.6,0,0
20260827_船橋_04,5,6,0.0631,11.0542,12.7,0,0
20260827_船橋_05,4,11,0.2932,1.4507,2.1,1,210
20260827_船橋_05,4,12,0.1649,5.1302,5.9,0,0
20260827_船橋_05,11,12,0.0682,14.5632,9.4,0,0
20260827_船橋_05,1,4,0.0673,12.069,13.6,0,0
20260827_船橋_05,4,7,0.0489,13.7626,16.4,0,0
20260827_船橋_08,8,12,0.1976,3.5559,3.9,0,0
20260827_船橋_08,7,8,0.1235,6.5708,6.8,1,680
20260827_船橋_08,7,12,0.1061,10.8861,8.8,0,0
20260827_船橋_08,6,8,0.0945,6.7986,7.9,0,0
20260827_船橋_08,6,12,0.081,10.9545,12.3,0,0
20260827_船橋_11,2,3,0.3107,1.4794,1.7,0,0
20260827_船橋_11,2,8,0.1337,6.2008,8.4,0,0
20260827_船橋_11,2,4,0.1026,6.5361,4.4,0,0
20260827_船橋_11,2,6,0.0834,6.3006,9.7,1,970
20260827_船橋_11,2,5,0.0506,14.8137,23.4,0,0
20260827_門別_04,4,7,0.2086,4.1843,4.6,0,0
20260827_門別_04,3,4,0.1269,8.0223,9.0,0,0
20260827_門別_04,2,4,0.1235,4.2829,5.6,0,0
20260827_門別_04,4,9,0.0936,7.4742,7.9,0,0
20260827_門別_04,4,8,0.0797,10.713,9.1,0,0
20260827_門別_07,1,7,0.2193,3.9433,4.2,0,0
20260827_門別_07,6,7,0.1362,4.1445,4.6,0,0
20260827_門別_07,4,7,0.1306,4.2081,5.5,1,550
20260827_門別_07,1,6,0.0995,11.1719,10.6,0,0
20260827_門別_07,1,4,0.0953,11.9513,12.4,0,0
20260827_門別_08,3,6,0.3756,1.4269,2.0,1,200
20260827_門別_08,4,6,0.2556,2.5374,3.1,0,0
20260827_門別_08,3,4,0.1199,6.3037,7.5,0,0
20260827_門別_08,2,6,0.1022,5.5878,5.7,0,0
20260827_門別_08,2,3,0.046,12.8784,18.0,0,0
20260827_門別_10,5,8,0.2678,1.6169,2.2,1,220
20260827_門別_10,3,8,0.2234,3.0346,3.1,0,0
20260827_門別_10,7,8,0.0898,7.3746,5.6,0,0
20260827_門別_10,3,5,0.0895,7.8838,13.1,0,0
20260827_門別_10,8,9,0.0719,12.4143,17.8,0,0
20260827_門別_11,8,9,0.2271,1.9814,2.7,0,0
20260827_門別_11,5,8,0.1221,5.6668,6.6,0,0
20260827_門別_11,3,8,0.1088,5.8716,7.7,0,0
20260827_門別_11,5,9,0.107,5.7666,7.1,1,710
20260827_門別_11,3,9,0.0952,5.1994,5.1,0,0
20260828_園田_01,2,7,0.2509,2.4948,3.5,0,0
20260828_園田_01,2,5,0.1943,3.0519,3.6,0,0
20260828_園田_01,2,8,0.1658,3.1798,3.4,1,340
20260828_園田_01,2,3,0.0903,9.7813,12.4,0,0
20260828_園田_01,2,6,0.0758,10.8689,16.1,0,0
20260828_園田_02,1,2,0.2647,1.7992,1.9,1,190
20260828_園田_02,1,7,0.1484,4.7113,6.0,0,0
20260828_園田_02,1,3,0.141,5.33,8.0,0,0
20260828_園田_02,1,4,0.1394,4.4409,5.4,0,0
20260828_園田_02,1,5,0.0526,18.9336,34.9,0,0
20260828_園田_03,1,7,0.2812,2.1112,2.7,0,0
20260828_園田_03,1,6,0.1156,6.4105,5.8,0,0
20260828_園田_03,1,2,0.0927,10.3365,12.7,1,1270
20260828_園田_03,6,7,0.0892,5.8985,7.9,0,0
20260828_園田_03,1,3,0.0764,11.2951,11.4,0,0
20260828_園田_06,5,8,0.1734,3.768,4.6,0,0
20260828_園田_06,2,5,0.1632,5.046,5.0,0,0
20260828_園田_06,5,6,0.1235,3.6528,5.0,0,0
20260828_園田_06,2,8,0.0929,9.6843,9.8,0,0
20260828_園田_06,6,8,0.0697,8.3759,11.6,0,0
20260828_園田_07,1,6,0.2935,1.5019,2.3,0,0
20260828_園田_07,1,5,0.0944,7.3123,9.2,0,0
20260828_園田_07,5,6,0.0859,7.092,7.1,0,0
20260828_園田_07,1,4,0.0848,13.262,15.5,0,0
20260828_園田_07,4,6,0.0771,11.8131,17.2,0,0
20260828_園田_08,1,7,0.3906,1.254,1.4,1,140
20260828_園田_08,4,7,0.1629,4.6659,6.2,0,0
20260828_園田_08,1,4,0.1297,3.9208,6.4,0,0
20260828_園田_08,5,7,0.0468,19.8721,37.5,0,0
20260828_園田_08,1,5,0.0368,19.9194,30.7,0,0
20260828_笠松_03,5,6,0.2021,3.2551,3.8,0,0
20260828_笠松_03,6,7,0.1412,4.0627,4.9,0,0
20260828_笠松_03,6,9,0.1222,6.9666,10.1,1,1010
20260828_笠松_03,3,6,0.0933,8.3051,9.1,0,0
20260828_笠松_03,4,6,0.0585,14.8328,10.3,0,0
20260828_笠松_04,4,6,0.2903,2.1974,2.8,0,0
20260828_笠松_04,2,4,0.2005,4.0367,4.2,0,0
20260828_笠松_04,2,6,0.0974,7.5843,10.5,0,0
20260828_笠松_04,1,4,0.0886,10.0234,13.8,0,0
20260828_笠松_04,4,7,0.0834,6.4543,9.6,1,960
20260828_笠松_06,1,5,0.2397,3.4556,3.4,0,0
20260828_笠松_06,1,7,0.1875,3.1354,3.7,0,0
20260828_笠松_06,5,7,0.1098,9.1714,11.0,0,0
20260828_笠松_06,1,4,0.0589,8.9194,15.5,0,0
20260828_笠松_06,1,8,0.0467,20.2425,29.1,0,0
20260828_笠松_09,7,9,0.3539,2.5984,1.9,1,190
20260828_笠松_09,3,9,0.1453,3.2169,5.1,0,0
20260828_笠松_09,1,9,0.1029,4.2783,8.5,0,0
20260828_笠松_09,2,9,0.0564,9.7191,14.7,0,0
20260828_笠松_09,3,7,0.0477,24.692,46.8,0,0
20260828_笠松_10,2,7,0.1687,4.3682,4.1,0,0
20260828_笠松_10,2,6,0.1654,6.6646,8.3,0,0
20260828_笠松_10,2,3,0.1486,4.4664,5.2,0,0
20260828_笠松_10,2,4,0.0782,10.8061,11.8,0,0
20260828_笠松_10,6,7,0.0621,13.0984,14.2,0,0
20260828_笠松_12,2,5,0.2149,3.5128,4.3,0,0
20260828_笠松_12,5,6,0.1637,3.203,3.0,0,0
20260828_笠松_12,3,5,0.0887,10.5424,15.8,0,0
20260828_笠松_12,2,6,0.0885,7.0385,6.1,1,610
20260828_笠松_12,5,7,0.0755,9.4626,11.5,0,0
20260828_船橋_01,4,6,0.3563,1.3337,1.7,0,0
20260828_船橋_01,3,6,0.0854,12.4849,10.3,0,0
20260828_船橋_01,3,4,0.0708,13.8879,15.1,0,0
20260828_船橋_01,2,6,0.0707,8.4374,7.8,0,0
20260828_船橋_01,2,4,0.0585,9.1991,13.0,0,0
20260828_船橋_02,3,4,0.2632,3.5012,3.4,1,340
20260828_船橋_02,3,5,0.2269,1.304,2.5,0,0
20260828_船橋_02,4,5,0.2078,4.1807,4.6,0,0
20260828_船橋_02,1,3,0.0583,10.0633,11.2,0,0
20260828_船橋_02,1,4,0.053,20.5176,11.6,0,0
20260828_船橋_03,1,3,0.2825,2.4727,2.5,1,250
20260828_船橋_03,3,5,0.147,3.3341,4.5,0,0
20260828_船橋_03,1,5,0.1219,7.4116,9.6,0,0
20260828_船橋_03,2,3,0.1198,4.1101,5.6,0,0
20260828_船橋_03,1,2,0.0992,9.8806,10.7,0,0
20260828_船橋_04,2,7,0.1916,3.3845,4.0,0,0
20260828_船橋_04,1,7,0.1559,4.6433,5.7,0,0
20260828_船橋_04,1,2,0.13,3.0999,3.6,0,0
20260828_船橋_04,6,7,0.1177,6.6724,5.4,0,0
20260828_船橋_04,2,6,0.0979,5.9053,8.1,0,0
20260828_船橋_05,1,6,0.4916,1.2253,1.8,0,0
20260828_船橋_05,2,6,0.1327,4.6246,6.1,1,610
20260828_船橋_05,1,2,0.1072,5.2985,6.4,0,0
20260828_船橋_05,5,6,0.0858,9.0635,8.3,0,0
20260828_船橋_05,1,5,0.069,10.9641,9.1,0,0
20260828_船橋_08,6,8,0.2002,2.6309,2.0,1,200
20260828_船橋_08,5,8,0.1499,5.5173,5.9,0,0
20260828_船橋_08,8,11,0.1197,5.6491,7.2,0,0
20260828_船橋_08,5,6,0.0762,8.8791,10.6,0,0
20260828_船橋_08,6,11,0.0604,9.7247,13.1,0,0
20260828_船橋_11,6,11,0.265,2.6705,2.7,0,0
20260828_船橋_11,3,11,0.1359,7.2514,8.8,0,0
20260828_船橋_11,4,11,0.1345,3.135,3.9,0,0
20260828_船橋_11,9,11,0.0985,6.097,6.2,0,0
20260828_船橋_11,5,11,0.05,17.039,18.8,0,0
20260829_佐賀_02,5,9,0.2115,2.8292,4.2,0,0
20260829_佐賀_02,9,12,0.2078,4.2132,3.4,0,0
20260829_佐賀_02,5,12,0.1053,6.1345,8.0,0,0
20260829_佐賀_02,1,9,0.0748,11.9225,5.3,1,530
20260829_佐賀_02,2,9,0.0384,21.3447,28.0,0,0
20260829_佐賀_03,1,3,0.345,1.2058,1.7,1,170
20260829_佐賀_03,1,7,0.1484,5.5656,5.1,0,0
20260829_佐賀_03,3,7,0.1094,6.4817,7.8,0,0
20260829_佐賀_03,1,5,0.0813,11.832,7.8,0,0
20260829_佐賀_03,3,5,0.0594,15.8887,21.5,0,0
20260829_佐賀_04,1,4,0.2358,2.5656,3.7,0,0
20260829_佐賀_04,4,6,0.1875,4.9367,5.0,0,0
20260829_佐賀_04,4,5,0.1338,6.2487,6.6,0,0
20260829_佐賀_04,1,6,0.07,7.4803,10.3,0,0
20260829_佐賀_04,2,4,0.0538,20.9172,25.5,0,0
20260829_佐賀_05,5,7,0.2941,1.5027,2.3,0,0
20260829_佐賀_05,7,9,0.0884,9.4706,5.8,0,0
20260829_佐賀_05,7,10,0.0827,8.9238,11.3,0,0
20260829_佐賀_05,3,7,0.0714,12.6526,20.4,0,0
20260829_佐賀_05,2,7,0.0699,8.3068,5.0,1,500
20260829_佐賀_06,1,9,0.2448,1.9758,3.2,0,0
20260829_佐賀_06,1,2,0.1751,3.5167,4.0,0,0
20260829_佐賀_06,1,5,0.1749,4.7956,6.8,0,0
20260829_佐賀_06,1,3,0.0693,10.6355,9.5,0,0
20260829_佐賀_06,2,9,0.0533,11.9517,17.4,0,0
20260829_佐賀_07,3,5,0.3521,1.42,2.0,1,200
20260829_佐賀_07,3,9,0.2078,3.273,4.2,0,0
20260829_佐賀_07,3,8,0.0813,9.3546,8.3,0,0
20260829_佐賀_07,5,9,0.0668,10.0645,16.3,0,0
20260829_佐賀_07,3,7,0.0636,15.4724,16.0,0,0
20260830_佐賀_01,1,9,0.2119,2.6709,2.7,0,0
20260830_佐賀_01,1,10,0.1402,4.9598,3.6,1,360
20260830_佐賀_01,1,2,0.1389,5.107,6.8,0,0
20260830_佐賀_01,1,11,0.0803,12.9795,11.6,0,0
20260830_佐賀_01,1,6,0.0732,16.5749,17.6,0,0
20260830_佐賀_04,3,6,0.3794,1.7181,1.7,0,0
20260830_佐賀_04,3,5,0.1078,12.5358,11.1,0,0
20260830_佐賀_04,3,4,0.0648,20.0211,29.0,0,0
20260830_佐賀_04,5,6,0.059,6.0424,7.2,0,0
20260830_佐賀_04,3,9,0.0569,19.1395,18.9,1,1890
20260830_佐賀_05,3,9,0.3508,0.971,1.7,1,170
20260830_佐賀_05,4,9,0.1466,9.1736,8.2,0,0
20260830_佐賀_05,2,9,0.0906,8.7187,8.0,0,0
20260830_佐賀_05,3,4,0.0676,14.9792,16.3,0,0
20260830_佐賀_05,9,10,0.0545,16.4794,17.1,0,0
20260830_佐賀_06,5,8,0.2836,2.9602,3.7,0,0
20260830_佐賀_06,1,5,0.2073,2.2811,3.4,1,340
20260830_佐賀_06,5,9,0.0916,8.1432,8.4,0,0
20260830_佐賀_06,1,8,0.091,6.4426,8.2,0,0
20260830_佐賀_06,8,9,0.0388,22.7012,30.2,0,0
20260830_佐賀_07,2,6,0.2209,3.0299,3.4,0,0
20260830_佐賀_07,1,2,0.1707,3.6204,3.9,1,390
20260830_佐賀_07,2,3,0.1595,3.4937,4.4,0,0
20260830_佐賀_07,2,7,0.1073,4.7628,5.7,0,0
20260830_佐賀_07,1,6,0.0483,27.561,27.0,0,0
20260830_盛岡_03,6,8,0.3183,1.5172,2.4,0,0
20260830_盛岡_03,4,6,0.1422,5.4717,6.8,0,0
20260830_盛岡_03,1,6,0.0873,7.5905,4.7,0,0
20260830_盛岡_03,4,8,0.066,12.8524,18.3,0,0
20260830_盛岡_03,6,10,0.0594,12.1831,13.9,0,0
20260830_盛岡_04,9,11,0.2547,2.3535,2.3,0,0
20260830_盛岡_04,8,11,0.1363,5.8516,6.2,0,0
20260830_盛岡_04,10,11,0.1209,7.329,6.8,0,0
20260830_盛岡_04,3,11,0.0694,17.4371,12.0,0,0
20260830_盛岡_04,7,11,0.0462,22.2698,28.8,0,0
20260830_盛岡_05,6,9,0.1945,2.4476,3.6,0,0
20260830_盛岡_05,6,8,0.1303,6.9097,4.2,1,420
20260830_盛岡_05,8,9,0.1045,6.1474,4.0,0,0
20260830_盛岡_05,4,6,0.1018,7.9836,10.1,0,0
20260830_盛岡_05,4,9,0.0814,6.687,9.3,0,0
20260831_大井_03,5,6,0.4104,1.8477,1.7,0,0
20260831_大井_03,4,6,0.2159,4.1058,6.8,0,0
20260831_大井_03,4,5,0.1233,4.7501,6.7,0,0
20260831_大井_03,1,6,0.0792,5.7724,7.6,0,0
20260831_大井_03,1,5,0.0439,7.0574,8.7,1,870
20260831_大井_04,1,6,0.3898,1.36,1.6,1,160
20260831_大井_04,1,5,0.1182,12.4207,10.4,0,0
20260831_大井_04,5,6,0.0954,10.3356,10.6,0,0
20260831_大井_04,1,2,0.0784,8.3094,9.0,0,0
20260831_大井_04,1,4,0.0751,11.8929,16.5,0,0
20260831_盛岡_01,2,10,0.2137,3.1528,3.9,0,0
20260831_盛岡_01,6,10,0.2065,3.8368,4.7,0,0
20260831_盛岡_01,2,6,0.1055,8.4015,8.7,0,0
20260831_盛岡_01,10,12,0.0558,15.161,11.6,0,0
20260831_盛岡_01,4,10,0.0442,11.6822,14.2,0,0
20260831_盛岡_02,6,9,0.2693,1.3856,2.0,0,0
20260831_盛岡_02,1,9,0.153,4.615,5.7,0,0
20260831_盛岡_02,8,9,0.0756,9.9571,10.4,0,0
20260831_盛岡_02,3,9,0.0696,9.9464,7.5,0,0
20260831_盛岡_02,4,9,0.0626,14.7344,14.2,0,0
20260831_盛岡_04,5,8,0.3037,2.2434,2.8,0,0
20260831_盛岡_04,4,8,0.1231,5.4863,4.6,1,460
20260831_盛岡_04,7,8,0.1061,6.7052,5.3,0,0
20260831_盛岡_04,6,8,0.083,10.1913,12.3,0,0
20260831_盛岡_04,2,8,0.0496,14.7628,15.4,0,0
20260831_盛岡_05,4,11,0.2358,2.2874,2.5,1,250
20260831_盛岡_05,4,9,0.1646,5.8686,4.2,0,0
20260831_盛岡_05,1,4,0.0945,11.8206,12.1,0,0
20260831_盛岡_05,4,8,0.0819,15.3311,19.8,0,0
20260831_盛岡_05,9,11,0.0818,5.278,6.6,0,0
20260831_盛岡_06,2,3,0.1904,3.8129,4.1,0,0
20260831_盛岡_06,2,8,0.1603,3.5655,4.3,0,0
20260831_盛岡_06,2,6,0.1259,7.4286,7.2,0,0
20260831_盛岡_06,3,8,0.068,7.3106,8.0,0,0
20260831_盛岡_06,2,4,0.0559,13.1222,18.3,0,0
20260831_盛岡_07,7,10,0.2459,2.3017,2.7,0,0
20260831_盛岡_07,7,12,0.1515,5.4055,4.8,0,0
20260831_盛岡_07,10,12,0.1011,9.5473,7.1,0,0
20260831_盛岡_07,7,9,0.087,6.7074,10.2,0,0
20260831_盛岡_07,9,10,0.0574,13.464,20.7,0,0
20260831_盛岡_09,3,5,0.261,2.5257,2.1,0,0
20260831_盛岡_09,3,4,0.1167,9.6092,8.4,0,0
20260831_盛岡_09,2,3,0.1057,5.1918,6.6,0,0
20260831_盛岡_09,3,7,0.1018,5.1291,7.5,0,0
20260831_盛岡_09,3,10,0.0784,21.9741,21.7,0,0
20260831_盛岡_12,4,8,0.1723,5.6365,6.7,0,0
20260831_盛岡_12,1,8,0.1407,4.5425,5.9,0,0
20260831_盛岡_12,7,8,0.1316,3.6593,4.4,1,440
20260831_盛岡_12,6,8,0.1156,4.2307,4.2,0,0
20260831_盛岡_12,3,8,0.1024,8.69,7.2,0,0
20260831_金沢_01,2,4,0.2534,2.1732,4.3,1,430
20260831_金沢_01,4,5,0.2246,2.3632,3.7,0,0
20260831_金沢_01,4,6,0.2091,3.5959,2.3,0,0
20260831_金沢_01,2,5,0.0619,8.7964,12.1,0,0
20260831_金沢_01,2,6,0.0573,14.0822,14.8,0,0
20260831_金沢_02,3,5,0.2748,2.9966,3.0,1,300
20260831_金沢_02,2,5,0.1827,2.5078,4.6,0,0
20260831_金沢_02,2,3,0.1295,6.1533,4.5,0,0
20260831_金沢_02,5,8,0.0628,8.999,16.5,0,0
20260831_金沢_02,5,9,0.0522,13.1691,14.0,0,0
20260831_金沢_03,1,5,0.3048,1.561,3.3,1,330
20260831_金沢_03,1,8,0.1704,4.4051,3.4,0,0
20260831_金沢_03,1,7,0.1366,6.9415,6.1,0,0
20260831_金沢_03,5,8,0.0996,6.6719,7.4,0,0
20260831_金沢_03,5,7,0.0793,9.424,15.0,0,0
20260831_金沢_04,2,6,0.226,3.5032,4.2,0,0
20260831_金沢_04,5,6,0.2156,2.4404,3.2,1,320
20260831_金沢_04,6,9,0.1751,3.1394,5.4,0,0
20260831_金沢_04,2,5,0.0974,7.4252,4.9,0,0
20260831_金沢_04,2,9,0.0783,8.1353,8.3,0,0
20260831_金沢_05,1,5,0.3735,1.0553,1.3,0,0
20260831_金沢_05,1,2,0.1194,5.7158,4.4,1,440
20260831_金沢_05,2,5,0.0985,7.15,9.3,0,0
20260831_金沢_05,1,8,0.0826,13.5611,28.8,0,0
20260831_金沢_05,5,8,0.0679,13.7434,24.4,0,0
20260831_金沢_06,2,9,0.2078,4.1682,6.2,0,0
20260831_金沢_06,8,9,0.1105,6.8471,6.3,0,0
20260831_金沢_06,2,8,0.1052,7.7313,13.3,0,0
20260831_金沢_06,6,9,0.0926,5.8203,3.9,0,0
20260831_金沢_06,2,6,0.0881,6.8494,8.1,0,0
20260831_金沢_07,1,9,0.2638,1.3736,2.7,1,270
20260831_金沢_07,1,5,0.2609,2.4581,1.9,0,0
20260831_金沢_07,1,8,0.0957,8.2559,8.8,0,0
20260831_金沢_07,1,4,0.0883,10.7643,17.4,0,0
20260831_金沢_07,5,9,0.067,15.8019,31.4,0,0
20260831_金沢_08,3,8,0.2707,2.0525,1.6,0,0
20260831_金沢_08,3,4,0.2672,2.0943,2.9,1,290
20260831_金沢_08,2,3,0.0886,7.1161,13.4,0,0
20260831_金沢_08,4,8,0.0877,6.1063,12.1,0,0
20260831_金沢_08,3,11,0.0541,20.3164,29.7,0,0
20260831_金沢_09,4,5,0.2172,2.048,2.2,0,0
20260831_金沢_09,4,9,0.1992,4.7327,4.4,0,0
20260831_金沢_09,4,6,0.1846,2.241,2.9,1,290
20260831_金沢_09,1,4,0.0436,17.0409,27.5,0,0
20260831_金沢_09,4,8,0.036,18.068,25.7,0,0
20260831_金沢_11,1,6,0.3075,3.447,4.1,1,410
20260831_金沢_11,4,6,0.2214,3.1839,4.7,0,0
20260831_金沢_11,1,4,0.1249,8.9546,11.6,0,0
20260831_金沢_11,3,6,0.0722,6.4123,4.5,0,0
20260831_金沢_11,5,6,0.0479,8.282,9.3,0,0
20260831_金沢_12,4,8,0.1465,5.1252,3.5,0,0
20260831_金沢_12,4,7,0.1371,4.8756,5.8,0,0
20260831_金沢_12,2,4,0.1313,5.2512,5.8,0,0
20260831_金沢_12,4,10,0.1086,6.8985,10.2,0,0
20260831_金沢_12,1,4,0.0899,7.4995,8.8,0,0
20260902_名古屋_03,2,10,0.1496,6.4585,5.7,0,0
20260902_名古屋_03,2,3,0.1332,4.5215,5.3,0,0
20260902_名古屋_03,2,9,0.1321,3.879,4.7,1,470
20260902_名古屋_03,2,6,0.1304,7.5207,5.2,0,0
20260902_名古屋_03,2,11,0.0746,6.3837,7.5,0,0
20260902_名古屋_04,10,11,0.2642,2.045,2.9,1,290
20260902_名古屋_04,9,11,0.1964,3.9947,3.9,0,0
20260902_名古屋_04,9,10,0.1151,7.0264,8.0,0,0
20260902_名古屋_04,4,11,0.0474,19.3622,22.8,0,0
20260902_名古屋_04,5,11,0.0431,12.866,6.0,0,0
20260902_名古屋_05,5,9,0.2051,4.2893,4.6,0,0
20260902_名古屋_05,5,12,0.1491,4.4641,3.3,1,330
20260902_名古屋_05,3,5,0.1355,5.2446,6.2,0,0
20260902_名古屋_05,5,8,0.1056,4.7218,4.9,0,0
20260902_名古屋_05,5,10,0.0593,17.3842,17.2,0,0
20260902_名古屋_06,6,7,0.3039,2.0113,2.6,1,260
20260902_名古屋_06,6,12,0.1149,4.4484,5.2,0,0
20260902_名古屋_06,6,11,0.1104,7.8882,7.9,0,0
20260902_名古屋_06,7,12,0.0714,6.8621,10.0,0,0
20260902_名古屋_06,7,11,0.0686,12.2925,9.8,0,0
20260902_名古屋_08,7,9,0.2024,4.3827,4.3,0,0
20260902_名古屋_08,6,7,0.1194,4.036,6.1,0,0
20260902_名古屋_08,3,7,0.1105,4.8152,6.2,0,0
20260902_名古屋_08,2,7,0.106,6.1336,7.8,0,0
20260902_名古屋_08,5,7,0.0895,10.199,15.5,0,0
20260902_園田_02,7,8,0.2799,1.4706,1.9,1,190
20260902_園田_02,3,7,0.195,3.4776,4.6,0,0
20260902_園田_02,6,7,0.0956,7.4695,8.1,0,0
20260902_園田_02,5,7,0.0845,6.5583,8.9,0,0
20260902_園田_02,4,7,0.0768,11.6902,14.5,0,0
20260902_園田_03,3,6,0.6927,0.4989,1.0,1,100
20260902_園田_03,5,6,0.0779,9.8142,10.1,0,0
20260902_園田_03,3,5,0.075,18.6743,19.5,0,0
20260902_園田_03,2,6,0.0364,18.3957,24.9,0,0
20260902_園田_03,2,3,0.035,33.4286,35.8,0,0
20260902_園田_04,5,8,0.2585,2.8869,4.7,0,0
20260902_園田_04,5,6,0.1919,2.4961,1.8,0,0
20260902_園田_04,2,5,0.1245,5.5912,9.8,0,0
20260902_園田_04,1,5,0.1064,5.5254,8.5,0,0
20260902_園田_04,5,7,0.0648,15.892,21.5,0,0
20260902_園田_05,1,7,0.1753,3.421,4.3,0,0
20260902_園田_05,7,12,0.162,4.0647,4.9,0,0
20260902_園田_05,3,7,0.1063,7.305,7.4,1,740
20260902_園田_05,6,7,0.1031,5.4731,5.5,0,0
20260902_園田_05,7,9,0.0906,6.7346,6.3,0,0
20260902_園田_07,6,10,0.455,0.7432,1.3,1,130
20260902_園田_07,5,10,0.0916,8.8896,10.4,0,0
20260902_園田_07,5,6,0.054,13.7138,12.4,0,0
20260902_園田_07,1,10,0.0459,23.0352,28.3,0,0
20260902_園田_07,2,10,0.0426,17.7356,21.6,0,0
20260902_園田_08,2,7,0.3793,1.5963,2.3,0,0
20260902_園田_08,4,7,0.1525,3.8347,5.0,0,0
20260902_園田_08,6,7,0.11,7.5769,8.9,0,0
20260902_園田_08,2,4,0.0881,6.1808,7.2,1,720
20260902_園田_08,5,7,0.0751,7.5965,11.2,0,0
20260902_園田_10,3,6,0.2566,2.0933,3.0,0,0
20260902_園田_10,4,6,0.1441,3.5646,4.3,0,0
20260902_園田_10,1,6,0.1396,4.1309,5.5,0,0
20260902_園田_10,2,6,0.0772,10.4256,8.9,0,0
20260902_園田_10,6,8,0.0766,9.3909,7.6,1,760
20260902_園田_11,3,10,0.2112,3.0285,3.7,0,0
20260902_園田_11,9,10,0.1924,3.5612,3.4,1,340
20260902_園田_11,3,9,0.1835,2.7278,4.1,0,0
20260902_園田_11,8,10,0.0504,16.5069,17.1,0,0
20260902_園田_11,3,8,0.0478,12.9256,15.7,0,0
20260902_大井_03,4,6,0.209,3.5957,4.3,1,430
20260902_大井_03,1,6,0.1698,4.1014,4.6,0,0
20260902_大井_03,5,6,0.1252,10.06,8.1,0,0
20260902_大井_03,3,6,0.1044,10.298,12.2,0,0
20260902_大井_03,1,4,0.0728,5.7574,7.3,0,0
20260902_大井_04,6,11,0.1984,3.0845,4.3,0,0
20260902_大井_04,4,11,0.183,3.4289,3.9,0,0
20260902_大井_04,1,11,0.1021,9.0059,9.5,0,0
20260902_大井_04,4,6,0.1017,6.2713,7.3,0,0
20260902_大井_04,1,6,0.0556,14.0553,14.6,0,0
20260902_大井_10,1,8,0.2013,1.8903,3.1,0,0
20260902_大井_10,1,11,0.1293,7.1264,6.9,0,0
20260902_大井_10,1,4,0.1239,6.2351,6.5,0,0
20260902_大井_10,1,10,0.1161,5.6916,6.9,0,0
20260902_大井_10,1,6,0.0444,22.2727,17.7,0,0
20260902_門別_02,1,9,0.2262,2.2967,2.5,0,0
20260902_門別_02,8,9,0.1938,2.1561,2.8,0,0
20260902_門別_02,7,9,0.1896,7.8964,7.2,0,0
20260902_門別_02,9,11,0.1179,10.769,9.0,1,900
20260902_門別_02,6,9,0.067,10.9751,13.9,0,0
20260902_門別_04,3,6,0.2864,1.3152,2.4,0,0
20260902_門別_04,6,7,0.1063,8.1906,5.6,0,0
20260902_門別_04,6,10,0.0967,12.0144,10.2,0,0
20260902_門別_04,6,8,0.0816,11.0885,14.7,1,1470
20260902_門別_04,1,6,0.0589,18.9241,16.8,0,0
20260902_門別_05,4,6,0.3596,1.6319,2.6,0,0
20260902_門別_05,4,5,0.1749,3.2919,4.9,0,0
20260902_門別_05,5,6,0.1468,4.2224,4.5,0,0
20260902_門別_05,4,7,0.0549,9.1005,7.2,0,0
20260902_門別_05,4,8,0.0492,33.164,41.4,0,0
20260902_門別_07,3,6,0.21,2.7294,2.8,0,0
20260902_門別_07,6,7,0.1887,3.2131,4.7,0,0
20260902_門別_07,4,6,0.1189,6.8183,6.6,0,0
20260902_門別_07,6,8,0.112,11.0644,10.1,0,0
20260902_門別_07,3,7,0.06,5.7473,7.8,0,0
20260902_門別_09,1,7,0.2327,2.4952,4.0,0,0
20260902_門別_09,1,2,0.2244,1.9426,2.6,0,0
20260902_門別_09,2,7,0.1114,11.9979,14.0,0,0
20260902_門別_09,1,4,0.0844,5.2111,10.0,1,1000
20260902_門別_09,1,3,0.0661,12.8843,10.5,0,0
20260902_門別_11,5,9,0.3665,1.4717,1.9,0,0
20260902_門別_11,3,5,0.0832,6.2452,7.5,0,0
20260902_門別_11,4,5,0.0683,9.5354,11.6,0,0
20260902_門別_11,5,7,0.0626,11.807,16.2,0,0
20260902_門別_11,5,8,0.0545,15.5188,18.0,0,0
20260902_門別_12,4,9,0.2892,1.4273,2.2,1,220
20260902_門別_12,2,4,0.2514,2.0459,2.6,0,0
20260902_門別_12,4,8,0.0998,10.5685,12.1,0,0
20260902_門別_12,4,7,0.0783,11.3593,8.8,0,0
20260902_門別_12,2,9,0.0671,10.1895,15.9,0,0
20260903_佐賀_02,1,3,0.217,3.1571,3.3,0,0
20260903_佐賀_02,1,6,0.2014,2.2932,2.6,0,0
20260903_佐賀_02,1,7,0.1168,4.2241,6.1,0,0
20260903_佐賀_02,3,6,0.1089,7.7295,6.9,0,0
20260903_佐賀_02,3,7,0.0619,14.8204,18.8,0,0
20260903_佐賀_03,8,11,0.165,3.537,3.1,0,0
20260903_佐賀_03,4,11,0.1615,3.7283,4.8,0,0
20260903_佐賀_03,2,11,0.1182,9.6739,5.6,0,0
20260903_佐賀_03,10,11,0.1134,6.1228,7.6,0,0
20260903_佐賀_03,6,11,0.0969,4.9785,7.1,1,710
20260903_佐賀_04,3,9,0.2959,1.4837,1.6,0,0
20260903_佐賀_04,9,11,0.1296,3.6009,5.4,0,0
20260903_佐賀_04,3,11,0.1167,11.8971,19.3,0,0
20260903_佐賀_04,6,9,0.0697,6.165,4.1,1,410
20260903_佐賀_04,3,6,0.0626,18.7935,24.7,0,0
20260903_佐賀_06,5,10,0.2417,3.0492,3.6,0,0
20260903_佐賀_06,7,10,0.1351,4.145,4.4,0,0
20260903_佐賀_06,6,10,0.1087,6.1342,7.9,0,0
20260903_佐賀_06,8,10,0.1039,9.5854,9.4,0,0
20260903_佐賀_06,2,10,0.0962,6.2459,5.5,1,550
20260903_佐賀_08,4,10,0.2475,2.0374,2.5,1,250
20260903_佐賀_08,4,5,0.1705,3.5956,3.2,0,0
20260903_佐賀_08,1,4,0.116,6.9405,7.2,0,0
20260903_佐賀_08,4,6,0.0817,7.448,10.0,0,0
20260903_佐賀_08,2,4,0.0428,19.4909,11.4,0,0
20260903_佐賀_09,3,9,0.3335,1.6059,2.1,0,0
20260903_佐賀_09,3,8,0.2072,2.8856,3.6,0,0
20260903_佐賀_09,3,7,0.0891,5.83,7.5,0,0
20260903_佐賀_09,2,3,0.0602,9.6662,6.7,0,0
20260903_佐賀_09,8,9,0.0503,18.4316,29.9,0,0
20260903_佐賀_11,2,6,0.2155,1.8517,2.6,1,260
20260903_佐賀_11,2,9,0.135,4.3201,4.9,0,0
20260903_佐賀_11,2,3,0.1348,4.4918,5.7,0,0
20260903_佐賀_11,2,4,0.0903,7.6132,7.7,0,0
20260903_佐賀_11,6,9,0.0681,9.4848,10.1,0,0
20260903_佐賀_12,4,5,0.2149,2.411,3.3,0,0
20260903_佐賀_12,5,11,0.2085,2.869,4.5,0,0
20260903_佐賀_12,5,7,0.1381,4.4707,6.0,1,600
20260903_佐賀_12,2,5,0.0537,13.2995,11.3,0,0
20260903_佐賀_12,5,8,0.0531,14.1596,6.3,0,0
20260903_名古屋_01,8,9,0.2298,2.1341,3.1,1,310
20260903_名古屋_01,1,9,0.1488,3.5832,4.0,0,0
20260903_名古屋_01,1,8,0.0783,11.8843,9.1,0,0
20260903_名古屋_01,7,9,0.0776,14.0129,16.2,0,0
20260903_名古屋_01,5,9,0.0681,8.7406,9.4,0,0
20260903_名古屋_02,5,9,0.3162,1.4931,1.5,1,150
20260903_名古屋_02,3,5,0.0933,5.8101,6.5,0,0
20260903_名古屋_02,2,5,0.0763,10.7147,12.7,0,0
20260903_名古屋_02,5,10,0.076,10.5247,14.2,0,0
20260903_名古屋_02,3,9,0.0615,8.9157,8.9,0,0
20260903_名古屋_05,5,10,0.2132,1.7289,2.5,1,250
20260903_名古屋_05,7,10,0.1844,6.606,5.1,0,0
20260903_名古屋_05,8,10,0.0868,10.453,9.8,0,0
20260903_名古屋_05,6,10,0.0801,8.9582,7.4,0,0
20260903_名古屋_05,3,10,0.0601,19.8226,13.8,0,0
20260903_名古屋_07,4,10,0.1595,3.5264,3.9,0,0
20260903_名古屋_07,6,10,0.1549,5.6295,5.0,0,0
20260903_名古屋_07,5,10,0.1399,4.5106,4.6,0,0
20260903_名古屋_07,1,10,0.1195,6.5461,9.0,0,0
20260903_名古屋_07,3,10,0.0929,9.1925,7.2,0,0
20260903_名古屋_10,5,8,0.2329,1.7124,2.5,0,0
20260903_名古屋_10,8,10,0.1647,3.8705,3.3,0,0
20260903_名古屋_10,8,9,0.1414,6.9,9.4,0,0
20260903_名古屋_10,2,8,0.1058,4.9402,6.4,0,0
20260903_名古屋_10,3,8,0.071,9.5144,12.9,1,1290
20260903_園田_02,2,10,0.1914,4.2608,5.4,0,0
20260903_園田_02,2,8,0.1326,5.1184,6.2,1,620
20260903_園田_02,2,5,0.1173,6.0465,6.8,0,0
20260903_園田_02,8,10,0.0931,7.1618,8.7,0,0
20260903_園田_02,5,10,0.0822,8.0401,9.7,0,0
20260903_園田_03,2,7,0.4477,1.3957,1.8,0,0
20260903_園田_03,1,7,0.1871,3.8479,5.7,0,0
20260903_園田_03,4,7,0.0893,4.3476,4.6,0,0
20260903_園田_03,1,2,0.0713,12.4573,14.4,0,0
20260903_園田_03,5,7,0.0389,12.7732,11.7,1,1170
20260903_園田_04,2,3,0.2363,1.8445,1.9,1,190
20260903_園田_04,2,7,0.1404,7.6467,9.2,0,0
20260903_園田_04,1,2,0.0982,4.0538,6.7,0,0
20260903_園田_04,2,9,0.0812,6.4701,7.3,0,0
20260903_園田_04,3,7,0.0622,21.9388,31.2,0,0
20260903_園田_07,6,7,0.2789,2.1365,2.7,1,270
20260903_園田_07,7,9,0.1501,5.2729,4.9,0,0
20260903_園田_07,1,7,0.1138,8.1585,7.7,0,0
20260903_園田_07,6,9,0.0955,4.3839,5.9,0,0
20260903_園田_07,1,6,0.0719,6.5967,9.4,0,0
20260903_園田_08,2,3,0.5147,1.1275,1.9,1,190
20260903_園田_08,3,4,0.2141,2.5969,3.0,0,0
20260903_園田_08,1,3,0.0881,5.3557,7.3,0,0
20260903_園田_08,2,4,0.0583,13.6348,19.2,0,0
20260903_園田_08,3,5,0.0391,11.5694,14.8,0,0
20260903_園田_10,4,5,0.2958,2.0022,2.7,0,0
20260903_園田_10,5,7,0.1665,3.7281,3.9,0,0
20260903_園田_10,1,5,0.123,5.0155,6.0,1,600
20260903_園田_10,2,5,0.0712,7.5364,9.3,0,0
20260903_園田_10,4,7,0.0624,14.4059,20.6,0,0
20260903_大井_01,4,6,0.3166,1.6564,2.3,0,0
20260903_大井_01,6,7,0.1177,6.2062,8.9,0,0
20260903_大井_01,6,9,0.1085,7.6557,11.0,0,0
20260903_大井_01,3,6,0.0781,11.8275,6.2,0,0
20260903_大井_01,1,6,0.0632,12.2206,11.9,0,0
20260903_大井_04,3,7,0.3945,1.5281,2.6,0,0
20260903_大井_04,5,7,0.1125,6.2054,8.1,0,0
20260903_大井_04,3,5,0.1014,4.8491,4.8,0,0
20260903_大井_04,1,7,0.0825,12.6139,23.0,0,0
20260903_大井_04,1,3,0.0743,8.949,10.9,0,0
20260903_大井_10,8,10,0.2299,3.7247,4.2,0,0
20260903_大井_10,2,8,0.1161,4.6378,5.2,0,0
20260903_大井_10,6,8,0.1059,6.0026,6.6,1,660
20260903_大井_10,2,10,0.0781,9.6088,11.3,0,0
20260903_大井_10,6,10,0.0711,11.7743,11.8,0,0
20260903_大井_11,5,6,0.2076,3.1145,3.7,0,0
20260903_大井_11,2,5,0.1594,3.0848,3.9,0,0
20260903_大井_11,5,8,0.1424,4.955,5.3,1,530
20260903_大井_11,2,6,0.0675,11.9286,13.8,0,0
20260903_大井_11,6,8,0.06,16.4121,17.4,0,0
20260903_門別_04,6,9,0.1985,4.2262,3.8,0,0
20260903_門別_04,6,11,0.175,10.0021,6.2,0,0
20260903_門別_04,9,11,0.1036,7.8583,5.7,1,570
20260903_門別_04,5,6,0.0902,11.0231,11.8,0,0
20260903_門別_04,5,9,0.0524,7.9459,11.4,0,0
20260903_門別_05,6,10,0.2063,4.241,2.9,1,290
20260903_門別_05,5,6,0.1987,4.3134,5.4,0,0
20260903_門別_05,6,7,0.1352,5.851,6.3,0,0
20260903_門別_05,6,9,0.0933,4.4383,6.2,0,0
20260903_門別_05,1,6,0.05,16.1288,24.0,0,0
20260903_門別_07,6,8,0.2935,2.1551,3.0,0,0
20260903_門別_07,6,10,0.1316,4.3825,5.5,0,0
20260903_門別_07,6,9,0.1108,12.3519,18.6,0,0
20260903_門別_07,8,10,0.0807,4.4412,3.3,0,0
20260903_門別_07,8,9,0.0677,10.4068,13.1,1,1310
20260903_門別_08,3,11,0.2357,3.0497,4.0,1,400
20260903_門別_08,6,11,0.1138,7.8888,8.1,0,0
20260903_門別_08,1,11,0.1109,5.654,6.6,0,0
20260903_門別_08,2,11,0.1072,7.5247,5.7,0,0
20260903_門別_08,10,11,0.0701,9.5799,10.4,0,0
20260903_門別_09,3,9,0.2439,2.0784,3.2,0,0
20260903_門別_09,3,7,0.1437,3.6838,3.6,0,0
20260903_門別_09,1,3,0.0891,9.628,10.8,0,0
20260903_門別_09,2,3,0.0859,6.8152,9.6,0,0
20260903_門別_09,3,8,0.0779,9.327,10.8,1,1080
20260904_名古屋_01,5,6,0.1923,3.3378,4.3,0,0
20260904_名古屋_01,6,9,0.1529,5.1675,5.5,0,0
20260904_名古屋_01,2,6,0.1451,5.9477,5.5,0,0
20260904_名古屋_01,1,6,0.0706,12.7453,15.1,0,0
20260904_名古屋_01,6,7,0.056,11.514,11.7,0,0
20260904_名古屋_03,2,6,0.2927,2.4659,2.9,0,0
20260904_名古屋_03,1,2,0.1066,12.2967,14.0,0,0
20260904_名古屋_03,1,6,0.1019,6.4614,8.4,0,0
20260904_名古屋_03,2,11,0.0894,20.2073,14.5,0,0
20260904_名古屋_03,6,11,0.0854,9.4159,9.8,0,0
20260904_名古屋_05,7,8,0.2567,3.249,3.4,0,0
20260904_名古屋_05,6,7,0.2009,1.5266,2.8,1,280
20260904_名古屋_05,1,7,0.1165,6.6777,5.5,0,0
20260904_名古屋_05,2,7,0.0898,7.9499,11.4,0,0
20260904_名古屋_05,6,8,0.0525,16.8258,18.8,0,0
20260904_名古屋_10,2,3,0.1718,5.6681,5.4,1,540
20260904_名古屋_10,2,6,0.1454,4.5372,4.1,0,0
20260904_名古屋_10,2,4,0.1088,9.4322,11.3,0,0
20260904_名古屋_10,1,2,0.0897,8.1538,8.4,0,0
20260904_名古屋_10,2,7,0.0849,8.7188,10.1,0,0
20260904_園田_01,5,6,0.1908,2.2163,3.7,1,370
20260904_園田_01,5,8,0.1606,4.2912,3.2,0,0
20260904_園田_01,3,5,0.1344,5.063,5.4,0,0
20260904_園田_01,5,10,0.0709,10.6331,14.3,0,0
20260904_園田_01,6,8,0.0576,12.1405,20.2,0,0
20260904_園田_05,1,10,0.2224,3.2886,3.2,0,0
20260904_園田_05,1,3,0.1907,2.6504,4.2,1,420
20260904_園田_05,1,6,0.1084,7.6958,9.1,0,0
20260904_園田_05,1,9,0.0638,17.0611,12.0,0,0
20260904_園田_05,1,7,0.0605,16.7907,11.1,0,0
20260904_園田_08,3,5,0.2919,1.735,3.5,0,0
20260904_園田_08,2,3,0.2036,3.874,4.0,1,400
20260904_園田_08,3,4,0.1706,3.844,3.4,0,0
20260904_園田_08,1,3,0.1141,5.4803,7.9,0,0
20260904_園田_08,3,6,0.073,10.6241,7.3,0,0
20260904_園田_09,4,9,0.2433,3.3524,3.0,0,0
20260904_園田_09,1,9,0.1349,6.2066,6.0,0,0
20260904_園田_09,8,9,0.0938,6.4177,8.2,0,0
20260904_園田_09,1,4,0.0912,7.809,10.7,0,0
20260904_園田_09,4,8,0.0629,8.9513,8.7,1,870
20260904_大井_01,2,8,0.199,3.1759,3.9,1,390
20260904_大井_01,5,8,0.181,3.8986,3.9,0,0
20260904_大井_01,2,5,0.0972,10.208,12.0,0,0
20260904_大井_01,1,8,0.0751,7.6696,10.0,0,0
20260904_大井_01,3,8,0.0534,12.4978,17.3,0,0
20260904_大井_04,6,7,0.3051,1.9868,2.9,0,0
20260904_大井_04,5,7,0.2176,2.3956,2.9,1,290
20260904_大井_04,5,6,0.1717,5.5757,4.7,0,0
20260904_大井_04,2,7,0.0652,9.6222,11.4,0,0
20260904_大井_04,2,6,0.0506,22.2886,26.2,0,0
20260904_大井_05,2,3,0.51,0.8128,1.4,1,140
20260904_大井_05,1,3,0.1411,4.8021,4.6,0,0
20260904_大井_05,1,2,0.1293,4.892,4.9,0,0
20260904_大井_05,3,5,0.0658,11.9035,14.1,0,0
20260904_大井_05,2,5,0.0601,12.3997,19.1,0,0
20260904_大井_08,1,4,0.4037,1.2786,2.1,1,210
20260904_大井_08,3,4,0.2616,2.677,2.8,0,0
20260904_大井_08,1,3,0.1032,7.4431,11.8,0,0
20260904_大井_08,4,6,0.0603,10.2616,10.6,0,0
20260904_大井_08,4,5,0.0451,11.015,11.8,0,0
20260904_大井_11,3,5,0.1727,2.8297,3.4,0,0
20260904_大井_11,5,8,0.1461,3.5078,4.7,0,0
20260904_大井_11,2,5,0.1214,5.6382,6.7,0,0
20260904_大井_11,5,13,0.109,6.0813,6.6,0,0
20260904_大井_11,5,7,0.0732,9.7837,10.0,0,0
20260905_佐賀_05,10,11,0.3704,1.1422,1.7,0,0
20260905_佐賀_05,1,10,0.132,8.4296,4.6,1,460
20260905_佐賀_05,1,11,0.0946,16.1251,12.1,0,0
20260905_佐賀_05,7,10,0.0471,11.9306,14.8,0,0
20260905_佐賀_05,4,10,0.0338,19.2333,28.9,0,0
20260905_佐賀_06,5,8,0.2101,2.2816,3.4,0,0
20260905_佐賀_06,5,9,0.1566,4.0801,4.7,1,470
20260905_佐賀_06,5,11,0.1066,5.2736,5.2,0,0
20260905_佐賀_06,5,6,0.0711,17.7824,10.6,0,0
20260905_佐賀_06,5,10,0.058,19.187,12.2,0,0
20260905_佐賀_10,7,9,0.3698,0.9933,2.1,0,0
20260905_佐賀_10,3,7,0.1191,5.4258,5.1,0,0
20260905_佐賀_10,3,9,0.1147,12.1726,15.9,0,0
20260905_佐賀_10,5,7,0.0532,11.9063,4.7,1,470
20260905_佐賀_10,5,9,0.0512,27.3119,25.3,0,0
20260905_高知_02,2,4,0.3274,1.6434,1.7,0,0
20260905_高知_02,2,6,0.1423,5.6092,8.3,0,0
20260905_高知_02,1,2,0.103,5.2275,5.0,1,500
20260905_高知_02,2,7,0.0806,10.4933,12.0,0,0
20260905_高知_02,2,3,0.0642,12.3285,10.5,0,0
20260905_高知_03,6,9,0.2207,2.4145,3.5,0,0
20260905_高知_03,2,9,0.1405,4.4352,4.0,0,0
20260905_高知_03,7,9,0.1051,8.9644,7.8,1,780
20260905_高知_03,2,6,0.0757,8.8197,9.8,0,0
20260905_高知_03,9,10,0.0637,8.4937,11.8,0,0
20260905_高知_04,9,10,0.2409,2.8734,3.0,1,300
20260905_高知_04,8,9,0.165,3.6828,4.3,0,0
20260905_高知_04,6,9,0.087,5.5712,7.2,0,0
20260905_高知_04,3,9,0.0629,9.517,11.8,0,0
20260905_高知_04,2,9,0.0605,19.2352,17.9,0,0
20260905_高知_06,1,2,0.1794,3.9566,3.8,0,0
20260905_高知_06,2,6,0.1793,3.9179,3.3,1,330
20260905_高知_06,2,7,0.1362,5.2106,8.2,0,0
20260905_高知_06,2,4,0.1179,5.516,6.6,0,0
20260905_高知_06,2,5,0.1013,4.3888,6.0,0,0
20260905_高知_07,1,8,0.3393,1.3522,1.5,0,0
20260905_高知_07,1,9,0.1151,7.1453,11.2,0,0
20260905_高知_07,1,6,0.0756,11.5848,12.1,0,0
20260905_高知_07,8,9,0.0682,11.9056,20.4,0,0
20260905_高知_07,1,3,0.0632,8.576,10.1,0,0
20260906_佐賀_04,7,9,0.3745,1.1507,1.9,0,0
20260906_佐賀_04,9,12,0.0801,6.6703,7.5,0,0
20260906_佐賀_04,3,9,0.0743,13.5268,18.8,0,0
20260906_佐賀_04,5,9,0.0693,8.7777,8.2,0,0
20260906_佐賀_04,9,11,0.0632,9.3574,9.1,0,0
20260906_佐賀_06,6,7,0.1993,4.257,5.0,0,0
20260906_佐賀_06,6,10,0.1799,5.6986,4.8,0,0
20260906_佐賀_06,7,10,0.115,11.3943,11.6,0,0
20260906_佐賀_06,6,9,0.0697,5.6601,6.8,0,0
20260906_佐賀_06,7,9,0.0435,10.4174,10.5,0,0
20260906_佐賀_07,2,4,0.5414,0.7035,1.1,1,110
20260906_佐賀_07,1,2,0.1155,11.087,11.9,0,0
20260906_佐賀_07,2,6,0.1065,8.1079,12.1,0,0
20260906_佐賀_07,2,5,0.0854,14.076,16.7,0,0
20260906_佐賀_07,1,4,0.0359,18.1797,14.4,0,0
20260906_佐賀_09,2,3,0.2167,2.1984,3.1,0,0
20260906_佐賀_09,2,5,0.1821,4.6214,3.9,1,390
20260906_佐賀_09,2,10,0.0996,8.2625,5.6,0,0
20260906_佐賀_09,3,5,0.0611,8.4983,11.1,0,0
20260906_佐賀_09,2,4,0.0484,18.5533,21.5,0,0
20260906_水沢_03,5,7,0.1719,4.1092,5.1,0,0
20260906_水沢_03,5,8,0.1548,5.626,5.3,0,0
20260906_水沢_03,2,5,0.1516,3.4363,4.4,1,440
20260906_水沢_03,4,5,0.107,8.6637,5.1,0,0
20260906_水沢_03,5,6,0.0832,9.7157,12.8,0,0
20260906_水沢_08,3,4,0.2783,1.6781,2.4,0,0
20260906_水沢_08,3,8,0.1255,4.8259,6.8,0,0
20260906_水沢_08,4,8,0.1175,5.4184,6.1,1,610
20260906_水沢_08,3,7,0.0842,10.3662,8.8,0,0
20260906_水沢_08,4,7,0.0787,11.388,12.1,0,0
20260906_水沢_09,2,8,0.3539,1.7118,1.7,0,0
20260906_水沢_09,8,9,0.0875,9.0574,11.7,0,0
20260906_水沢_09,5,8,0.0708,13.0381,20.2,0,0
20260906_水沢_09,1,8,0.0657,10.094,16.1,0,0
20260906_水沢_09,2,9,0.0542,10.4146,18.3,0,0
20260906_金沢_02,6,7,0.25,3.0444,3.8,0,0
20260906_金沢_02,5,6,0.1653,3.3525,3.7,1,370
20260906_金沢_02,3,6,0.1209,6.185,7.5,0,0
20260906_金沢_02,5,7,0.105,6.2092,4.7,0,0
20260906_金沢_02,3,7,0.0761,11.2564,13.2,0,0
20260906_金沢_03,1,4,0.2333,4.9158,5.6,0,0
20260906_金沢_03,4,5,0.2267,1.3949,2.6,1,260
20260906_金沢_03,4,6,0.1946,4.9341,4.2,0,0
20260906_金沢_03,2,4,0.0882,5.4969,4.6,0,0
20260906_金沢_03,1,5,0.0444,25.0709,30.5,0,0
20260906_金沢_04,1,5,0.2465,1.8179,1.8,1,180
20260906_金沢_04,1,4,0.174,6.5366,7.1,0,0
20260906_金沢_04,1,2,0.1448,5.681,7.2,0,0
20260906_金沢_04,1,7,0.1047,4.5369,6.5,0,0
20260906_金沢_04,1,6,0.063,7.2147,11.4,0,0
20260906_金沢_05,2,8,0.2284,3.32,4.1,0,0
20260906_金沢_05,1,8,0.1884,3.5296,3.3,1,330
20260906_金沢_05,4,8,0.149,3.1764,3.3,0,0
20260906_金沢_05,5,8,0.1185,4.3597,6.3,0,0
20260906_金沢_05,1,2,0.0529,32.8079,33.9,0,0
20260906_金沢_07,3,4,0.1887,2.9167,3.0,0,0
20260906_金沢_07,4,6,0.1516,5.9204,5.0,0,0
20260906_金沢_07,1,4,0.1426,7.2333,6.0,0,0
20260906_金沢_07,2,4,0.1063,6.3201,7.5,0,0
20260906_金沢_07,4,8,0.0626,16.6834,16.5,0,0
20260906_金沢_08,4,8,0.3393,1.8224,2.2,1,220
20260906_金沢_08,8,9,0.1599,5.9442,6.3,0,0
20260906_金沢_08,4,9,0.0707,15.769,18.8,0,0
20260906_金沢_08,1,8,0.0599,6.8456,9.3,0,0
20260906_金沢_08,7,8,0.0555,12.7281,16.4,0,0
20260906_金沢_09,2,8,0.219,1.8711,2.7,0,0
20260906_金沢_09,3,8,0.1651,6.449,5.8,0,0
20260906_金沢_09,2,3,0.1187,8.1838,10.6,0,0
20260906_金沢_09,5,8,0.102,4.963,4.8,0,0
20260906_金沢_09,2,5,0.0727,6.1292,9.6,0,0
20260906_金沢_10,2,10,0.1843,3.77,4.7,0,0
20260906_金沢_10,6,10,0.1645,3.4992,4.0,0,0
20260906_金沢_10,9,10,0.1046,7.5513,7.3,0,0
20260906_金沢_10,2,6,0.0921,6.4498,9.6,0,0
20260906_金沢_10,7,10,0.0595,12.6412,15.8,0,0
20260906_金沢_11,4,5,0.212,4.3981,4.6,0,0
20260906_金沢_11,1,4,0.1597,2.6991,4.5,0,0
20260906_金沢_11,4,11,0.149,4.7125,4.9,0,0
20260906_金沢_11,2,4,0.1145,7.8727,9.4,0,0
20260906_金沢_11,4,9,0.0686,8.3232,9.0,0,0
20260906_高知_01,3,5,0.3427,1.7337,2.0,0,0
20260906_高知_01,4,5,0.1139,7.4029,10.8,0,0
20260906_高知_01,1,5,0.0972,6.3943,9.2,0,0
20260906_高知_01,3,4,0.0946,5.972,5.5,0,0
20260906_高知_01,5,6,0.091,9.299,12.6,0,0
20260906_高知_02,2,4,0.2104,2.4125,3.9,0,0
20260906_高知_02,4,6,0.1821,2.8526,3.9,0,0
20260906_高知_02,4,5,0.159,2.5784,2.8,1,280
20260906_高知_02,1,4,0.1148,11.9855,9.4,0,0
20260906_高知_02,4,9,0.0894,15.6535,11.3,0,0
20260906_高知_03,5,9,0.3768,0.682,1.3,1,130
20260906_高知_03,7,9,0.1846,9.2956,7.3,0,0
20260906_高知_03,2,9,0.078,20.8275,24.0,0,0
20260906_高知_03,6,9,0.0701,21.7201,26.6,0,0
20260906_高知_03,5,7,0.053,11.0817,14.9,0,0
20260906_高知_05,1,2,0.1747,3.8099,3.4,0,0
20260906_高知_05,1,6,0.1629,4.7943,7.2,1,720
20260906_高知_05,1,3,0.108,7.1701,7.0,0,0
20260906_高知_05,2,6,0.1057,4.2498,5.4,0,0
20260906_高知_05,1,8,0.0773,16.4616,16.4,0,0
20260906_高知_06,3,9,0.3,1.3467,2.0,1,200
20260906_高知_06,6,9,0.1532,3.9774,4.6,0,0
20260906_高知_06,7,9,0.106,13.3326,11.0,0,0
20260906_高知_06,5,9,0.0669,13.2512,12.6,0,0
20260906_高知_06,3,6,0.045,9.8719,12.7,0,0
20260906_高知_08,4,7,0.2181,2.101,2.6,1,260
20260906_高知_08,4,6,0.1539,4.0191,4.2,0,0
20260906_高知_08,4,5,0.129,7.5781,9.3,0,0
20260906_高知_08,2,4,0.1125,5.3761,5.7,0,0
20260906_高知_08,4,9,0.0852,8.9116,11.5,0,0
20260906_高知_10,4,11,0.1766,3.2968,4.4,0,0
20260906_高知_10,10,11,0.17,3.0221,4.2,1,420
20260906_高知_10,6,11,0.1082,8.0304,5.2,0,0
20260906_高知_10,9,11,0.0928,9.3935,10.0,0,0
20260906_高知_10,7,11,0.068,7.7433,9.6,0,0
20260906_高知_11,3,5,0.3151,1.5523,2.1,0,0
20260906_高知_11,3,4,0.1449,3.9146,5.0,0,0
20260906_高知_11,3,8,0.1147,5.0661,5.9,1,590
20260906_高知_11,3,7,0.0653,12.6297,13.5,0,0
20260906_高知_11,4,5,0.0606,16.8426,19.4,0,0
20260907_名古屋_01,5,8,0.2674,2.2905,2.6,0,0
20260907_名古屋_01,5,7,0.232,3.2352,3.1,0,0
20260907_名古屋_01,7,8,0.1584,4.3625,5.0,1,500
20260907_名古屋_01,2,5,0.0621,9.6126,13.1,0,0
20260907_名古屋_01,2,8,0.0412,13.6079,17.7,0,0
20260907_名古屋_02,5,6,0.4262,1.2453,1.3,0,0
20260907_名古屋_02,6,8,0.1198,7.339,9.0,0,0
20260907_名古屋_02,1,6,0.0713,9.7561,15.6,0,0
20260907_名古屋_02,2,6,0.0683,10.2276,13.3,0,0
20260907_名古屋_02,5,8,0.0604,23.0287,33.0,0,0
20260907_名古屋_04,1,5,0.2714,2.102,2.4,1,240
20260907_名古屋_04,4,5,0.2189,4.0569,3.7,0,0
20260907_名古屋_04,5,9,0.142,4.7252,7.0,0,0
20260907_名古屋_04,2,5,0.0558,9.5793,10.7,0,0
20260907_名古屋_04,1,4,0.049,15.4319,22.3,0,0
20260907_名古屋_05,2,10,0.28,1.7699,2.6,0,0
20260907_名古屋_05,5,10,0.1178,5.2414,5.9,0,0
20260907_名古屋_05,6,10,0.0793,18.4207,20.0,0,0
20260907_名古屋_05,8,10,0.0776,9.5692,12.5,1,1250
20260907_名古屋_05,2,5,0.0717,9.1458,10.4,0,0
20260907_名古屋_06,7,9,0.1818,5.6771,3.9,0,0
20260907_名古屋_06,2,7,0.1662,5.3881,6.2,0,0
20260907_名古屋_06,2,9,0.1396,4.0644,2.8,0,0
20260907_名古屋_06,3,7,0.0826,11.8825,15.6,0,0
20260907_名古屋_06,3,9,0.069,9.2488,11.8,1,1180
20260907_名古屋_09,5,9,0.1896,3.5372,4.9,0,0
20260907_名古屋_09,2,9,0.1682,2.068,3.5,0,0
20260907_名古屋_09,8,9,0.1182,7.7478,6.9,0,0
20260907_名古屋_09,7,9,0.0715,10.7317,12.9,0,0
20260907_名古屋_09,2,5,0.0655,9.1149,9.8,0,0
20260907_川崎_02,1,5,0.2858,1.8009,1.9,0,0
20260907_川崎_02,2,5,0.2173,2.9638,5.0,0,0
20260907_川崎_02,5,6,0.1787,4.1063,5.6,0,0
20260907_川崎_02,1,2,0.077,8.4157,5.9,1,590
20260907_川崎_02,1,6,0.0626,12.0717,16.3,0,0
20260907_川崎_03,2,9,0.25,2.3149,2.8,1,280
20260907_川崎_03,2,5,0.1754,4.4095,2.9,0,0
20260907_川崎_03,1,2,0.1377,3.8683,5.3,0,0
20260907_川崎_03,2,3,0.0925,7.6907,10.0,0,0
20260907_川崎_03,2,4,0.0721,10.9409,13.1,0,0
20260907_川崎_04,2,3,0.355,1.781,2.1,1,210
20260907_川崎_04,3,5,0.1883,3.8171,3.5,0,0
20260907_川崎_04,3,6,0.1757,3.5644,5.1,0,0
20260907_川崎_04,2,5,0.0824,11.3282,15.1,0,0
20260907_川崎_04,2,6,0.0767,9.6101,9.5,0,0
20260907_川崎_07,6,10,0.206,2.7073,2.5,1,250
20260907_川崎_07,4,10,0.2009,3.7513,4.5,0,0
20260907_川崎_07,10,11,0.1152,5.4353,7.2,0,0
20260907_川崎_07,5,10,0.0602,14.5325,11.3,0,0
20260907_川崎_07,7,10,0.0552,13.1221,17.9,0,0
20260907_川崎_08,1,6,0.2503,3.9242,4.1,0,0
20260907_川崎_08,3,6,0.1508,3.1572,3.9,1,390
20260907_川崎_08,5,6,0.1446,5.6222,5.5,0,0
20260907_川崎_08,1,3,0.0896,6.2316,6.7,0,0
20260907_川崎_08,1,5,0.0858,8.3053,8.5,0,0
20260907_水沢_01,6,10,0.2186,2.4749,2.0,1,200
20260907_水沢_01,5,6,0.1205,4.2074,6.3,0,0
20260907_水沢_01,3,6,0.1021,6.095,7.5,0,0
20260907_水沢_01,6,9,0.0949,10.7286,14.9,0,0
20260907_水沢_01,2,6,0.0872,6.5466,8.3,0,0
20260907_水沢_02,2,8,0.231,2.285,3.4,0,0
20260907_水沢_02,2,3,0.1444,3.5828,4.6,0,0
20260907_水沢_02,2,10,0.1393,4.5302,4.9,0,0
20260907_水沢_02,2,9,0.0816,8.8563,8.1,0,0
20260907_水沢_02,2,5,0.0668,13.8479,7.8,1,410
20260907_水沢_06,5,7,0.2813,1.7199,2.2,0,0
20260907_水沢_06,5,8,0.1982,4.0965,3.8,0,0
20260907_水沢_06,3,5,0.1681,3.7122,4.7,0,0
20260907_水沢_06,7,8,0.0601,30.1796,16.3,0,0
20260907_水沢_06,3,7,0.0503,31.0149,18.1,0,0
20260907_水沢_07,4,7,0.2478,2.3877,2.7,0,0
20260907_水沢_07,3,4,0.1247,7.2234,8.7,0,0
20260907_水沢_07,3,7,0.1088,9.7523,13.4,0,0
20260907_水沢_07,1,4,0.0928,6.6365,6.5,0,0
20260907_水沢_07,1,7,0.0808,9.1941,12.8,0,0
20260907_水沢_08,2,3,0.1816,3.0569,4.0,0,0
20260907_水沢_08,2,4,0.1436,6.1834,6.5,0,0
20260907_水沢_08,2,8,0.1194,7.5447,8.7,0,0
20260907_水沢_08,2,7,0.1089,5.4817,6.8,0,0
20260907_水沢_08,2,5,0.1065,5.5302,4.6,0,0
20260907_水沢_09,1,8,0.2694,1.6573,2.3,1,230
20260907_水沢_09,3,8,0.1447,3.9807,4.1,0,0
20260907_水沢_09,6,8,0.1234,10.4537,11.6,0,0
20260907_水沢_09,2,8,0.0871,7.8928,6.2,0,0
20260907_水沢_09,5,8,0.0805,9.546,11.5,0,0
20260908_川崎_01,2,3,0.2799,1.4862,2.6,0,0
20260908_川崎_01,2,5,0.1546,3.3395,4.3,0,0
20260908_川崎_01,2,8,0.1058,6.7628,9.5,0,0
20260908_川崎_01,3,5,0.0733,10.454,7.0,0,0
20260908_川崎_01,1,2,0.0508,31.7292,33.6,0,0
20260908_水沢_05,3,7,0.2311,4.049,3.7,0,0
20260908_水沢_05,7,8,0.1763,2.6979,2.8,1,280
20260908_水沢_05,5,7,0.1461,3.9425,5.3,0,0
20260908_水沢_05,3,8,0.0786,11.3449,13.6,0,0
20260908_水沢_05,3,5,0.0646,13.0996,14.4,0,0
20260908_水沢_07,1,7,0.3942,0.9756,1.6,0,0
20260908_水沢_07,1,2,0.0881,7.2242,7.0,0,0
20260908_水沢_07,2,7,0.0794,12.2092,8.0,0,0
20260908_水沢_07,1,9,0.0702,16.6926,24.2,0,0
20260908_水沢_07,7,9,0.0632,24.9775,27.5,0,0
20260908_水沢_08,3,8,0.2141,3.5571,4.1,0,0
20260908_水沢_08,1,8,0.157,3.8816,4.3,0,0
20260908_水沢_08,7,8,0.0842,12.1824,11.5,1,1150
20260908_水沢_08,4,8,0.0799,11.6197,12.6,0,0
20260908_水沢_08,2,8,0.0769,13.6777,8.4,0,0
20260908_水沢_10,2,6,0.2195,4.7821,5.1,0,0
20260908_水沢_10,2,5,0.1484,6.0877,6.5,1,650
20260908_水沢_10,2,7,0.0988,10.2405,10.4,0,0
20260908_水沢_10,5,6,0.0945,7.6743,10.1,0,0
20260908_水沢_10,6,7,0.0623,13.4697,16.2,0,0
20260908_笠松_01,2,9,0.3173,1.1831,2.5,1,250
20260908_笠松_01,4,9,0.1797,4.3735,4.8,0,0
20260908_笠松_01,3,9,0.0982,13.2514,3.2,0,0
20260908_笠松_01,1,9,0.0809,13.0006,8.5,0,0
20260908_笠松_01,6,9,0.0651,31.0934,23.4,0,0
20260908_笠松_02,3,7,0.2797,1.8178,2.6,0,0
20260908_笠松_02,1,3,0.1891,2.1697,3.8,0,0
20260908_笠松_02,3,6,0.1271,3.3113,4.0,0,0
20260908_笠松_02,3,5,0.0853,10.0868,10.2,1,1020
20260908_笠松_02,2,3,0.0692,17.6205,8.4,0,0
20260908_笠松_03,2,4,0.2931,2.6376,2.6,1,260
20260908_笠松_03,4,7,0.2426,1.3313,2.2,0,0
20260908_笠松_03,2,7,0.1258,6.8949,7.8,0,0
20260908_笠松_03,4,5,0.0716,8.0064,11.9,0,0
20260908_笠松_03,4,8,0.0417,22.658,31.2,0,0
20260908_笠松_05,5,7,0.3677,1.6745,1.7,0,0
20260908_笠松_05,4,7,0.0966,5.5053,9.1,0,0
20260908_笠松_05,2,7,0.0955,5.1192,7.6,0,0
20260908_笠松_05,6,7,0.0644,7.771,11.8,0,0
20260908_笠松_05,4,5,0.0613,13.8714,11.4,0,0
20260908_笠松_06,5,8,0.4017,1.7004,2.4,0,0
20260908_笠松_06,7,8,0.0969,5.9522,6.5,0,0
20260908_笠松_06,2,8,0.0939,12.6202,12.3,0,0
20260908_笠松_06,5,7,0.0806,10.2218,7.1,1,710
20260908_笠松_06,2,5,0.0781,13.2829,7.9,0,0
20260908_金沢_01,1,6,0.2331,3.5251,4.4,0,0
20260908_金沢_01,6,9,0.1694,4.2568,3.1,0,0
20260908_金沢_01,1,9,0.1382,6.1521,9.6,0,0
20260908_金沢_01,3,6,0.0669,16.318,19.0,0,0
20260908_金沢_01,1,3,0.054,28.1003,28.6,0,0
20260908_金沢_04,2,3,0.2376,2.1052,1.9,0,0
20260908_金沢_04,2,8,0.2336,4.0267,6.3,0,0
20260908_金沢_04,2,9,0.1183,10.2191,12.0,0,0
20260908_金沢_04,3,8,0.0619,7.8165,8.8,0,0
20260908_金沢_04,2,5,0.0481,16.764,24.6,0,0
20260908_金沢_05,6,9,0.1807,3.3129,3.6,0,0
20260908_金沢_05,2,9,0.179,4.1511,4.1,0,0
20260908_金沢_05,8,9,0.1254,7.0605,10.1,0,0
20260908_金沢_05,7,9,0.0618,17.4151,10.1,0,0
20260908_金沢_05,4,9,0.0558,9.348,15.2,0,0
20260908_金沢_08,7,8,0.432,2.2921,2.6,0,0
20260908_金沢_08,3,8,0.1003,3.2892,3.0,1,300
20260908_金沢_08,4,8,0.0927,4.4874,5.5,0,0
20260908_金沢_08,3,7,0.0622,35.4493,43.7,0,0
20260908_金沢_08,4,7,0.0574,38.2942,58.6,0,0
20260908_金沢_09,1,6,0.284,1.6774,3.3,0,0
20260908_金沢_09,4,6,0.1615,11.8567,6.2,0,0
20260908_金沢_09,3,6,0.1353,5.2226,4.4,0,0
20260908_金沢_09,6,7,0.0681,10.1365,11.5,0,0
20260908_金沢_09,1,4,0.0589,20.99,19.0,0,0
20260908_金沢_12,2,3,0.2702,2.0121,1.9,0,0
20260908_金沢_12,1,3,0.1913,5.9423,6.4,1,640
20260908_金沢_12,3,7,0.1605,5.4691,6.2,0,0
20260908_金沢_12,3,5,0.0683,14.7603,20.9,0,0
20260908_金沢_12,1,2,0.0617,7.3855,10.0,0,0
20260908_門別_04,8,11,0.1933,3.3379,3.4,0,0
20260908_門別_04,4,11,0.1591,3.7445,4.9,0,0
20260908_門別_04,9,11,0.1502,5.6878,4.4,0,0
20260908_門別_04,6,11,0.0838,7.0704,6.3,1,630
20260908_門別_04,4,8,0.0481,13.5722,15.7,0,0
20260908_門別_05,8,10,0.2814,3.212,2.6,0,0
20260908_門別_05,7,8,0.1383,4.5774,5.3,0,0
20260908_門別_05,7,10,0.1337,4.8223,3.9,0,0
20260908_門別_05,2,8,0.0588,11.0003,16.6,1,1660
20260908_門別_05,2,10,0.0567,11.6808,13.7,0,0
20260908_門別_06,4,8,0.236,2.4404,2.3,0,0
20260908_門別_06,1,8,0.1641,5.1202,4.6,0,0
20260908_門別_06,8,10,0.1249,5.4448,6.0,1,600
20260908_門別_06,8,9,0.1026,13.1122,12.0,0,0
20260908_門別_06,8,12,0.0873,5.714,8.3,0,0
20260908_門別_07,2,10,0.2918,1.293,1.6,1,160
20260908_門別_07,1,10,0.1341,8.2466,9.5,0,0
20260908_門別_07,1,2,0.0965,10.2391,9.8,0,0
20260908_門別_07,7,10,0.0548,15.0363,25.3,0,0
20260908_門別_07,10,12,0.0545,13.5793,15.7,0,0
20260908_門別_08,3,5,0.2392,3.2367,3.2,0,0
20260908_門別_08,5,6,0.2049,3.8679,4.3,0,0
20260908_門別_08,5,7,0.1036,4.6622,5.2,0,0
20260908_門別_08,5,10,0.0742,16.2626,17.6,0,0
20260908_門別_08,2,5,0.0516,13.8663,12.7,1,1270
20260908_門別_10,2,3,0.2138,2.6349,3.7,0,0
20260908_門別_10,3,12,0.1736,5.223,6.2,0,0
20260908_門別_10,3,9,0.1419,5.2638,6.5,0,0
20260908_門別_10,3,4,0.0951,6.4011,8.3,0,0
20260908_門別_10,3,6,0.075,14.6719,9.7,0,0
20260908_門別_12,5,10,0.2533,1.2212,2.0,0,0
20260908_門別_12,8,10,0.1539,5.7944,4.0,0,0
20260908_門別_12,6,10,0.0904,7.9351,11.3,0,0
20260908_門別_12,5,8,0.0808,15.5769,18.7,0,0
20260908_門別_12,2,10,0.0513,16.5672,19.6,0,0
20260909_園田_01,5,7,0.2487,2.1233,2.5,0,0
20260909_園田_01,7,9,0.1831,3.1278,4.2,0,0
20260909_園田_01,7,8,0.0962,7.9897,8.9,0,0
20260909_園田_01,5,9,0.0734,9.6236,10.5,1,1050
20260909_園田_01,7,10,0.052,17.9365,20.8,0,0
20260909_園田_02,1,2,0.482,1.0163,1.4,1,140
20260909_園田_02,1,6,0.2101,3.0725,5.5,0,0
20260909_園田_02,1,3,0.0888,16.041,12.9,0,0
20260909_園田_02,2,6,0.0721,5.0451,9.7,0,0
20260909_園田_02,1,5,0.0442,15.4488,24.0,0,0
20260909_園田_03,1,5,0.2994,2.7435,4.1,0,0
20260909_園田_03,3,5,0.1444,4.4251,5.0,1,500
20260909_園田_03,5,8,0.0804,8.9125,10.5,0,0
20260909_園田_03,5,9,0.076,8.1405,10.2,0,0
20260909_園田_03,4,5,0.0735,12.6661,4.8,0,0
20260909_園田_04,3,9,0.2112,2.2162,4.1,0,0
20260909_園田_04,3,7,0.1894,2.4165,2.5,0,0
20260909_園田_04,1,3,0.1268,6.9206,9.6,0,0
20260909_園田_04,3,8,0.0822,7.6032,10.3,0,0
20260909_園田_04,7,9,0.0689,9.4885,9.1,0,0
20260909_園田_10,4,10,0.2047,4.7164,4.9,0,0
20260909_園田_10,4,5,0.1938,6.7947,5.1,0,0
20260909_園田_10,4,11,0.1341,6.8328,6.9,0,0
20260909_園田_10,5,10,0.0602,8.0984,8.2,0,0
20260909_園田_10,3,4,0.0444,22.9401,27.1,0,0
20260909_川崎_02,7,8,0.2583,1.9195,2.9,0,0
20260909_川崎_02,4,7,0.1808,4.1684,5.4,0,0
20260909_川崎_02,4,8,0.0953,8.1521,11.0,0,0
20260909_川崎_02,1,7,0.0756,8.7725,7.0,1,700
20260909_川崎_02,3,7,0.0755,9.0522,11.2,0,0
20260909_川崎_05,9,11,0.3167,1.2261,2.8,0,0
20260909_川崎_05,6,11,0.1238,6.3851,3.3,0,0
20260909_川崎_05,11,12,0.0883,8.6978,4.5,1,450
20260909_川崎_05,4,11,0.0827,9.9295,13.3,0,0
20260909_川崎_05,7,11,0.0651,11.3897,13.0,0,0
20260909_笠松_01,2,8,0.2146,2.4273,3.4,0,0
20260909_笠松_01,2,5,0.1438,4.8958,5.8,0,0
20260909_笠松_01,5,8,0.1075,9.9443,12.4,1,1240
20260909_笠松_01,2,6,0.0828,11.0262,11.3,0,0
20260909_笠松_01,1,2,0.0637,8.7956,9.8,0,0
20260909_笠松_02,7,9,0.1993,4.7136,3.0,0,0
20260909_笠松_02,6,9,0.1894,2.9862,3.3,0,0
20260909_笠松_02,4,9,0.1307,6.6024,6.6,0,0
20260909_笠松_02,6,7,0.107,5.2702,8.4,1,840
20260909_笠松_02,4,7,0.0729,11.9402,13.5,0,0
20260909_笠松_03,6,7,0.2316,2.7858,3.2,1,320
20260909_笠松_03,2,7,0.1854,5.9896,6.4,0,0
20260909_笠松_03,2,6,0.1144,6.3682,8.0,0,0
20260909_笠松_03,7,8,0.0749,11.1746,10.2,0,0
20260909_笠松_03,5,7,0.0521,15.7348,16.3,0,0
20260909_笠松_04,3,7,0.2842,3.7234,5.9,1,590
20260909_笠松_04,1,3,0.1853,2.6604,4.5,0,0
20260909_笠松_04,1,7,0.1825,2.8052,2.5,0,0
20260909_笠松_04,3,6,0.0618,15.7683,24.4,0,0
20260909_笠松_04,6,7,0.0608,15.1871,6.9,0,0
20260909_笠松_05,1,7,0.239,4.132,5.4,0,0
20260909_笠松_05,2,7,0.1514,3.7871,4.8,0,0
20260909_笠松_05,3,7,0.1176,5.2579,5.5,0,0
20260909_笠松_05,4,7,0.0954,8.486,4.8,0,0
20260909_笠松_05,7,10,0.0922,6.5495,8.3,1,830
20260909_門別_02,2,4,0.4799,0.9357,1.4,0,0
20260909_門別_02,2,9,0.0963,9.5682,15.3,0,0
20260909_門別_02,2,6,0.069,12.0781,14.3,0,0
20260909_門別_02,4,9,0.0643,8.5648,7.4,1,740
20260909_門別_02,4,6,0.0458,11.4334,17.2,0,0
20260909_門別_06,3,11,0.2559,2.1722,2.0,1,200
20260909_門別_06,3,5,0.1552,3.5617,4.6,0,0
20260909_門別_06,3,4,0.095,7.7396,8.8,0,0
20260909_門別_06,3,10,0.0807,16.3464,19.8,0,0
20260909_門別_06,5,11,0.0739,6.4271,9.2,0,0
20260909_門別_10,6,11,0.2621,2.1451,2.4,0,0
20260909_門別_10,3,6,0.1894,2.6558,3.8,0,0
20260909_門別_10,2,6,0.0633,9.5125,14.0,0,0
20260909_門別_10,6,7,0.0598,10.2825,7.0,0,0
20260909_門別_10,6,8,0.058,11.1253,12.5,0,0
20260909_門別_12,3,5,0.555,0.6882,1.0,1,100
20260909_門別_12,1,3,0.1814,4.4944,8.7,0,0
20260909_門別_12,1,5,0.1084,6.555,10.3,0,0
20260909_門別_12,2,3,0.0662,11.2478,17.9,0,0
20260909_門別_12,2,5,0.0385,16.8689,31.5,0,0
20260910_園田_01,5,8,0.2703,3.9187,3.7,0,0
20260910_園田_01,8,10,0.1527,5.1101,6.9,0,0
20260910_園田_01,1,8,0.1427,8.8307,6.9,0,0
20260910_園田_01,5,10,0.071,3.6978,5.1,0,0
20260910_園田_01,1,5,0.0662,7.9385,8.0,1,800
20260910_園田_03,3,7,0.2919,1.7902,2.2,0,0
20260910_園田_03,3,4,0.2269,2.5845,3.4,0,0
20260910_園田_03,4,7,0.1908,4.9847,6.0,1,600
20260910_園田_03,2,3,0.0467,10.2589,12.8,0,0
20260910_園田_03,2,7,0.0387,16.9299,20.9,0,0
20260910_園田_07,1,5,0.1868,4.2494,5.3,0,0
20260910_園田_07,4,5,0.1798,4.9838,6.8,0,0
20260910_園田_07,2,5,0.1781,3.0691,4.5,0,0
20260910_園田_07,5,6,0.1195,6.4832,6.0,0,0
20260910_園田_07,5,8,0.1177,6.7357,6.4,0,0
20260910_園田_08,3,6,0.2325,4.5323,4.2,0,0
20260910_園田_08,3,8,0.2182,1.9977,2.8,1,280
20260910_園田_08,6,8,0.1394,5.4721,4.5,0,0
20260910_園田_08,1,3,0.0597,8.5422,11.3,0,0
20260910_園田_08,2,3,0.0489,20.8409,34.2,0,0
20260910_園田_09,4,8,0.2589,2.1152,2.7,0,0
20260910_園田_09,1,8,0.1046,6.3405,6.6,0,0
20260910_園田_09,3,8,0.1039,5.6845,7.2,0,0
20260910_園田_09,1,4,0.0728,12.2024,8.7,0,0
20260910_園田_09,3,4,0.0724,11.0307,11.5,0,0
20260910_園田_11,1,2,0.2177,3.2766,2.7,0,0
20260910_園田_11,1,5,0.1921,3.3686,4.1,0,0
20260910_園田_11,2,5,0.1266,4.5871,4.9,1,490
20260910_園田_11,1,7,0.0596,12.498,14.1,0,0
20260910_園田_11,1,8,0.0465,18.1778,29.3,0,0
20260910_川崎_03,1,8,0.1649,4.5171,7.5,0,0
20260910_川崎_03,5,8,0.1397,5.9238,3.1,1,310
20260910_川崎_03,7,8,0.1116,7.5058,6.1,0,0
20260910_川崎_03,8,11,0.1025,5.7755,7.3,0,0
20260910_川崎_03,8,12,0.0892,7.6027,12.6,0,0
20260910_川崎_04,8,10,0.3039,1.8299,2.2,0,0
20260910_川崎_04,8,9,0.1534,3.6435,3.4,0,0
20260910_川崎_04,9,10,0.1037,8.5972,9.1,0,0
20260910_川崎_04,1,8,0.0648,8.6999,12.6,1,1260
20260910_川崎_04,7,8,0.0477,15.5204,20.5,0,0
20260910_笠松_01,4,8,0.1684,4.2224,4.4,0,0
20260910_笠松_01,7,8,0.167,4.8331,5.0,1,500
20260910_笠松_01,4,7,0.1145,9.5749,7.4,0,0
20260910_笠松_01,2,8,0.0813,5.1754,7.9,0,0
20260910_笠松_01,3,8,0.0807,8.1768,13.2,0,0
20260910_笠松_02,3,6,0.5122,1.0375,1.5,0,0
20260910_笠松_02,2,3,0.147,4.8016,5.5,0,0
20260910_笠松_02,1,3,0.1009,10.1328,10.6,0,0
20260910_笠松_02,3,4,0.0693,11.5986,12.4,0,0
20260910_笠松_02,2,6,0.0467,8.694,13.0,0,0
20260910_笠松_03,5,7,0.3459,1.2466,1.5,1,150
20260910_笠松_03,1,7,0.2858,3.4388,4.3,0,0
20260910_笠松_03,1,5,0.1451,4.1602,5.3,0,0
20260910_笠松_03,4,7,0.0739,10.4448,15.2,0,0
20260910_笠松_03,4,5,0.0356,12.1399,14.8,0,0
20260910_笠松_04,2,5,0.3828,1.3084,1.7,1,170
20260910_笠松_04,2,4,0.1336,6.2816,7.4,0,0
20260910_笠松_04,2,6,0.1282,5.3007,5.8,0,0
20260910_笠松_04,4,5,0.0647,10.2514,14.3,0,0
20260910_笠松_04,5,6,0.062,8.1976,9.9,0,0
20260910_笠松_05,4,7,0.2791,1.7962,2.3,0,0
20260910_笠松_05,5,7,0.1369,4.5969,6.0,0,0
20260910_笠松_05,2,7,0.1151,5.3935,5.6,0,0
20260910_笠松_05,7,8,0.0837,11.3735,7.4,1,740
20260910_笠松_05,6,7,0.0685,9.9162,13.9,0,0
20260910_笠松_06,1,5,0.322,2.0157,2.9,0,0
20260910_笠松_06,5,7,0.1221,4.9019,4.4,1,440
20260910_笠松_06,2,5,0.0996,5.6605,8.2,0,0
20260910_笠松_06,5,6,0.0832,5.2855,8.2,0,0
20260910_笠松_06,4,5,0.072,11.9717,17.8,0,0
20260910_笠松_08,5,6,0.2398,4.7206,3.2,0,0
20260910_笠松_08,5,7,0.1876,3.3136,4.2,0,0
20260910_笠松_08,3,5,0.1298,5.6854,6.8,0,0
20260910_笠松_08,6,7,0.099,7.9822,12.5,1,1250
20260910_笠松_08,3,6,0.0675,9.3821,11.0,0,0
20260910_笠松_09,5,7,0.2076,4.6645,6.0,0,0
20260910_笠松_09,2,5,0.1497,5.9858,6.2,0,0
20260910_笠松_09,5,6,0.1389,4.1855,4.7,0,0
20260910_笠松_09,2,7,0.0898,9.1259,9.6,0,0
20260910_笠松_09,6,7,0.0831,6.1097,6.9,0,0
20260910_笠松_10,2,8,0.2311,3.3341,4.8,0,0
20260910_笠松_10,2,4,0.1628,2.8622,5.7,0,0
20260910_笠松_10,2,5,0.1137,6.5625,8.3,0,0
20260910_笠松_10,4,8,0.0816,10.5352,12.2,0,0
20260910_笠松_10,2,3,0.0754,7.1132,9.3,0,0
20260910_門別_01,2,3,0.2954,1.5714,1.8,1,180
20260910_門別_01,2,8,0.097,7.6049,8.1,0,0
20260910_門別_01,2,10,0.0876,7.0258,11.3,0,0
20260910_門別_01,3,8,0.0688,11.7776,14.0,0,0
20260910_門別_01,3,10,0.062,10.6969,17.9,0,0
20260910_門別_04,6,9,0.2153,2.4561,3.0,0,0
20260910_門別_04,7,9,0.2101,2.754,3.9,1,390
20260910_門別_04,5,9,0.1129,4.2941,6.6,0,0
20260910_門別_04,6,7,0.1021,13.1228,10.9,0,0
20260910_門別_04,5,6,0.0534,17.2748,19.1,0,0
20260910_門別_05,5,8,0.2984,2.2518,2.4,0,0
20260910_門別_05,2,8,0.282,4.6594,4.8,1,480
20260910_門別_05,2,5,0.1047,7.5773,10.4,0,0
20260910_門別_05,3,8,0.0949,4.6933,4.3,0,0
20260910_門別_05,4,8,0.0558,27.2275,36.5,0,0
20260910_門別_06,3,8,0.4204,1.136,1.7,1,170
20260910_門別_06,3,10,0.1183,12.0809,8.5,0,0
20260910_門別_06,3,7,0.0853,16.1205,11.7,0,0
20260910_門別_06,3,9,0.0614,15.2722,20.2,0,0
20260910_門別_06,8,10,0.058,9.836,11.9,0,0
20260910_門別_07,1,3,0.1693,4.8764,3.6,0,0
20260910_門別_07,1,6,0.1552,3.9376,4.9,0,0
20260910_門別_07,3,6,0.1125,4.6748,5.9,1,590
20260910_門別_07,1,5,0.1062,7.8638,7.8,0,0
20260910_門別_07,3,5,0.0764,8.6037,12.1,0,0
20260910_門別_09,2,6,0.2976,2.2035,3.6,0,0
20260910_門別_09,5,6,0.2502,3.0435,3.4,1,340
20260910_門別_09,1,6,0.1253,4.0628,5.8,0,0
20260910_門別_09,2,5,0.109,7.3327,7.5,0,0
20260910_門別_09,1,2,0.0527,9.1469,9.5,0,0
20260910_門別_11,4,6,0.521,0.966,1.4,0,0
20260910_門別_11,5,6,0.0973,6.0422,8.9,0,0
20260910_門別_11,1,6,0.0821,7.2258,9.3,0,0
20260910_門別_11,2,6,0.0579,11.0182,14.6,0,0
20260910_門別_11,3,6,0.052,13.412,13.7,0,0
20260911_園田_01,4,6,0.2704,1.8715,2.6,0,0
20260911_園田_01,1,6,0.188,2.2587,4.5,0,0
20260911_園田_01,6,8,0.143,4.6479,6.4,0,0
20260911_園田_01,1,4,0.0671,20.1087,15.5,0,0
20260911_園田_01,6,7,0.0513,9.1258,7.4,1,740
20260911_園田_02,3,5,0.2813,3.8758,4.5,0,0
20260911_園田_02,4,5,0.2277,2.7511,3.8,0,0
20260911_園田_02,5,7,0.1286,4.5976,4.2,0,0
20260911_園田_02,3,4,0.097,7.205,8.3,0,0
20260911_園田_02,2,5,0.0738,9.3385,16.2,0,0
20260911_園田_04,2,3,0.3409,1.2181,2.2,1,220
20260911_園田_04,1,3,0.2714,3.983,3.6,0,0
20260911_園田_04,3,7,0.0812,8.0517,9.8,0,0
20260911_園田_04,3,5,0.0776,6.1184,6.5,0,0
20260911_園田_04,1,2,0.0688,20.9753,19.3,0,0
20260911_園田_05,1,7,0.276,2.5932,2.9,0,0
20260911_園田_05,3,7,0.0967,6.962,9.3,0,0
20260911_園田_05,5,7,0.0949,4.6366,6.1,1,610
20260911_園田_05,1,3,0.0854,11.8524,13.9,0,0
20260911_園田_05,1,5,0.0838,8.997,11.1,0,0
20260911_園田_06,2,4,0.3707,1.191,2.2,0,0
20260911_園田_06,4,6,0.1207,4.4617,5.7,0,0
20260911_園田_06,4,7,0.1048,6.8992,4.6,0,0
20260911_園田_06,1,4,0.083,6.6484,7.5,1,750
20260911_園田_06,3,4,0.0754,9.8694,9.6,0,0
20260911_園田_07,5,7,0.4404,1.0636,1.8,0,0
20260911_園田_07,1,5,0.1093,9.579,8.2,0,0
20260911_園田_07,3,5,0.0933,11.9793,11.8,1,1180
20260911_園田_07,1,7,0.0687,9.7037,11.7,0,0
20260911_園田_07,3,7,0.0584,12.1937,20.2,0,0
20260911_園田_11,4,9,0.2587,1.4963,2.8,1,280
20260911_園田_11,6,9,0.1991,3.3891,3.7,0,0
20260911_園田_11,8,9,0.0807,9.6265,12.4,0,0
20260911_園田_11,3,9,0.0602,9.1809,14.2,0,0
20260911_園田_11,5,9,0.0568,14.8663,16.7,0,0
20260911_川崎_02,2,7,0.3555,1.2738,1.9,1,190
20260911_川崎_02,3,7,0.1485,4.8344,4.1,0,0
20260911_川崎_02,2,3,0.125,5.2733,5.7,0,0
20260911_川崎_02,7,8,0.0388,14.762,19.6,0,0
20260911_川崎_02,4,7,0.0341,30.2012,33.5,0,0
20260911_川崎_03,3,4,0.4406,1.5063,2.3,0,0
20260911_川崎_03,2,4,0.0935,8.2804,8.8,0,0
20260911_川崎_03,1,4,0.0854,9.2174,9.8,1,980
20260911_川崎_03,4,6,0.0847,7.8347,6.9,0,0
20260911_川崎_03,2,3,0.0797,6.2392,5.9,0,0
20260911_川崎_04,2,3,0.2009,4.4727,5.3,0,0
20260911_川崎_04,2,6,0.1802,3.5349,3.9,0,0
20260911_川崎_04,2,4,0.134,10.6212,10.2,0,0
20260911_川崎_04,2,7,0.0997,7.6592,8.9,0,0
20260911_川崎_04,3,6,0.0739,5.9814,6.6,0,0
20260911_川崎_07,5,7,0.3421,2.0082,2.9,0,0
20260911_川崎_07,2,5,0.1763,2.2576,2.9,0,0
20260911_川崎_07,2,7,0.1655,4.2125,5.6,0,0
20260911_川崎_07,1,5,0.0763,6.7167,6.1,0,0
20260911_川崎_07,1,7,0.0714,13.2813,16.7,0,0
20260911_笠松_01,5,7,0.2403,2.2583,3.1,0,0
20260911_笠松_01,3,7,0.2201,3.5661,5.5,0,0
20260911_笠松_01,3,5,0.1642,3.1649,3.1,1,310
20260911_笠松_01,1,7,0.0582,18.1536,25.1,0,0
20260911_笠松_01,1,5,0.0424,14.9148,14.1,0,0
20260911_笠松_02,2,7,0.4442,1.5003,2.1,0,0
20260911_笠松_02,5,7,0.1072,8.1194,9.9,1,990
20260911_笠松_02,2,5,0.0801,6.2136,6.8,0,0
20260911_笠松_02,3,7,0.0627,19.6277,16.0,0,0
20260911_笠松_02,1,7,0.0607,9.3299,12.9,0,0
20260911_笠松_05,8,9,0.2852,3.1565,4.2,0,0
20260911_笠松_05,1,9,0.1279,3.0303,4.3,0,0
20260911_笠松_05,1,8,0.0983,9.8199,9.0,1,900
20260911_笠松_05,7,9,0.0521,29.681,44.1,0,0
20260911_笠松_05,3,9,0.0477,10.0049,12.1,0,0
20260911_笠松_06,3,6,0.3309,1.6758,2.5,0,0
20260911_笠松_06,1,6,0.2709,2.8483,4.0,1,400
20260911_笠松_06,4,6,0.0778,8.2454,9.4,0,0
20260911_笠松_06,1,3,0.0754,8.3811,9.9,0,0
20260911_笠松_06,5,6,0.0724,12.0327,6.0,0,0
20260911_笠松_07,3,4,0.1913,3.692,4.3,1,430
20260911_笠松_07,3,6,0.1681,2.716,4.0,0,0
20260911_笠松_07,2,3,0.1471,6.2024,5.9,0,0
20260911_笠松_07,4,6,0.082,6.2895,8.0,0,0
20260911_笠松_07,3,7,0.0756,13.6502,16.8,0,0
20260911_笠松_08,3,5,0.2655,2.2832,3.3,0,0
20260911_笠松_08,5,8,0.2236,1.8543,3.1,1,310
20260911_笠松_08,5,6,0.1204,10.4419,4.5,0,0
20260911_笠松_08,1,5,0.0826,9.6135,8.4,0,0
20260911_笠松_08,4,5,0.0599,19.918,9.4,0,0
20260911_笠松_09,3,4,0.2562,1.8071,2.4,0,0
20260911_笠松_09,4,5,0.1352,6.5399,5.2,0,0
20260911_笠松_09,2,4,0.1347,5.2294,6.2,0,0
20260911_笠松_09,4,8,0.1076,4.7283,6.6,1,660
20260911_笠松_09,4,12,0.056,12.4544,9.3,0,0
20260911_笠松_10,4,5,0.2188,2.7285,4.7,0,0
20260911_笠松_10,1,5,0.1303,5.6657,5.5,0,0
20260911_笠松_10,2,5,0.1208,3.5626,5.5,0,0
20260911_笠松_10,1,4,0.0789,20.6788,22.3,0,0
20260911_笠松_10,2,4,0.073,13.3393,15.8,0,0
20260912_佐賀_01,5,7,0.163,4.394,3.4,0,0
20260912_佐賀_01,3,7,0.1549,4.2453,6.2,0,0
20260912_佐賀_01,4,7,0.1303,6.5047,6.1,0,0
20260912_佐賀_01,6,7,0.0936,9.6548,13.1,0,0
20260912_佐賀_01,3,5,0.0786,7.8553,12.4,0,0
20260912_佐賀_02,7,8,0.1904,4.018,6.3,0,0
20260912_佐賀_02,2,7,0.1696,5.5903,7.1,0,0
20260912_佐賀_02,4,7,0.1508,2.4597,3.8,0,0
20260912_佐賀_02,2,8,0.0848,16.9918,9.2,1,920
20260912_佐賀_02,4,8,0.075,8.6797,8.1,0,0
20260912_佐賀_03,6,9,0.3328,1.0348,1.6,1,160
20260912_佐賀_03,4,9,0.1416,5.428,7.6,0,0
20260912_佐賀_03,4,6,0.1344,5.9473,8.1,0,0
20260912_佐賀_03,1,9,0.0892,9.1595,6.7,0,0
20260912_佐賀_03,1,6,0.0845,9.9738,8.8,0,0
20260912_佐賀_04,2,6,0.2976,2.1807,2.2,1,220
20260912_佐賀_04,6,9,0.1124,4.0478,4.9,0,0
20260912_佐賀_04,2,9,0.0845,10.0221,10.7,0,0
20260912_佐賀_04,6,8,0.0787,7.8062,7.8,0,0
20260912_佐賀_04,1,6,0.0711,10.0653,10.1,0,0
20260912_佐賀_05,8,9,0.252,1.7129,2.7,0,0
20260912_佐賀_05,7,9,0.1694,3.0784,4.1,0,0
20260912_佐賀_05,2,9,0.1325,4.3493,4.5,1,450
20260912_佐賀_05,3,9,0.0669,10.6269,7.7,0,0
20260912_佐賀_05,4,9,0.0635,17.979,18.5,0,0
20260912_佐賀_06,2,11,0.2559,1.8122,1.7,1,170
20260912_佐賀_06,2,12,0.127,3.9412,6.2,0,0
20260912_佐賀_06,2,7,0.124,9.3712,9.5,0,0
20260912_佐賀_06,2,6,0.0925,5.8871,7.1,0,0
20260912_佐賀_06,11,12,0.0361,15.17,25.8,0,0
20260912_佐賀_08,4,8,0.1969,1.641,2.7,0,0
20260912_佐賀_08,8,11,0.1828,3.3734,4.3,0,0
20260912_佐賀_08,1,8,0.1203,4.8796,3.5,1,350
20260912_佐賀_08,8,10,0.0597,13.7333,12.2,0,0
20260912_佐賀_08,3,8,0.0542,22.9726,25.1,0,0
20260912_佐賀_09,3,7,0.2331,2.1783,3.4,0,0
20260912_佐賀_09,3,10,0.1592,7.8107,7.4,0,0
20260912_佐賀_09,3,5,0.1176,4.3977,5.1,0,0
20260912_佐賀_09,2,3,0.0766,11.3842,10.2,0,0
20260912_佐賀_09,3,11,0.0748,16.1847,6.4,1,640
20260912_高知_01,2,6,0.2391,1.784,2.4,0,0
20260912_高知_01,2,10,0.2145,2.598,4.1,1,410
20260912_高知_01,1,2,0.133,5.8193,7.9,0,0
20260912_高知_01,2,3,0.0764,8.9075,6.9,0,0
20260912_高知_01,2,5,0.054,13.1259,13.9,0,0
20260912_高知_04,5,7,0.2468,2.2336,2.8,0,0
20260912_高知_04,2,5,0.1771,4.4625,4.2,1,420
20260912_高知_04,4,5,0.1617,2.6744,3.3,0,0
20260912_高知_04,5,9,0.1582,5.4794,6.8,0,0
20260912_高知_04,3,5,0.0587,16.2256,17.7,0,0
20260912_高知_05,2,6,0.2511,1.7734,2.2,0,0
20260912_高知_05,2,7,0.2257,3.1225,3.7,0,0
20260912_高知_05,6,7,0.1177,7.1477,8.1,0,0
20260912_高知_05,2,4,0.0571,9.8316,11.9,1,1190
20260912_高知_05,2,10,0.051,19.4286,24.0,0,0
20260912_高知_07,8,9,0.363,1.1395,1.5,1,150
20260912_高知_07,7,8,0.0837,7.6441,9.0,0,0
20260912_高知_07,7,9,0.0701,14.0582,19.3,0,0
20260912_高知_07,2,8,0.0682,8.4216,10.6,0,0
20260912_高知_07,3,8,0.0679,9.5454,10.0,0,0
20260912_高知_09,4,9,0.2081,2.5668,3.9,0,0
20260912_高知_09,1,4,0.1527,5.663,4.0,0,0
20260912_高知_09,2,4,0.0991,5.9252,8.6,1,860
20260912_高知_09,4,8,0.0866,4.9338,7.1,0,0
20260912_高知_09,1,9,0.077,14.1129,10.8,0,0
20260913_水沢_02,2,7,0.27,1.9542,2.4,0,0
20260913_水沢_02,7,8,0.1921,3.4684,4.6,0,0
20260913_水沢_02,7,9,0.096,6.6268,8.9,0,0
20260913_水沢_02,1,7,0.0794,8.1936,8.3,0,0
20260913_水沢_02,6,7,0.0792,10.4208,14.3,0,0
20260913_水沢_04,7,9,0.2074,3.5372,4.8,0,0
20260913_水沢_04,5,7,0.1457,4.4847,4.1,1,410
20260913_水沢_04,4,7,0.1408,3.9524,4.3,0,0
20260913_水沢_04,6,7,0.1065,8.4101,5.9,0,0
20260913_水沢_04,5,9,0.0498,16.2881,22.0,0,0
20260913_水沢_05,5,8,0.2609,2.4894,3.2,0,0
20260913_水沢_05,5,7,0.1358,6.7085,6.5,0,0
20260913_水沢_05,5,9,0.0926,7.2119,5.7,0,0
20260913_水沢_05,5,12,0.0877,8.2807,7.5,0,0
20260913_水沢_05,7,8,0.0693,13.1854,12.2,0,0
20260913_水沢_12,2,5,0.2081,2.0511,3.0,0,0
20260913_水沢_12,5,6,0.1755,2.1646,2.5,1,250
20260913_水沢_12,4,5,0.1116,7.8959,10.1,0,0
20260913_水沢_12,1,5,0.1114,10.7486,10.8,0,0
20260913_水沢_12,5,8,0.0987,5.5454,7.1,0,0
20260913_金沢_01,6,8,0.3444,1.3077,1.5,0,0
20260913_金沢_01,8,10,0.1277,7.1433,9.2,0,0
20260913_金沢_01,2,8,0.1153,3.6246,4.6,0,0
20260913_金沢_01,8,9,0.0716,16.6927,23.4,0,0
20260913_金沢_01,4,8,0.0592,10.3013,14.2,0,0
20260913_金沢_02,6,10,0.3398,1.255,1.3,1,130
20260913_金沢_02,6,8,0.1468,3.9774,6.6,0,0
20260913_金沢_02,4,6,0.1254,7.813,11.0,0,0
20260913_金沢_02,8,10,0.0551,9.5167,13.8,0,0
20260913_金沢_02,4,10,0.0467,15.2177,18.3,0,0
20260913_金沢_03,2,3,0.2935,1.195,1.8,0,0
20260913_金沢_03,3,8,0.1738,3.5846,4.0,0,0
20260913_金沢_03,3,12,0.1285,7.6764,5.2,1,520
20260913_金沢_03,3,6,0.1189,7.8642,10.3,0,0
20260913_金沢_03,3,10,0.0329,33.657,41.6,0,0
20260913_金沢_05,6,7,0.1923,3.224,4.1,0,0
20260913_金沢_05,5,7,0.1833,3.2673,4.6,1,460
20260913_金沢_05,5,6,0.1072,7.3716,8.0,0,0
20260913_金沢_05,7,8,0.077,12.7249,9.6,0,0
20260913_金沢_05,2,7,0.0756,9.7544,11.5,0,0
20260913_金沢_07,6,7,0.2279,3.141,3.2,0,0
20260913_金沢_07,1,6,0.2124,5.4241,6.7,0,0
20260913_金沢_07,1,7,0.1202,5.2641,3.5,0,0
20260913_金沢_07,5,6,0.0498,22.8406,30.8,0,0
20260913_金沢_07,3,6,0.048,14.5285,21.2,0,0
20260913_金沢_08,3,5,0.3249,2.972,2.5,0,0
20260913_金沢_08,1,3,0.1596,7.1224,6.2,0,0
20260913_金沢_08,1,5,0.1092,6.5213,7.4,0,0
20260913_金沢_08,3,4,0.0774,11.1108,12.3,0,0
20260913_金沢_08,3,9,0.0639,11.0762,10.2,0,0
20260913_金沢_09,2,7,0.2534,3.5272,3.6,0,0
20260913_金沢_09,2,6,0.2135,1.0991,2.3,1,230
20260913_金沢_09,1,2,0.0818,14.8663,12.1,0,0
20260913_金沢_09,2,3,0.0797,10.7649,10.6,0,0
20260913_金沢_09,2,4,0.0727,19.5222,15.4,0,0
20260913_金沢_10,8,11,0.1983,2.9487,3.6,0,0
20260913_金沢_10,1,8,0.1608,4.0322,4.2,0,0
20260913_金沢_10,1,11,0.1392,5.689,8.2,0,0
20260913_金沢_10,7,8,0.0549,20.8063,13.6,0,0
20260913_金沢_10,7,11,0.0471,29.1433,18.4,0,0
20260913_金沢_11,3,6,0.5528,0.9776,1.6,0,0
20260913_金沢_11,3,5,0.1336,5.2929,8.4,1,840
20260913_金沢_11,2,3,0.0913,6.3041,6.9,0,0
20260913_金沢_11,3,4,0.0604,8.9045,4.6,0,0
20260913_金沢_11,5,6,0.0552,11.0078,16.5,0,0
20260913_高知_05,5,10,0.2341,1.484,2.2,0,0
20260913_高知_05,8,10,0.1477,4.9663,6.3,0,0
20260913_高知_05,4,10,0.1001,6.0816,5.6,0,0
20260913_高知_05,1,10,0.0882,6.7176,7.5,0,0
20260913_高知_05,5,8,0.0762,16.5854,15.0,0,0
20260913_高知_06,1,2,0.3086,1.6146,1.6,1,160
20260913_高知_06,2,5,0.2274,1.9419,2.8,0,0
20260913_高知_06,2,8,0.1472,5.3294,8.5,0,0
20260913_高知_06,2,4,0.0649,14.0899,21.8,0,0
20260913_高知_06,1,5,0.0556,12.1738,18.5,0,0
20260913_高知_07,6,12,0.2925,1.598,1.9,0,0
20260913_高知_07,7,12,0.1151,7.0073,9.0,0,0
20260913_高知_07,9,12,0.0994,9.2689,11.4,0,0
20260913_高知_07,10,12,0.0671,9.0067,7.6,1,760
20260913_高知_07,6,7,0.0479,14.4069,20.3,0,0
20260913_高知_08,2,3,0.1922,3.2343,5.2,0,0
20260913_高知_08,3,8,0.1902,2.5799,3.9,1,390
20260913_高知_08,2,8,0.1789,4.6804,6.4,0,0
20260913_高知_08,3,4,0.114,5.0595,3.3,0,0
20260913_高知_08,2,4,0.107,8.8312,8.3,0,0
20260913_高知_09,6,9,0.3095,1.4897,1.9,1,190
20260913_高知_09,2,6,0.141,4.972,6.3,0,0
20260913_高知_09,5,6,0.1061,6.4315,7.2,0,0
20260913_高知_09,3,6,0.0815,7.3031,7.8,0,0
20260913_高知_09,2,9,0.0605,13.0002,16.2,0,0
20260913_高知_11,2,7,0.3845,1.0324,1.6,0,0
20260913_高知_11,2,8,0.1454,6.5997,8.4,0,0
20260913_高知_11,2,4,0.0989,9.7243,14.2,1,1420
20260913_高知_11,2,6,0.0874,9.9925,4.7,0,0
20260913_高知_11,7,8,0.0572,10.1158,11.9,0,0
20260914_名古屋_01,2,4,0.2906,1.8785,2.2,1,220
20260914_名古屋_01,4,9,0.1385,4.0215,6.6,0,0
20260914_名古屋_01,2,9,0.0865,9.991,12.4,0,0
20260914_名古屋_01,4,6,0.0551,15.0091,23.3,0,0
20260914_名古屋_01,4,11,0.0515,26.0187,15.6,0,0
20260914_名古屋_04,6,9,0.2011,2.5461,4.6,0,0
20260914_名古屋_04,1,6,0.1851,3.3309,4.2,0,0
20260914_名古屋_04,6,8,0.1335,5.5437,7.1,0,0
20260914_名古屋_04,2,6,0.105,5.6613,8.4,0,0
20260914_名古屋_04,1,9,0.0623,14.0381,7.0,0,0
20260914_名古屋_10,8,9,0.2603,2.1137,3.2,0,0
20260914_名古屋_10,6,9,0.1182,6.4708,7.0,0,0
20260914_名古屋_10,6,8,0.0887,14.7685,17.0,0,0
20260914_名古屋_10,3,9,0.0766,5.627,7.5,0,0
20260914_名古屋_10,3,8,0.0571,10.537,15.0,0,0
20260914_名古屋_11,3,5,0.2123,1.7217,3.1,0,0
20260914_名古屋_11,5,10,0.1632,3.2548,4.3,1,430
20260914_名古屋_11,5,8,0.143,5.5849,6.8,0,0
20260914_名古屋_11,1,5,0.0869,9.1055,5.0,0,0
20260914_名古屋_11,4,5,0.0664,14.4578,9.5,0,0
20260914_大井_03,6,7,0.2469,2.1819,2.5,0,0
20260914_大井_03,6,10,0.1718,4.2131,3.9,1,390
20260914_大井_03,7,10,0.1434,5.317,7.2,0,0
20260914_大井_03,6,8,0.0511,11.5996,8.4,0,0
20260914_大井_03,7,8,0.0421,16.7262,23.2,0,0
20260914_大井_05,1,11,0.2638,1.826,2.4,0,0
20260914_大井_05,1,7,0.2593,2.6946,3.4,0,0
20260914_大井_05,7,11,0.1684,5.5614,4.3,0,0
20260914_大井_05,1,6,0.0441,18.7633,21.1,1,2110
20260914_大井_05,1,2,0.037,14.5803,15.0,0,0
20260914_大井_07,7,12,0.2161,3.3768,4.5,0,0
20260914_大井_07,11,12,0.1646,3.2641,4.1,0,0
20260914_大井_07,2,12,0.1211,4.5546,6.0,0,0
20260914_大井_07,7,11,0.0743,11.0889,14.6,0,0
20260914_大井_07,2,7,0.054,14.6354,9.8,0,0
20260914_水沢_01,5,10,0.2052,3.9491,5.0,0,0
20260914_水沢_01,5,9,0.1538,4.0543,6.6,0,0
20260914_水沢_01,9,10,0.095,7.4322,6.2,0,0
20260914_水沢_01,2,5,0.0805,7.7286,12.7,0,0
20260914_水沢_01,4,5,0.0684,9.6622,13.8,0,0
20260914_水沢_02,3,6,0.3422,1.5572,1.5,0,0
20260914_水沢_02,3,7,0.1176,4.1653,6.4,1,640
20260914_水沢_02,3,10,0.0937,6.059,9.6,0,0
20260914_水沢_02,2,3,0.0816,5.6159,8.6,0,0
20260914_水沢_02,3,9,0.0493,18.1537,25.8,0,0
20260914_水沢_03,1,7,0.1967,3.8881,4.0,1,400
20260914_水沢_03,1,2,0.1773,4.3799,4.7,0,0
20260914_水沢_03,1,3,0.1089,5.9937,7.4,0,0
20260914_水沢_03,1,8,0.083,10.4685,10.5,0,0
20260914_水沢_03,2,7,0.0658,8.9588,12.2,0,0
20260914_水沢_06,8,10,0.1758,4.0741,3.5,0,0
20260914_水沢_06,3,10,0.1598,4.3299,5.2,0,0
20260914_水沢_06,3,8,0.1552,2.5807,4.3,0,0
20260914_水沢_06,9,10,0.1132,8.0263,8.4,0,0
20260914_水沢_06,8,9,0.1098,6.7426,8.7,0,0
20260914_水沢_07,2,7,0.1934,4.1494,5.4,0,0
20260914_水沢_07,2,10,0.1189,3.7322,4.8,0,0
20260914_水沢_07,2,6,0.1178,7.4725,8.3,0,0
20260914_水沢_07,7,10,0.0952,10.2283,12.6,0,0
20260914_水沢_07,6,7,0.0943,21.1631,19.1,0,0
20260914_水沢_09,1,7,0.2532,2.974,3.6,0,0
20260914_水沢_09,1,3,0.2342,3.1629,2.9,0,0
20260914_水沢_09,1,5,0.0852,8.8109,10.4,0,0
20260914_水沢_09,1,9,0.0681,14.6144,21.6,0,0
20260914_水沢_09,3,7,0.0658,6.8402,12.4,0,0
20260914_水沢_10,5,7,0.2529,2.1776,3.3,1,330
20260914_水沢_10,5,9,0.1404,7.932,9.2,0,0
20260914_水沢_10,7,9,0.098,8.9941,12.8,0,0
20260914_水沢_10,5,6,0.0582,13.2879,10.8,0,0
20260914_水沢_10,2,5,0.0527,15.559,16.6,0,0
20260915_名古屋_05,2,7,0.2962,2.1212,2.5,1,250
20260915_名古屋_05,3,7,0.2563,2.7927,3.4,0,0
20260915_名古屋_05,5,7,0.1045,7.9038,6.1,0,0
20260915_名古屋_05,2,3,0.058,10.1115,11.6,0,0
20260915_名古屋_05,6,7,0.0569,13.8712,9.5,0,0
20260915_名古屋_06,3,6,0.3996,1.4588,2.2,1,220
20260915_名古屋_06,3,8,0.0864,8.8457,8.1,0,0
20260915_名古屋_06,6,8,0.0698,29.0241,40.9,0,0
20260915_名古屋_06,2,3,0.0615,9.7119,8.6,0,0
20260915_名古屋_06,1,3,0.0565,6.588,13.2,0,0
20260915_名古屋_07,1,4,0.331,1.2234,2.0,0,0
20260915_名古屋_07,4,10,0.1082,6.4469,8.3,0,0
20260915_名古屋_07,4,8,0.0734,9.515,9.5,0,0
20260915_名古屋_07,4,6,0.0701,8.848,8.6,0,0
20260915_名古屋_07,1,10,0.0569,15.3334,9.1,0,0
20260915_大井_02,4,12,0.2186,2.8026,3.2,0,0
20260915_大井_02,7,12,0.1661,4.0594,3.6,0,0
20260915_大井_02,8,12,0.0962,5.8938,6.4,0,0
20260915_大井_02,1,12,0.0887,19.9212,22.7,0,0
20260915_大井_02,6,12,0.0488,25.3501,24.6,0,0
20260915_大井_04,2,5,0.2583,1.8478,2.9,0,0
20260915_大井_04,5,6,0.1531,3.7232,3.8,0,0
20260915_大井_04,2,6,0.0762,13.8641,17.0,0,0
20260915_大井_04,5,7,0.0733,9.0513,7.7,0,0
20260915_大井_04,4,5,0.0707,7.8698,10.6,0,0
20260915_大井_05,3,5,0.1928,5.0669,4.9,0,0
20260915_大井_05,2,3,0.1395,3.247,4.2,0,0
20260915_大井_05,3,8,0.1173,11.5358,7.2,0,0
20260915_大井_05,3,4,0.0851,6.9479,7.1,1,710
20260915_大井_05,3,9,0.0822,6.3082,9.5,0,0
20260915_大井_09,4,9,0.215,3.0783,3.9,1,390
20260915_大井_09,1,4,0.1671,4.1026,5.0,0,0
20260915_大井_09,1,9,0.1494,4.3013,5.0,0,0
20260915_大井_09,4,7,0.0502,12.379,15.5,0,0
20260915_大井_09,3,4,0.0478,18.019,22.0,0,0
20260915_水沢_01,4,10,0.3494,1.2923,1.8,0,0
20260915_水沢_01,4,6,0.0854,9.9911,7.0,0,0
20260915_水沢_01,6,10,0.0849,9.9528,9.6,0,0
20260915_水沢_01,2,4,0.0724,9.3565,7.9,0,0
20260915_水沢_01,2,10,0.0719,11.1697,14.5,1,1450
20260915_水沢_03,2,3,0.3056,1.6503,1.8,1,180
20260915_水沢_03,2,9,0.1433,3.9246,5.3,0,0
20260915_水沢_03,1,2,0.1261,7.8928,8.5,0,0
20260915_水沢_03,2,6,0.1155,7.0367,8.7,0,0
20260915_水沢_03,3,9,0.0524,9.4887,11.0,0,0
20260915_水沢_04,9,11,0.202,2.9964,3.3,0,0
20260915_水沢_04,6,11,0.1376,6.4921,6.6,1,660
20260915_水沢_04,4,11,0.1198,7.2923,8.5,0,0
20260915_水沢_04,6,9,0.0825,8.2136,6.4,0,0
20260915_水沢_04,4,9,0.0716,9.3724,9.9,0,0
20260915_金沢_02,1,4,0.2265,2.6834,2.9,0,0
20260915_金沢_02,1,9,0.1954,3.8517,4.5,0,0
20260915_金沢_02,1,10,0.0817,12.6609,7.8,1,780
20260915_金沢_02,1,2,0.0784,5.9639,7.1,0,0
20260915_金沢_02,4,9,0.0491,13.452,19.1,0,0
20260915_金沢_03,4,7,0.197,4.5368,6.0,0,0
20260915_金沢_03,2,7,0.1334,4.1419,5.4,0,0
20260915_金沢_03,3,7,0.1014,7.5472,7.5,0,0
20260915_金沢_03,2,4,0.1003,6.1894,7.3,1,730
20260915_金沢_03,3,4,0.0759,11.8469,13.7,0,0
20260915_金沢_05,2,8,0.2729,1.9677,2.3,1,230
20260915_金沢_05,2,9,0.1792,3.0905,3.8,0,0
20260915_金沢_05,2,3,0.0808,10.4153,12.8,0,0
20260915_金沢_05,2,4,0.064,11.0542,8.1,0,0
20260915_金沢_05,2,11,0.053,22.1897,17.6,0,0
20260915_金沢_09,1,4,0.2126,2.8449,3.7,0,0
20260915_金沢_09,2,4,0.138,6.9285,8.3,0,0
20260915_金沢_09,4,7,0.0957,7.4268,5.6,0,0
20260915_金沢_09,1,2,0.0849,9.8217,11.3,0,0
20260915_金沢_09,3,4,0.0797,7.9055,9.2,0,0
20260915_金沢_10,4,6,0.3143,2.1605,2.6,0,0
20260915_金沢_10,1,6,0.1977,4.1878,4.6,0,0
20260915_金沢_10,1,4,0.0978,6.4009,8.9,0,0
20260915_金沢_10,6,8,0.0752,14.2136,7.8,0,0
20260915_金沢_10,6,9,0.0501,24.229,28.1,1,2810
20260915_金沢_11,2,9,0.2064,3.1377,3.3,1,330
20260915_金沢_11,2,4,0.1332,3.9018,3.9,0,0
20260915_金沢_11,2,6,0.0982,20.8495,18.2,0,0
20260915_金沢_11,2,8,0.0951,7.5332,8.5,0,0
20260915_金沢_11,2,7,0.0739,11.0888,15.6,0,0
20260915_金沢_12,3,4,0.2039,5.4519,5.8,0,0
20260915_金沢_12,1,3,0.1682,4.0623,5.4,0,0
20260915_金沢_12,3,8,0.1567,5.2688,5.2,0,0
20260915_金沢_12,3,6,0.1116,8.3041,10.7,0,0
20260915_金沢_12,2,3,0.064,16.4212,14.3,0,0
20260915_門別_01,8,9,0.3446,0.989,1.9,0,0
20260915_門別_01,3,9,0.1333,6.8759,6.4,1,640
20260915_門別_01,9,10,0.1236,7.9203,8.1,0,0
20260915_門別_01,7,9,0.0781,12.5698,9.4,0,0
20260915_門別_01,9,11,0.0508,18.4035,7.5,0,0
20260915_門別_02,1,4,0.2814,2.1837,2.8,0,0
20260915_門別_02,1,2,0.0966,9.6846,14.2,0,0
20260915_門別_02,1,3,0.0957,6.8988,7.9,0,0
20260915_門別_02,2,4,0.0789,7.7514,12.3,0,0
20260915_門別_02,3,4,0.0781,5.8432,8.7,1,870
20260915_門別_03,4,6,0.2503,2.3974,3.1,0,0
20260915_門別_03,6,7,0.2108,3.8082,4.4,1,440
20260915_門別_03,4,7,0.1417,3.4149,4.0,0,0
20260915_門別_03,3,6,0.0929,8.1583,11.1,0,0
20260915_門別_03,3,4,0.0612,7.6019,10.1,0,0
20260915_門別_05,9,10,0.2047,4.7565,3.8,0,0
20260915_門別_05,4,10,0.1342,5.2065,2.9,1,290
20260915_門別_05,5,10,0.1197,6.2492,4.1,0,0
20260915_門別_05,2,10,0.0934,14.3495,21.3,0,0
20260915_門別_05,6,10,0.053,8.127,15.7,0,0
20260915_門別_06,3,8,0.2787,1.9299,2.9,0,0
20260915_門別_06,2,8,0.1815,3.3563,6.1,1,610
20260915_門別_06,8,12,0.0982,5.3236,4.1,0,0
20260915_門別_06,2,3,0.0768,10.8635,9.4,0,0
20260915_門別_06,5,8,0.0502,17.273,21.4,0,0
20260915_門別_11,1,8,0.2252,1.9574,2.8,0,0
20260915_門別_11,7,8,0.1874,3.8189,3.7,0,0
20260915_門別_11,1,7,0.1067,9.4045,11.4,0,0
20260915_門別_11,3,8,0.1009,7.4526,9.8,0,0
20260915_門別_11,4,8,0.0568,7.9916,10.3,0,0
20260916_名古屋_01,4,10,0.2458,3.5533,2.5,1,250
20260916_名古屋_01,2,10,0.1314,5.0819,6.1,0,0
20260916_名古屋_01,9,10,0.0949,14.2251,8.2,0,0
20260916_名古屋_01,2,4,0.0933,5.6231,6.4,0,0
20260916_名古屋_01,4,9,0.067,19.1501,15.9,0,0
20260916_名古屋_06,3,7,0.2018,3.114,4.5,1,450
20260916_名古屋_06,1,7,0.1485,5.7292,7.0,0,0
20260916_名古屋_06,2,7,0.1037,6.1776,6.2,0,0
20260916_名古屋_06,7,10,0.0897,5.8257,8.5,0,0
20260916_名古屋_06,6,7,0.0806,6.7285,7.1,0,0
20260916_名古屋_07,6,9,0.2234,3.6122,3.3,0,0
20260916_名古屋_07,6,10,0.1804,3.9398,4.3,1,430
20260916_名古屋_07,9,10,0.0963,4.7324,5.0,0,0
20260916_名古屋_07,4,6,0.0711,18.2765,18.2,0,0
20260916_名古屋_07,3,6,0.0567,17.8823,27.2,0,0
20260916_園田_02,2,7,0.2451,1.9471,2.9,0,0
20260916_園田_02,2,6,0.1578,3.1368,2.9,0,0
20260916_園田_02,6,7,0.0919,5.8463,6.3,1,630
20260916_園田_02,2,4,0.0844,8.9149,11.6,0,0
20260916_園田_02,2,8,0.0606,18.9669,31.9,0,0
20260916_園田_03,1,5,0.5029,0.9109,1.3,0,0
20260916_園田_03,1,2,0.2959,2.5255,3.6,1,360
20260916_園田_03,2,5,0.0669,5.3982,10.1,0,0
20260916_園田_03,1,4,0.0665,12.0086,23.1,0,0
20260916_園田_03,1,3,0.0359,22.8449,40.5,0,0
20260916_園田_04,2,5,0.2701,2.7996,3.2,0,0
20260916_園田_04,4,5,0.1699,5.5225,6.2,0,0
20260916_園田_04,5,10,0.1633,4.4084,3.4,1,340
20260916_園田_04,2,4,0.0624,8.6683,12.4,0,0
20260916_園田_04,2,10,0.0598,7.4519,9.2,0,0
20260916_園田_05,3,8,0.2392,2.9071,3.7,0,0
20260916_園田_05,3,6,0.173,3.5118,4.3,0,0
20260916_園田_05,3,7,0.0855,8.8788,10.4,0,0
20260916_園田_05,3,4,0.0793,14.6002,14.4,0,0
20260916_園田_05,6,8,0.0596,8.0738,8.7,0,0
20260916_園田_08,1,5,0.2868,2.4546,2.5,0,0
20260916_園田_08,5,7,0.1497,3.5293,4.4,0,0
20260916_園田_08,3,5,0.1157,5.6533,5.6,0,0
20260916_園田_08,4,5,0.1054,5.9709,8.6,0,0
20260916_園田_08,5,8,0.0943,10.9134,14.2,1,1420
20260916_大井_01,6,7,0.2762,3.2219,3.1,0,0
20260916_大井_01,2,7,0.1334,4.3999,4.1,0,0
20260916_大井_01,4,7,0.1271,5.3253,7.0,0,0
20260916_大井_01,3,7,0.1238,4.4937,4.7,1,470
20260916_大井_01,5,7,0.095,9.5966,13.6,0,0
20260916_大井_02,7,8,0.3003,1.9247,2.2,1,220
20260916_大井_02,7,9,0.17,3.8632,5.7,0,0
20260916_大井_02,3,7,0.104,5.3545,7.6,0,0
20260916_大井_02,4,7,0.0837,7.9894,11.0,0,0
20260916_大井_02,8,9,0.0526,14.2758,18.2,0,0
20260916_大井_07,1,10,0.2506,2.1126,2.4,0,0
20260916_大井_07,1,7,0.1576,4.4258,3.6,1,360
20260916_大井_07,1,2,0.1223,7.2887,9.2,0,0
20260916_大井_07,1,9,0.0547,13.1412,14.7,0,0
20260916_大井_07,1,4,0.0535,14.221,16.0,0,0
20260916_大井_11,4,5,0.2076,2.6639,3.8,0,0
20260916_大井_11,4,8,0.1695,3.882,4.8,1,480
20260916_大井_11,4,9,0.1092,6.5509,5.8,0,0
20260916_大井_11,5,8,0.0764,7.5197,8.8,0,0
20260916_大井_11,5,9,0.0483,15.2114,16.4,0,0
20260916_門別_03,3,7,0.4685,2.1042,2.6,0,0
20260916_門別_03,3,4,0.1113,4.6061,4.4,0,0
20260916_門別_03,1,3,0.1094,4.9781,6.1,0,0
20260916_門別_03,4,7,0.0618,7.6608,5.9,0,0
20260916_門別_03,1,7,0.0607,8.4918,7.1,0,0
20260916_門別_04,5,7,0.3433,1.8463,2.9,0,0
20260916_門別_04,3,7,0.0831,7.1151,9.5,0,0
20260916_門別_04,7,8,0.0745,13.7402,8.2,0,0
20260916_門別_04,2,7,0.0604,7.5253,7.9,0,0
20260916_門別_04,4,7,0.0602,9.8213,13.9,0,0
20260916_門別_05,5,9,0.1986,4.7757,3.5,0,0
20260916_門別_05,1,9,0.1528,10.7432,11.7,0,0
20260916_門別_05,1,5,0.1303,6.3441,9.5,0,0
20260916_門別_05,3,9,0.0912,11.2691,10.9,1,1090
20260916_門別_05,3,5,0.0774,5.4817,5.9,0,0
20260916_門別_06,1,8,0.1941,3.9929,5.6,0,0
20260916_門別_06,1,9,0.1571,2.7466,2.2,0,0
20260916_門別_06,1,2,0.12,4.993,6.3,0,0
20260916_門別_06,1,5,0.0869,6.9974,6.6,1,660
20260916_門別_06,8,9,0.0818,11.7837,11.5,0,0
20260916_門別_08,2,4,0.254,2.7885,3.0,0,0
20260916_門別_08,2,6,0.1507,3.6131,6.3,0,0
20260916_門別_08,2,3,0.1467,6.1719,3.2,1,320
20260916_門別_08,2,8,0.1427,5.2177,7.3,0,0
20260916_門別_08,1,2,0.1149,5.1904,6.4,0,0
20260916_門別_09,3,9,0.3153,2.153,2.5,1,250
20260916_門別_09,4,9,0.1686,3.0853,3.1,0,0
20260916_門別_09,7,9,0.1526,4.5184,6.3,0,0
20260916_門別_09,1,9,0.0785,9.6594,10.2,0,0
20260916_門別_09,8,9,0.0611,13.2785,16.4,0,0
20260917_名古屋_03,2,6,0.2555,2.6895,3.0,0,0
20260917_名古屋_03,2,3,0.2032,3.0352,3.4,0,0
20260917_名古屋_03,2,4,0.0698,8.5078,12.3,0,0
20260917_名古屋_03,3,6,0.0619,8.4867,11.4,0,0
20260917_名古屋_03,2,7,0.054,11.1238,15.4,0,0
20260917_名古屋_04,1,8,0.233,2.4658,3.0,1,300
20260917_名古屋_04,1,6,0.1797,4.8651,4.7,0,0
20260917_名古屋_04,1,2,0.1133,5.7483,6.1,0,0
20260917_名古屋_04,1,9,0.0875,9.9104,9.7,0,0
20260917_名古屋_04,6,8,0.0541,16.4837,14.3,0,0
20260917_名古屋_08,2,4,0.5619,0.6816,1.3,1,130
20260917_名古屋_08,1,2,0.15,5.3362,5.6,0,0
20260917_名古屋_08,1,4,0.1294,6.0631,5.3,0,0
20260917_名古屋_08,2,3,0.0623,12.5848,16.9,0,0
20260917_名古屋_08,3,4,0.0534,14.5193,21.2,0,0
20260917_名古屋_10,6,9,0.2575,2.11,2.5,1,250
20260917_名古屋_10,4,9,0.2023,2.8066,3.3,0,0
20260917_名古屋_10,3,9,0.0974,8.1755,9.3,0,0
20260917_名古屋_10,4,6,0.0684,10.7946,6.9,0,0
20260917_名古屋_10,8,9,0.0557,12.459,14.9,0,0
20260917_名古屋_11,3,9,0.2513,1.7297,2.3,0,0
20260917_名古屋_11,3,7,0.1496,4.3543,5.4,0,0
20260917_名古屋_11,3,8,0.086,7.7206,9.1,0,0
20260917_名古屋_11,3,12,0.0835,7.8195,6.4,1,640
20260917_名古屋_11,3,6,0.0647,13.1999,16.3,0,0
20260917_園田_01,1,2,0.2598,1.7301,2.4,0,0
20260917_園田_01,2,3,0.1784,3.9249,5.0,0,0
20260917_園田_01,2,8,0.1486,4.4101,4.6,0,0
20260917_園田_01,2,5,0.1193,8.014,5.8,1,580
20260917_園田_01,2,4,0.0851,9.0268,12.6,0,0
20260917_園田_02,1,2,0.4493,1.2784,1.4,1,140
20260917_園田_02,1,5,0.1001,5.0706,8.5,0,0
20260917_園田_02,1,3,0.0776,9.5009,16.1,0,0
20260917_園田_02,2,5,0.0735,9.8409,8.6,0,0
20260917_園田_02,2,3,0.0568,15.5719,22.0,0,0
20260917_園田_03,4,5,0.2078,2.3693,3.0,1,300
20260917_園田_03,2,5,0.1954,2.7213,3.9,0,0
20260917_園田_03,5,8,0.171,3.0321,3.4,0,0
20260917_園田_03,5,6,0.1377,6.2686,6.5,0,0
20260917_園田_03,3,5,0.0735,12.7694,17.4,0,0
20260917_園田_11,4,9,0.2396,1.2282,1.8,1,180
20260917_園田_11,6,9,0.1566,4.9683,6.6,0,0
20260917_園田_11,8,9,0.129,6.8212,5.3,0,0
20260917_園田_11,5,9,0.0931,9.2705,11.5,0,0
20260917_園田_11,2,9,0.0641,17.5525,25.0,0,0
20260917_大井_04,6,10,0.1972,2.6054,3.6,1,360
20260917_大井_04,8,10,0.1665,4.6189,3.6,0,0
20260917_大井_04,2,10,0.1655,4.275,4.4,0,0
20260917_大井_04,4,10,0.0888,7.4754,7.6,0,0
20260917_大井_04,7,10,0.0871,13.0814,10.1,0,0
20260917_大井_05,5,7,0.161,4.2939,4.1,1,410
20260917_大井_05,6,7,0.1311,3.1861,3.7,0,0
20260917_大井_05,3,7,0.123,5.6123,8.5,0,0
20260917_大井_05,4,7,0.1201,5.0933,5.1,0,0
20260917_大井_05,2,7,0.0665,11.0414,14.2,0,0
20260917_大井_07,1,5,0.5193,0.8224,1.3,1,130
20260917_大井_07,5,7,0.1241,6.255,7.4,0,0
20260917_大井_07,4,5,0.0915,10.8282,9.9,0,0
20260917_大井_07,3,5,0.0738,9.3322,13.2,0,0
20260917_大井_07,5,6,0.0634,13.5191,22.0,0,0
20260917_大井_11,2,3,0.2247,2.6891,3.7,0,0
20260917_大井_11,3,12,0.1416,3.5639,4.5,0,0
20260917_大井_11,3,8,0.0926,5.3275,5.9,1,590
20260917_大井_11,3,9,0.0919,12.9742,13.2,0,0
20260917_大井_11,3,6,0.075,9.4491,8.3,0,0
20260917_門別_08,6,8,0.2115,2.6883,3.6,0,0
20260917_門別_08,1,6,0.1507,2.118,2.9,0,0
20260917_門別_08,6,9,0.1415,6.526,6.3,0,0
20260917_門別_08,1,8,0.0709,7.1924,10.0,0,0
20260917_門別_08,6,7,0.0694,13.9654,12.2,0,0
20260918_名古屋_03,1,8,0.3517,1.2859,2.1,0,0
20260918_名古屋_03,1,6,0.0863,8.2719,7.4,0,0
20260918_名古屋_03,1,9,0.0734,11.779,14.0,0,0
20260918_名古屋_03,1,3,0.0709,16.0925,6.6,0,0
20260918_名古屋_03,6,8,0.0572,8.3728,9.7,0,0
20260918_名古屋_04,4,5,0.2973,2.2959,2.7,0,0
20260918_名古屋_04,2,5,0.2037,3.5241,5.8,1,580
20260918_名古屋_04,2,4,0.2034,3.1186,2.5,0,0
20260918_名古屋_04,5,7,0.0634,8.9617,14.3,0,0
20260918_名古屋_04,4,7,0.0633,8.9974,9.6,0,0
20260918_名古屋_05,2,6,0.2479,3.4012,3.6,0,0
20260918_名古屋_05,2,7,0.1148,5.9103,5.9,0,0
20260918_名古屋_05,6,7,0.0981,5.8509,4.8,1,480
20260918_名古屋_05,2,9,0.0781,11.3191,16.4,0,0
20260918_名古屋_05,6,9,0.0665,12.2361,11.7,0,0
20260918_名古屋_11,1,6,0.1727,2.3896,3.9,0,0
20260918_名古屋_11,1,8,0.142,4.977,5.3,0,0
20260918_名古屋_11,1,11,0.1332,7.0205,8.1,1,810
20260918_名古屋_11,1,5,0.1201,8.8397,4.5,0,0
20260918_名古屋_11,1,10,0.0799,14.1948,7.4,0,0
20260918_園田_01,7,10,0.1918,2.8993,5.0,0,0
20260918_園田_01,10,12,0.1807,4.0056,2.3,0,0
20260918_園田_01,9,10,0.1034,8.172,8.3,1,830
20260918_園田_01,4,10,0.0885,7.3756,7.6,0,0
20260918_園田_01,1,10,0.0777,16.477,27.1,0,0
20260918_園田_02,6,7,0.3508,1.1955,1.9,1,190
20260918_園田_02,7,8,0.1006,4.6454,4.6,0,0
20260918_園田_02,1,7,0.0761,8.7301,9.3,0,0
20260918_園田_02,6,8,0.0744,10.097,11.1,0,0
20260918_園田_02,1,6,0.056,16.165,17.0,0,0
20260918_園田_03,5,7,0.3434,1.5841,2.5,1,250
20260918_園田_03,7,9,0.0946,7.3372,7.5,0,0
20260918_園田_03,7,8,0.0881,11.0689,9.1,0,0
20260918_園田_03,1,7,0.072,8.1119,11.2,0,0
20260918_園田_03,5,9,0.065,9.2577,15.8,0,0
20260918_園田_04,1,9,0.2272,1.6773,3.1,0,0
20260918_園田_04,1,7,0.1399,5.3356,6.9,0,0
20260918_園田_04,7,9,0.0898,6.8459,3.1,0,0
20260918_園田_04,1,8,0.0889,14.3199,26.8,0,0
20260918_園田_04,8,9,0.0565,20.8659,10.6,0,0
20260918_園田_05,6,7,0.2681,2.8879,2.6,0,0
20260918_園田_05,5,7,0.1117,8.8292,14.1,0,0
20260918_園田_05,7,8,0.0976,5.4178,7.2,0,0
20260918_園田_05,4,7,0.089,5.6486,7.2,0,0
20260918_園田_05,5,6,0.0698,14.305,10.6,0,0
20260918_園田_06,2,9,0.1717,5.9463,6.7,0,0
20260918_園田_06,1,9,0.1549,3.2571,3.6,0,0
20260918_園田_06,4,9,0.115,4.3323,5.5,0,0
20260918_園田_06,6,9,0.0951,6.6179,7.0,1,700
20260918_園田_06,7,9,0.0892,13.5113,13.4,0,0
20260918_園田_10,2,4,0.2277,2.5094,3.2,0,0
20260918_園田_10,2,8,0.1747,4.8981,3.7,0,0
20260918_園田_10,4,8,0.1661,3.6968,5.6,0,0
20260918_園田_10,2,3,0.0454,12.0563,11.5,0,0
20260918_園田_10,3,4,0.043,11.1319,17.0,0,0
20260918_園田_11,1,3,0.2033,4.842,5.6,0,0
20260918_園田_11,1,10,0.1876,2.2928,3.4,0,0
20260918_園田_11,3,10,0.0852,8.4602,8.4,1,840
20260918_園田_11,1,7,0.0777,7.7604,10.3,0,0
20260918_園田_11,1,8,0.0646,13.1993,12.9,0,0
20260918_大井_01,4,7,0.3072,1.9019,2.6,1,260
20260918_大井_01,1,7,0.2688,2.0287,2.9,0,0
20260918_大井_01,5,7,0.1331,4.4736,5.2,0,0
20260918_大井_01,1,4,0.0975,6.2122,8.3,0,0
20260918_大井_01,4,5,0.0462,13.553,8.3,0,0
20260918_大井_04,5,6,0.1909,3.1094,2.5,0,0
20260918_大井_04,6,7,0.1597,3.2756,4.4,1,440
20260918_大井_04,6,10,0.1389,5.9196,6.6,0,0
20260918_大井_04,2,6,0.0789,7.573,11.1,0,0
20260918_大井_04,4,6,0.065,10.4783,12.2,0,0
20260918_大井_05,5,7,0.261,2.5024,2.6,1,260
20260918_大井_05,3,5,0.1879,3.4125,4.5,0,0
20260918_大井_05,1,5,0.138,8.7443,8.6,0,0
20260918_大井_05,3,7,0.0742,9.6275,9.8,0,0
20260918_大井_05,5,6,0.0652,8.9852,12.9,0,0
20260918_大井_06,3,4,0.4603,1.9401,1.8,0,0
20260918_大井_06,3,5,0.203,1.8634,3.5,0,0
20260918_大井_06,2,3,0.1301,5.4008,4.8,0,0
20260918_大井_06,4,5,0.0643,7.1112,22.1,0,0
20260918_大井_06,1,3,0.0586,13.9223,25.7,1,2570
20260918_大井_08,1,10,0.2033,3.134,2.5,1,250
20260918_大井_08,3,10,0.1619,3.8297,4.7,0,0
20260918_大井_08,4,10,0.1452,6.3904,8.1,0,0
20260918_大井_08,9,10,0.0955,5.6494,7.2,0,0
20260918_大井_08,6,10,0.0893,6.4123,7.9,0,0
20260918_大井_09,1,3,0.2286,2.3641,3.0,0,0
20260918_大井_09,1,8,0.1915,2.9306,3.8,0,0
20260918_大井_09,1,7,0.1204,5.0659,5.1,0,0
20260918_大井_09,1,4,0.071,11.6719,9.9,0,0
20260918_大井_09,3,8,0.0506,16.3893,19.1,0,0
20260918_大井_12,1,4,0.2392,2.2691,2.7,0,0
20260918_大井_12,4,7,0.1176,7.3737,9.1,0,0
20260918_大井_12,4,8,0.0985,6.9471,8.6,0,0
20260918_大井_12,3,4,0.0977,8.3983,10.6,0,0
20260918_大井_12,4,5,0.0646,11.7197,16.5,0,0
20260919_佐賀_03,6,7,0.2753,1.7336,1.9,0,0
20260919_佐賀_03,1,7,0.186,3.3195,4.9,1,490
20260919_佐賀_03,7,9,0.0972,7.6285,11.1,0,0
20260919_佐賀_03,1,6,0.0689,9.2299,11.4,0,0
20260919_佐賀_03,3,7,0.0614,14.9761,20.8,0,0
20260919_佐賀_05,5,11,0.2277,2.3018,2.5,1,250
20260919_佐賀_05,1,11,0.129,5.0322,5.4,0,0
20260919_佐賀_05,6,11,0.1057,7.5075,6.5,0,0
20260919_佐賀_05,3,11,0.0699,13.2557,20.0,0,0
20260919_佐賀_05,1,5,0.0679,8.3471,9.5,0,0
20260919_佐賀_06,6,8,0.2116,2.068,3.2,0,0
20260919_佐賀_06,7,8,0.1739,3.4093,3.3,0,0
20260919_佐賀_06,5,8,0.127,6.0902,6.4,0,0
20260919_佐賀_06,8,9,0.1243,9.6632,6.7,0,0
20260919_佐賀_06,8,11,0.0712,15.0245,16.8,0,0
20260919_佐賀_08,1,8,0.3183,1.4631,1.8,1,180
20260919_佐賀_08,6,8,0.1373,4.7622,4.9,0,0
20260919_佐賀_08,1,6,0.098,6.8837,8.4,0,0
20260919_佐賀_08,4,8,0.0668,10.4082,14.7,0,0
20260919_佐賀_08,7,8,0.0477,25.0754,24.1,0,0
20260919_佐賀_09,5,10,0.2578,2.2918,3.1,0,0
20260919_佐賀_09,1,10,0.1801,6.2589,4.6,0,0
20260919_佐賀_09,4,10,0.0944,9.3232,6.9,1,690
20260919_佐賀_09,1,5,0.0762,8.7155,12.4,0,0
20260919_佐賀_09,9,10,0.0454,20.9406,22.9,0,0
20260920_佐賀_02,3,4,0.1972,5.1497,3.6,0,0
20260920_佐賀_02,3,9,0.1766,3.6426,5.3,0,0
20260920_佐賀_02,3,10,0.1173,7.6344,5.8,0,0
20260920_佐賀_02,2,3,0.0916,14.1788,6.2,0,0
20260920_佐賀_02,1,3,0.0645,7.0758,11.6,0,0
20260920_佐賀_05,2,5,0.2643,1.8002,1.9,1,190
20260920_佐賀_05,2,4,0.1186,5.2463,5.2,0,0
20260920_佐賀_05,4,5,0.1161,5.9958,6.9,0,0
20260920_佐賀_05,2,11,0.0594,12.7379,13.5,0,0
20260920_佐賀_05,5,11,0.0581,11.9963,16.8,0,0
20260920_佐賀_07,1,5,0.2875,2.2727,2.9,0,0
20260920_佐賀_07,1,8,0.1204,3.1794,3.8,0,0
20260920_佐賀_07,1,2,0.0866,3.6775,3.3,0,0
20260920_佐賀_07,1,3,0.0817,11.7294,10.0,1,1000
20260920_佐賀_07,5,8,0.0674,17.897,23.6,0,0
20260920_佐賀_08,1,7,0.3791,1.2304,1.6,0,0
20260920_佐賀_08,7,8,0.1353,4.5805,8.0,0,0
20260920_佐賀_08,5,7,0.1228,4.8276,6.9,1,690
20260920_佐賀_08,1,8,0.0877,10.1952,10.3,0,0
20260920_佐賀_08,1,5,0.0793,10.576,8.3,0,0
20260920_高知_02,1,5,0.2957,3.1359,4.1,0,0
20260920_高知_02,1,4,0.2798,3.3455,3.7,0,0
20260920_高知_02,4,5,0.2056,3.2663,2.2,0,0
20260920_高知_02,1,6,0.0439,10.2027,20.4,0,0
20260920_高知_02,5,6,0.0312,11.2323,11.8,0,0
20260920_高知_04,5,6,0.3953,1.2227,1.3,0,0
20260920_高知_04,2,5,0.2185,3.7223,4.3,1,430
20260920_高知_04,2,6,0.1361,5.4012,8.3,0,0
20260920_高知_04,5,8,0.0599,9.8932,17.1,0,0
20260920_高知_04,6,8,0.0361,15.394,29.7,0,0
20260920_高知_05,3,6,0.2759,1.2875,1.7,0,0
20260920_高知_05,6,11,0.0974,6.3444,5.1,0,0
20260920_高知_05,6,7,0.0868,9.4837,13.1,1,1310
20260920_高知_05,5,6,0.0863,10.4939,14.7,0,0
20260920_高知_05,6,9,0.0773,10.8083,11.2,0,0
20260920_高知_08,4,7,0.217,2.9916,3.2,0,0
20260920_高知_08,3,4,0.1466,5.7422,6.6,0,0
20260920_高知_08,4,5,0.1021,4.5325,4.8,0,0
20260920_高知_08,2,4,0.0796,9.5057,12.9,0,0
20260920_高知_08,4,6,0.0697,10.601,15.4,0,0
20260920_高知_09,4,11,0.1768,2.0014,3.6,0,0
20260920_高知_09,1,11,0.1706,4.365,5.9,0,0
20260920_高知_09,3,11,0.1555,4.9879,4.2,0,0
20260920_高知_09,6,11,0.1143,7.4461,8.9,0,0
20260920_高知_09,10,11,0.0789,10.2135,11.0,0,0
20260920_高知_11,4,6,0.2855,2.4734,2.6,0,0
20260920_高知_11,3,4,0.1471,4.0076,4.9,0,0
20260920_高知_11,4,8,0.1145,6.5643,4.3,1,430
20260920_高知_11,4,9,0.0634,10.0197,12.8,0,0
20260920_高知_11,4,11,0.0497,17.8302,24.8,0,0
20260921_佐賀_01,3,4,0.2291,1.7352,2.5,0,0
20260921_佐賀_01,3,8,0.1243,5.8763,7.1,0,0
20260921_佐賀_01,4,8,0.0927,8.2371,9.6,0,0
20260921_佐賀_01,1,3,0.0888,8.6155,8.0,0,0
20260921_佐賀_01,1,4,0.0658,13.0941,17.8,0,0
20260921_佐賀_02,8,12,0.2403,2.2606,2.3,0,0
20260921_佐賀_02,11,12,0.125,5.8255,5.3,0,0
20260921_佐賀_02,3,12,0.1018,8.1568,7.5,0,0
20260921_佐賀_02,9,12,0.1012,7.5591,7.1,0,0
20260921_佐賀_02,2,12,0.0825,10.437,10.1,1,1010
20260921_佐賀_04,5,7,0.2734,2.3797,2.4,0,0
20260921_佐賀_04,3,5,0.1467,3.2353,5.1,1,510
20260921_佐賀_04,5,9,0.0858,8.2645,13.5,0,0
20260921_佐賀_04,3,7,0.0757,9.61,14.2,0,0
20260921_佐賀_04,4,5,0.062,10.358,7.2,0,0
20260921_佐賀_06,2,3,0.2522,2.7054,2.6,0,0
20260921_佐賀_06,2,9,0.1909,4.6889,2.9,1,290
20260921_佐賀_06,3,9,0.1124,10.735,8.3,0,0
20260921_佐賀_06,2,8,0.0522,17.9297,19.6,0,0
20260921_佐賀_06,2,5,0.0402,32.0431,17.6,0,0
20260921_佐賀_08,3,12,0.2258,2.3964,3.4,0,0
20260921_佐賀_08,3,9,0.1806,4.3136,4.3,1,430
20260921_佐賀_08,3,4,0.1208,4.9663,7.0,0,0
20260921_佐賀_08,3,11,0.0955,9.2508,6.0,0,0
20260921_佐賀_08,9,12,0.049,17.0878,21.3,0,0
20260921_水沢_01,4,6,0.2034,2.8773,3.2,1,320
20260921_水沢_01,2,6,0.1733,4.3091,4.2,0,0
20260921_水沢_01,5,6,0.1097,7.8464,9.7,0,0
20260921_水沢_01,2,4,0.0861,6.1486,5.9,0,0
20260921_水沢_01,4,5,0.0535,8.7255,10.4,0,0
20260921_水沢_04,4,6,0.228,2.6468,3.0,1,300
20260921_水沢_04,4,11,0.1436,4.4445,5.9,0,0
20260921_水沢_04,2,4,0.1175,5.1407,5.2,0,0
20260921_水沢_04,6,11,0.078,8.2764,8.6,0,0
20260921_水沢_04,2,6,0.0634,10.3473,12.3,0,0
20260921_水沢_06,2,5,0.1943,4.849,5.5,0,0
20260921_水沢_06,1,5,0.1618,4.6582,4.8,0,0
20260921_水沢_06,5,9,0.114,9.2514,7.4,0,0
20260921_水沢_06,5,6,0.0696,9.3021,9.2,0,0
20260921_水沢_06,3,5,0.0658,9.657,8.1,0,0
20260921_水沢_12,3,11,0.2402,2.1331,2.6,0,0
20260921_水沢_12,2,11,0.1821,3.9846,4.6,0,0
20260921_水沢_12,6,11,0.1107,5.537,6.1,1,610
20260921_水沢_12,11,12,0.0956,4.395,5.4,0,0
20260921_水沢_12,4,11,0.0485,10.0112,12.1,0,0
20260921_金沢_03,4,5,0.2204,3.8444,4.0,0,0
20260921_金沢_03,1,5,0.2051,7.3064,6.3,0,0
20260921_金沢_03,5,6,0.1268,4.2631,3.2,1,320
20260921_金沢_03,2,5,0.0841,8.3648,9.5,0,0
20260921_金沢_03,5,8,0.0577,18.4085,25.5,0,0
20260921_金沢_04,1,6,0.2248,3.1711,4.2,0,0
20260921_金沢_04,1,5,0.216,4.0577,5.3,0,0
20260921_金沢_04,1,4,0.1513,4.9686,5.9,0,0
20260921_金沢_04,1,9,0.0735,14.2859,6.8,0,0
20260921_金沢_04,1,7,0.0531,14.0673,13.0,0,0
20260921_金沢_06,2,5,0.2536,1.9742,2.0,0,0
20260921_金沢_06,1,5,0.2301,3.477,4.6,1,460
20260921_金沢_06,3,5,0.1782,3.7323,4.5,0,0
20260921_金沢_06,5,6,0.0653,9.6865,11.2,0,0
20260921_金沢_06,1,2,0.0582,10.7314,17.0,0,0
20260921_金沢_07,1,7,0.3082,2.5655,2.6,0,0
20260921_金沢_07,1,10,0.128,4.6672,3.8,1,380
20260921_金沢_07,7,10,0.0902,5.4715,5.6,0,0
20260921_金沢_07,1,9,0.0769,10.7882,12.7,0,0
20260921_金沢_07,7,9,0.0537,13.7054,16.8,0,0
20260921_金沢_08,6,9,0.2686,2.0496,3.0,0,0
20260921_金沢_08,6,8,0.1016,8.136,6.9,0,0
20260921_金沢_08,5,6,0.0803,17.5801,19.7,0,0
20260921_金沢_08,6,10,0.0772,6.0422,6.2,0,0
20260921_金沢_08,4,6,0.0725,20.536,19.2,0,0
20260921_金沢_09,5,7,0.2481,3.0317,2.9,0,0
20260921_金沢_09,1,7,0.1748,4.1857,5.4,0,0
20260921_金沢_09,1,5,0.11,3.2062,4.6,1,460
20260921_金沢_09,2,7,0.0875,15.9532,21.8,0,0
20260921_金沢_09,2,5,0.0541,10.4478,14.0,0,0
20260921_金沢_10,3,4,0.2743,1.7668,2.3,1,230
20260921_金沢_10,2,4,0.2731,2.0681,2.4,0,0
20260921_金沢_10,4,6,0.1769,7.292,6.7,0,0
20260921_金沢_10,4,5,0.0764,11.6967,17.0,0,0
20260921_金沢_10,1,4,0.059,9.7749,14.8,0,0
20260922_水沢_10,1,5,0.2142,4.8295,7.0,0,0
20260922_水沢_10,5,6,0.1787,4.5732,3.5,0,0
20260922_水沢_10,3,5,0.166,3.9488,4.9,1,490
20260922_水沢_10,2,5,0.1574,6.249,7.8,0,0
20260922_水沢_10,4,5,0.0976,4.567,4.3,0,0
20260922_水沢_11,1,4,0.353,1.0852,2.0,0,0
20260922_水沢_11,1,7,0.0975,6.4851,11.3,0,0
20260922_水沢_11,1,8,0.0784,12.3769,22.5,0,0
20260922_水沢_11,1,2,0.0738,7.4086,10.8,0,0
20260922_水沢_11,4,7,0.0607,16.7216,8.6,0,0
20260922_浦和_05,3,7,0.2047,4.9863,5.5,0,0
20260922_浦和_05,7,10,0.1141,3.3263,4.1,1,410
20260922_浦和_05,7,11,0.1102,5.9499,5.2,0,0
20260922_浦和_05,7,8,0.1089,5.9808,5.7,0,0
20260922_浦和_05,5,7,0.1034,7.0509,6.5,0,0
20260922_笠松_08,1,6,0.3569,2.0222,2.9,0,0
20260922_笠松_08,1,4,0.2025,2.037,3.3,0,0
20260922_笠松_08,1,2,0.111,5.5243,10.3,0,0
20260922_笠松_08,4,6,0.0918,7.3829,5.4,0,0
20260922_笠松_08,2,6,0.049,15.3722,9.6,0,0
20260922_笠松_09,6,8,0.2329,2.3098,3.1,0,0
20260922_笠松_09,5,8,0.12,11.3478,9.5,1,950
20260922_笠松_09,8,9,0.1009,7.8509,7.9,0,0
20260922_笠松_09,7,8,0.0994,7.9185,8.1,0,0
20260922_笠松_09,1,8,0.0722,16.4517,12.3,0,0
20260922_金沢_01,1,4,0.2005,4.2484,5.3,0,0
20260922_金沢_01,4,5,0.1861,4.4031,4.9,0,0
20260922_金沢_01,4,10,0.1472,4.8397,3.4,1,340
20260922_金沢_01,2,4,0.1088,4.1589,4.9,0,0
20260922_金沢_01,4,6,0.1026,8.4816,9.0,0,0
20260922_金沢_03,5,7,0.1736,6.5536,5.1,0,0
20260922_金沢_03,5,8,0.1333,4.5907,5.0,0,0
20260922_金沢_03,3,5,0.1162,6.4638,7.1,1,710
20260922_金沢_03,5,10,0.0987,5.3711,4.5,0,0
20260922_金沢_03,5,9,0.092,12.6149,13.7,0,0
20260922_金沢_05,2,7,0.1801,2.5864,2.9,1,290
20260922_金沢_05,7,8,0.1526,2.5616,3.2,0,0
20260922_金沢_05,7,11,0.1259,5.307,5.4,0,0
20260922_金沢_05,7,10,0.0857,9.1278,8.8,0,0
20260922_金沢_05,7,9,0.0755,9.2451,11.6,0,0
20260922_金沢_12,7,8,0.194,3.2725,3.3,0,0
20260922_金沢_12,4,8,0.1626,4.7641,6.4,0,0
20260922_金沢_12,5,8,0.1563,2.8789,4.4,0,0
20260922_金沢_12,1,8,0.0675,8.7574,4.2,1,420
20260922_金沢_12,3,8,0.0638,12.9637,21.9,0,0
20260922_門別_11,1,3,0.2422,2.5674,2.6,1,260
20260922_門別_11,1,12,0.1672,3.5257,5.0,0,0
20260922_門別_11,1,6,0.0907,8.5608,7.9,0,0
20260922_門別_11,3,12,0.0733,10.1678,19.2,0,0
20260922_門別_11,1,9,0.0632,7.8366,10.7,0,0
20260922_門別_12,2,7,0.2821,2.0211,2.5,0,0
20260922_門別_12,4,7,0.2168,2.3629,2.8,1,280
20260922_門別_12,7,10,0.1458,3.4654,4.6,0,0
20260922_門別_12,5,7,0.1397,4.0108,5.6,0,0
20260922_門別_12,2,4,0.0413,26.246,35.7,0,0
20260922_高知_05,4,9,0.3682,0.8594,1.4,0,0
20260922_高知_05,6,9,0.1039,10.2399,7.0,1,700
20260922_高知_05,9,10,0.103,11.2963,12.7,0,0
20260922_高知_05,4,6,0.0747,12.4859,16.5,0,0
20260922_高知_05,4,10,0.074,14.1227,16.5,0,0
20260922_高知_07,1,5,0.3319,1.6396,1.8,0,0
20260922_高知_07,1,7,0.1383,9.3417,7.5,1,750
20260922_高知_07,1,2,0.1185,7.6581,7.7,0,0
20260922_高知_07,1,8,0.096,9.2304,11.4,0,0
20260922_高知_07,1,9,0.055,43.7498,48.3,0,0
20260922_高知_09,5,9,0.2478,3.0279,3.2,0,0
20260922_高知_09,3,5,0.1412,5.6922,6.2,1,620
20260922_高知_09,5,8,0.1204,6.1521,5.3,0,0
20260922_高知_09,3,9,0.0989,5.9823,6.3,0,0
20260922_高知_09,8,9,0.0841,7.0562,9.6,0,0
20260922_高知_10,2,7,0.3393,1.1696,1.6,0,0
20260922_高知_10,7,8,0.1643,4.1886,5.1,1,510
20260922_高知_10,3,7,0.0903,13.9538,18.3,0,0
20260922_高知_10,6,7,0.0683,10.0444,11.2,0,0
20260922_高知_10,5,7,0.0682,10.8356,14.2,0,0
20260923_園田_01,5,8,0.1987,4.9609,3.9,0,0
20260923_園田_01,2,5,0.1872,2.5634,4.0,0,0
20260923_園田_01,2,8,0.1677,3.7936,5.7,0,0
20260923_園田_01,5,6,0.0659,11.6989,12.5,0,0
20260923_園田_01,6,8,0.0586,18.896,27.0,0,0
20260923_園田_03,7,8,0.2089,2.9959,3.3,0,0
20260923_園田_03,3,8,0.1631,4.0266,3.6,0,0
20260923_園田_03,4,8,0.1586,3.9596,4.5,1,450
20260923_園田_03,3,7,0.086,8.4378,10.3,0,0
20260923_園田_03,4,7,0.0835,8.8945,12.6,0,0
20260923_園田_05,4,9,0.1793,3.2699,3.6,0,0
20260923_園田_05,4,8,0.1675,3.3498,3.8,0,0
20260923_園田_05,4,10,0.1531,3.4694,4.9,1,490
20260923_園田_05,2,4,0.0985,7.3092,8.1,0,0
20260923_園田_05,4,7,0.0573,14.0081,18.9,0,0
20260923_園田_06,11,12,0.2336,2.5209,2.5,0,0
20260923_園田_06,3,11,0.1521,4.153,6.2,1,620
20260923_園田_06,8,11,0.0937,5.9132,5.4,0,0
20260923_園田_06,2,11,0.0858,8.6301,12.5,0,0
20260923_園田_06,4,11,0.0598,16.264,20.2,0,0
20260923_園田_08,2,8,0.2636,2.0196,2.7,0,0
20260923_園田_08,2,4,0.2374,2.7006,2.8,0,0
20260923_園田_08,4,8,0.0946,8.0468,10.8,0,0
20260923_園田_08,2,5,0.0865,7.0977,10.0,0,0
20260923_園田_08,2,3,0.0677,9.1565,12.1,0,0
20260923_水沢_01,2,11,0.2834,1.6638,2.5,0,0
20260923_水沢_01,6,11,0.1843,3.2153,2.2,1,220
20260923_水沢_01,9,11,0.0761,11.154,11.4,0,0
20260923_水沢_01,3,11,0.0584,12.0759,23.2,0,0
20260923_水沢_01,4,11,0.0526,19.9233,28.0,0,0
20260923_水沢_02,1,5,0.1883,3.9534,4.5,0,0
20260923_水沢_02,1,6,0.1804,3.39,3.7,1,370
20260923_水沢_02,5,6,0.1275,6.4677,4.2,0,0
20260923_水沢_02,1,9,0.0837,7.3916,9.4,0,0
20260923_水沢_02,5,9,0.0583,15.0834,13.0,0,0
20260923_水沢_06,6,8,0.2504,1.8761,2.2,1,220
20260923_水沢_06,5,8,0.1374,7.7609,6.6,0,0
20260923_水沢_06,2,8,0.1046,9.9603,8.3,0,0
20260923_水沢_06,5,6,0.0828,9.9889,11.7,0,0
20260923_水沢_06,8,11,0.0686,9.674,13.5,0,0
20260923_水沢_07,3,7,0.268,1.9746,2.2,0,0
20260923_水沢_07,3,4,0.1653,3.5221,3.2,1,320
20260923_水沢_07,4,7,0.0722,8.5966,8.8,0,0
20260923_水沢_07,3,10,0.0647,11.0795,14.3,0,0
20260923_水沢_07,1,3,0.061,10.006,13.3,0,0
20260923_水沢_08,5,6,0.2452,1.6628,2.0,0,0
20260923_水沢_08,5,9,0.1507,6.4666,3.7,1,370
20260923_水沢_08,5,7,0.1022,7.0083,12.3,0,0
20260923_水沢_08,6,9,0.0704,10.751,5.7,0,0
20260923_水沢_08,4,5,0.0655,14.0608,29.4,0,0
20260923_水沢_10,3,9,0.2961,1.6338,2.1,0,0
20260923_水沢_10,7,9,0.1346,11.666,5.3,1,530
20260923_水沢_10,3,7,0.0714,16.6843,12.6,0,0
20260923_水沢_10,1,9,0.0572,12.5342,13.9,0,0
20260923_水沢_10,2,9,0.0449,19.2465,29.3,0,0
20260923_水沢_11,2,9,0.2638,3.4283,4.0,0,0
20260923_水沢_11,7,9,0.1541,3.2497,2.8,1,280
20260923_水沢_11,1,9,0.0877,6.856,8.3,0,0
20260923_水沢_11,4,9,0.0849,11.6587,13.5,0,0
20260923_水沢_11,3,9,0.059,14.1861,17.8,0,0
20260923_浦和_10,1,4,0.1888,2.9571,3.5,0,0
20260923_浦和_10,3,4,0.1726,2.9895,3.7,1,370
20260923_浦和_10,1,3,0.15,4.3511,4.8,0,0
20260923_浦和_10,4,5,0.0527,9.779,11.3,0,0
20260923_浦和_10,4,8,0.0516,17.2149,21.5,0,0
20260923_笠松_02,1,4,0.3421,1.3351,2.0,1,200
20260923_笠松_02,2,4,0.3012,2.4219,3.0,0,0
20260923_笠松_02,1,2,0.1486,5.8844,6.4,0,0
20260923_笠松_02,4,7,0.0594,8.6888,10.5,0,0
20260923_笠松_02,1,7,0.0274,18.8019,17.1,0,0
20260923_笠松_03,6,7,0.4248,1.3722,2.1,0,0
20260923_笠松_03,2,6,0.1104,6.1443,8.3,0,0
20260923_笠松_03,2,7,0.0958,11.312,16.8,0,0
20260923_笠松_03,3,6,0.0919,4.1178,4.9,0,0
20260923_笠松_03,3,7,0.0797,7.5595,10.4,0,0
20260923_笠松_10,4,8,0.3164,1.8449,1.9,0,0
20260923_笠松_10,3,8,0.1559,3.9178,7.1,0,0
20260923_笠松_10,7,8,0.0737,10.6768,8.3,0,0
20260923_笠松_10,3,4,0.0717,13.745,10.4,0,0
20260923_笠松_10,1,8,0.0702,7.3315,12.5,0,0
20260923_笠松_11,8,10,0.1686,4.2377,4.7,0,0
20260923_笠松_11,9,10,0.1529,4.5424,6.8,0,0
20260923_笠松_11,3,10,0.1057,4.3938,5.1,0,0
20260923_笠松_11,7,10,0.1001,9.7819,4.0,0,0
20260923_笠松_11,5,10,0.0794,15.0142,18.5,0,0
20260923_門別_03,7,8,0.2306,4.0308,4.1,1,410
20260923_門別_03,4,7,0.1285,3.3803,4.7,0,0
20260923_門別_03,6,7,0.101,6.6762,5.2,0,0
20260923_門別_03,1,7,0.1001,7.7641,8.1,0,0
20260923_門別_03,3,7,0.0984,9.3703,15.3,0,0
20260923_門別_06,2,10,0.2421,3.24,4.1,1,410
20260923_門別_06,4,10,0.1993,2.4142,2.0,0,0
20260923_門別_06,3,10,0.1376,3.5518,5.1,0,0
20260923_門別_06,7,10,0.1202,8.4705,10.3,0,0
20260923_門別_06,9,10,0.071,10.1405,14.5,0,0
20260923_門別_07,4,5,0.2627,1.7767,2.6,0,0
20260923_門別_07,5,8,0.2017,4.3728,4.0,0,0
20260923_門別_07,4,8,0.1115,10.2047,13.7,0,0
20260923_門別_07,5,6,0.0511,10.956,12.9,0,0
20260923_門別_07,1,5,0.0487,14.887,9.9,0,0
20260923_門別_11,3,7,0.2489,2.374,2.9,1,290
20260923_門別_11,5,7,0.1831,2.9429,4.0,0,0
20260923_門別_11,1,7,0.1708,2.8153,3.2,0,0
20260923_門別_11,3,5,0.0684,17.9617,21.3,0,0
20260923_門別_11,1,3,0.0635,14.5323,16.4,0,0
20260923_門別_12,2,7,0.2864,1.9862,2.2,1,220
20260923_門別_12,3,7,0.2662,1.2151,2.3,0,0
20260923_門別_12,6,7,0.1334,6.4551,6.2,0,0
20260923_門別_12,1,7,0.0531,27.6357,29.4,0,0
20260923_門別_12,7,8,0.0498,16.8719,16.4,0,0
20260924_園田_03,8,9,0.3002,2.563,2.7,1,270
20260924_園田_03,5,8,0.1001,6.0896,8.3,0,0
20260924_園田_03,3,8,0.0833,7.7907,9.6,0,0
20260924_園田_03,5,9,0.0746,12.4426,19.1,0,0
20260924_園田_03,3,9,0.0619,15.1408,13.4,0,0
20260924_園田_04,2,8,0.2649,2.9933,3.8,0,0
20260924_園田_04,2,7,0.1394,3.6516,5.4,0,0
20260924_園田_04,2,4,0.1331,4.6833,5.9,0,0
20260924_園田_04,2,5,0.0692,9.5975,11.3,1,1130
20260924_園田_04,2,10,0.0543,12.657,12.7,0,0
20260924_園田_05,5,10,0.2521,2.0642,3.2,0,0
20260924_園田_05,8,10,0.1962,4.4823,3.0,1,300
20260924_園田_05,2,10,0.0917,6.2224,8.8,0,0
20260924_園田_05,3,10,0.0708,9.8078,12.6,0,0
20260924_園田_05,5,8,0.0571,15.5771,20.7,0,0
20260924_園田_07,3,7,0.2556,1.9459,2.5,0,0
20260924_園田_07,1,7,0.1592,7.6972,7.2,0,0
20260924_園田_07,4,7,0.1174,4.9508,7.5,0,0
20260924_園田_07,5,7,0.0833,9.9471,12.0,0,0
20260924_園田_07,7,9,0.0504,16.6985,18.1,0,0
20260924_園田_08,2,5,0.1531,4.5724,5.9,0,0
20260924_園田_08,2,6,0.1259,5.7077,6.4,0,0
20260924_園田_08,2,3,0.1242,7.202,10.4,0,0
20260924_園田_08,2,8,0.1043,13.6063,10.8,0,0
20260924_園田_08,1,2,0.0943,8.0723,8.6,0,0
20260924_園田_09,6,7,0.2449,1.7181,2.7,0,0
20260924_園田_09,2,6,0.1459,7.9141,9.0,0,0
20260924_園田_09,4,6,0.0961,6.7897,4.7,0,0
20260924_園田_09,2,7,0.0836,10.399,15.4,1,1540
20260924_園田_09,5,6,0.0793,9.8017,11.3,0,0
20260924_園田_10,3,7,0.2223,2.6249,3.8,0,0
20260924_園田_10,7,8,0.193,4.0136,3.4,1,340
20260924_園田_10,7,10,0.1412,4.2446,6.2,0,0
20260924_園田_10,2,7,0.0735,9.3291,13.1,0,0
20260924_園田_10,3,8,0.0708,11.5495,6.5,0,0
20260924_園田_11,3,5,0.2574,2.2808,3.2,0,0
20260924_園田_11,4,5,0.1963,2.8714,3.9,0,0
20260924_園田_11,5,8,0.1221,4.9253,5.0,0,0
20260924_園田_11,2,5,0.0688,9.9531,12.9,0,0
20260924_園田_11,5,10,0.0618,11.9317,10.6,0,0
20260924_浦和_01,1,4,0.2932,1.9835,2.1,0,0
20260924_浦和_01,1,8,0.1256,4.4665,4.3,0,0
20260924_浦和_01,1,5,0.0908,6.8286,9.4,0,0
20260924_浦和_01,4,8,0.0571,15.9083,14.7,0,0
20260924_浦和_01,1,3,0.0508,13.4139,19.6,0,0
20260924_浦和_03,4,5,0.335,0.9775,1.4,1,140
20260924_浦和_03,3,4,0.2122,5.0645,6.2,0,0
20260924_浦和_03,3,5,0.1862,11.5093,9.9,0,0
20260924_浦和_03,2,4,0.0744,3.597,4.7,0,0
20260924_浦和_03,2,5,0.0647,8.1362,17.9,0,0
20260924_浦和_04,1,6,0.2555,2.4179,3.3,0,0
20260924_浦和_04,1,5,0.2265,3.6765,4.1,1,410
20260924_浦和_04,1,3,0.1301,4.293,3.1,0,0
20260924_浦和_04,1,2,0.1078,6.7034,9.5,0,0
20260924_浦和_04,5,6,0.0768,11.0364,12.3,0,0
20260924_浦和_05,5,6,0.2434,3.0462,2.9,1,290
20260924_浦和_05,6,8,0.1706,4.4302,4.9,0,0
20260924_浦和_05,5,8,0.1209,4.9842,5.0,0,0
20260924_浦和_05,3,6,0.0547,17.9711,29.3,0,0
20260924_浦和_05,3,5,0.038,21.4656,22.6,0,0
20260924_浦和_08,2,5,0.2352,3.1062,3.4,1,340
20260924_浦和_08,5,7,0.1189,3.8361,3.8,0,0
20260924_浦和_08,5,8,0.1148,5.4543,5.8,0,0
20260924_浦和_08,4,5,0.1134,8.051,8.8,0,0
20260924_浦和_08,5,10,0.0991,8.725,11.7,0,0
20260924_笠松_01,3,9,0.2228,1.5484,2.3,1,230
20260924_笠松_01,8,9,0.1786,5.5748,4.1,0,0
20260924_笠松_01,7,9,0.1102,6.8884,8.2,0,0
20260924_笠松_01,4,9,0.0912,13.0302,8.9,0,0
20260924_笠松_01,1,9,0.0722,13.1615,15.0,0,0
20260924_笠松_02,5,8,0.2229,2.0679,3.1,0,0
20260924_笠松_02,1,8,0.1729,3.2095,5.0,0,0
20260924_笠松_02,6,8,0.1684,4.8878,2.7,0,0
20260924_笠松_02,7,8,0.0644,10.1591,13.7,0,0
20260924_笠松_02,1,5,0.0533,13.7658,19.6,0,0
20260924_笠松_03,4,5,0.4595,0.6806,2.0,0,0
20260924_笠松_03,4,7,0.1289,10.7812,3.2,0,0
20260924_笠松_03,5,7,0.1186,9.3486,4.3,1,430
20260924_笠松_03,2,4,0.0471,22.4259,17.8,0,0
20260924_笠松_03,2,5,0.0432,17.6032,26.7,0,0
20260924_笠松_04,4,7,0.4101,0.9153,1.5,1,150
20260924_笠松_04,4,6,0.132,5.751,5.2,0,0
20260924_笠松_04,6,7,0.0849,6.2339,6.1,0,0
20260924_笠松_04,3,4,0.0795,12.5919,18.0,0,0
20260924_笠松_04,3,7,0.0506,15.9796,17.0,0,0
20260924_笠松_05,1,8,0.301,1.1541,2.3,0,0
20260924_笠松_05,3,8,0.2768,3.0832,2.4,0,0
20260924_笠松_05,7,8,0.1235,4.8215,5.3,0,0
20260924_笠松_05,2,8,0.0653,18.0568,11.9,1,1190
20260924_笠松_05,5,8,0.0569,10.7305,21.9,0,0
20260924_笠松_06,3,9,0.2346,3.2745,3.9,0,0
20260924_笠松_06,3,5,0.1629,4.5087,5.2,0,0
20260924_笠松_06,2,3,0.1074,8.0382,10.7,0,0
20260924_笠松_06,5,9,0.0765,10.3629,8.9,0,0
20260924_笠松_06,3,6,0.0649,11.7382,17.9,0,0
20260924_笠松_07,2,8,0.1904,3.8486,5.7,0,0
20260924_笠松_07,1,8,0.1849,1.853,3.3,0,0
20260924_笠松_07,1,2,0.1745,7.1712,4.8,0,0
20260924_笠松_07,3,8,0.0409,15.5922,23.7,0,0
20260924_笠松_07,2,3,0.0384,39.2555,16.4,0,0
20260924_笠松_08,1,8,0.1949,2.6061,4.8,1,480
20260924_笠松_08,3,8,0.1851,4.943,4.2,0,0
20260924_笠松_08,5,8,0.1624,3.1441,6.0,0,0
20260924_笠松_08,2,8,0.1057,4.172,6.0,0,0
20260924_笠松_08,7,8,0.0645,19.9644,14.6,0,0
20260924_門別_01,8,12,0.2324,2.6599,1.9,0,0
20260924_門別_01,10,12,0.1064,6.9846,7.4,0,0
20260924_門別_01,2,12,0.1034,6.0214,9.4,0,0
20260924_門別_01,1,12,0.0935,8.4874,13.1,0,0
20260924_門別_01,9,12,0.0811,12.0043,16.0,1,1600
20260924_門別_03,2,10,0.2171,3.9956,5.3,0,0
20260924_門別_03,6,10,0.1729,3.7097,4.5,1,450
20260924_門別_03,8,10,0.0919,7.706,7.5,0,0
20260924_門別_03,5,10,0.0801,9.6682,10.6,0,0
20260924_門別_03,1,10,0.0705,13.663,16.4,0,0
20260924_門別_05,7,9,0.3872,2.558,2.6,1,260
20260924_門別_05,1,9,0.0873,4.1862,3.7,0,0
20260924_門別_05,9,11,0.0822,6.1834,5.5,0,0
20260924_門別_05,6,9,0.0784,6.0742,6.0,0,0
20260924_門別_05,3,9,0.0701,6.6377,16.6,0,0
20260924_門別_06,5,7,0.3449,1.4,1.7,1,170
20260924_門別_06,6,7,0.248,2.4357,3.0,0,0
20260924_門別_06,5,6,0.1621,4.5823,7.6,0,0
20260924_門別_06,3,7,0.0537,16.6445,22.4,0,0
20260924_門別_06,2,7,0.0369,17.9091,24.2,0,0
20260924_門別_07,2,7,0.2055,4.0587,3.4,0,0
20260924_門別_07,2,6,0.162,4.5056,3.9,0,0
20260924_門別_07,6,7,0.1408,4.2471,4.3,0,0
20260924_門別_07,2,4,0.0809,18.472,15.3,0,0
20260924_門別_07,4,7,0.0699,18.2888,13.7,0,0
20260924_門別_08,3,8,0.1917,3.0036,3.5,0,0
20260924_門別_08,3,6,0.1661,9.1311,7.1,0,0
20260924_門別_08,1,3,0.1299,3.4657,3.5,0,0
20260924_門別_08,3,4,0.1162,13.0036,11.7,0,0
20260924_門別_08,3,7,0.0993,12.4386,9.1,0,0
20260924_門別_09,2,4,0.2606,1.4699,1.8,1,180
20260924_門別_09,4,7,0.1844,6.0994,6.0,0,0
20260924_門別_09,2,7,0.1386,9.1285,12.2,0,0
20260924_門別_09,1,4,0.0733,8.5225,12.5,0,0
20260924_門別_09,3,4,0.0596,8.4011,7.3,0,0
20260924_門別_10,2,6,0.2183,3.3832,3.1,0,0
20260924_門別_10,2,8,0.1714,3.8952,3.7,0,0
20260924_門別_10,2,4,0.1156,4.7134,5.7,0,0
20260924_門別_10,2,5,0.0931,11.5851,9.8,1,980
20260924_門別_10,2,7,0.0593,7.6208,8.7,0,0
20260926_佐賀_01,5,8,0.3041,2.4847,2.8,0,0
20260926_佐賀_01,1,5,0.1956,2.7299,2.9,0,0
20260926_佐賀_01,5,7,0.0783,8.1266,9.5,0,0
20260926_佐賀_01,5,6,0.0757,12.4212,17.3,0,0
20260926_佐賀_01,1,8,0.0657,9.0326,16.2,0,0
20260926_佐賀_02,1,3,0.2733,2.0234,1.9,1,190
20260926_佐賀_02,1,10,0.1489,4.3076,6.1,0,0
20260926_佐賀_02,1,5,0.0837,12.5669,13.8,0,0
20260926_佐賀_02,1,7,0.0788,12.3145,18.1,0,0
20260926_佐賀_02,1,9,0.0537,22.0462,27.2,0,0
20260926_佐賀_03,2,3,0.4026,1.0182,1.7,0,0
20260926_佐賀_03,2,8,0.1134,7.4072,9.0,0,0
20260926_佐賀_03,3,8,0.0853,10.0832,13.9,0,0
20260926_佐賀_03,1,2,0.055,12.8191,8.0,0,0
20260926_佐賀_03,1,3,0.041,17.0636,12.8,0,0
20260926_佐賀_05,2,3,0.2432,3.3299,3.7,0,0
20260926_佐賀_05,2,8,0.134,4.4466,4.5,0,0
20260926_佐賀_05,2,9,0.1269,5.5188,5.2,0,0
20260926_佐賀_05,2,6,0.0787,12.5845,9.6,0,0
20260926_佐賀_05,2,7,0.0562,9.8275,10.1,0,0
20260926_佐賀_07,3,8,0.291,3.275,2.7,0,0
20260926_佐賀_07,3,9,0.1335,8.4913,6.6,0,0
20260926_佐賀_07,3,5,0.1053,12.1562,12.0,0,0
20260926_佐賀_07,3,4,0.0523,23.8643,23.1,0,0
20260926_佐賀_07,1,3,0.0508,30.3027,28.2,0,0
20260926_高知_01,3,4,0.2846,1.7341,2.6,1,260
20260926_高知_01,3,8,0.1544,4.5612,3.8,0,0
20260926_高知_01,3,6,0.1142,5.6659,6.1,0,0
20260926_高知_01,3,10,0.0589,14.3453,12.9,0,0
20260926_高知_01,3,7,0.0499,19.3171,29.0,0,0
20260926_高知_02,6,9,0.308,2.1419,2.9,1,290
20260926_高知_02,6,7,0.25,2.291,2.7,0,0
20260926_高知_02,2,6,0.1124,5.9257,4.2,0,0
20260926_高知_02,6,8,0.0521,23.7448,21.7,0,0
20260926_高知_02,7,9,0.051,20.5578,23.3,0,0
20260926_高知_04,2,4,0.2419,2.0708,3.1,0,0
20260926_高知_04,4,7,0.1411,7.5112,6.3,0,0
20260926_高知_04,3,4,0.1201,4.4478,5.2,0,0
20260926_高知_04,2,7,0.079,11.4318,8.9,0,0
20260926_高知_04,2,3,0.0669,6.9482,9.2,0,0
20260926_高知_06,3,8,0.338,1.4694,1.7,1,170
20260926_高知_06,7,8,0.1873,3.7044,4.2,0,0
20260926_高知_06,5,8,0.1398,6.3107,5.6,0,0
20260926_高知_06,3,7,0.0835,7.9548,13.4,0,0
20260926_高知_06,3,5,0.0615,13.5684,16.9,0,0
20260926_高知_08,8,10,0.3475,1.4297,1.6,0,0
20260926_高知_08,2,10,0.1373,4.4332,4.2,1,420
20260926_高知_08,3,10,0.0906,11.8758,11.1,0,0
20260926_高知_08,7,10,0.0669,10.8866,13.0,0,0
20260926_高知_08,1,10,0.0572,14.1258,15.6,0,0
20260926_高知_09,5,8,0.3136,2.9499,3.0,0,0
20260926_高知_09,4,8,0.1389,6.6714,7.2,0,0
20260926_高知_09,3,8,0.1157,4.6307,5.6,0,0
20260926_高知_09,7,8,0.0701,12.0351,12.0,0,0
20260926_高知_09,1,8,0.0575,14.6274,17.1,0,0
20260927_佐賀_01,4,5,0.2808,3.4428,2.7,0,0
20260927_佐賀_01,1,5,0.1376,3.9198,5.4,0,0
20260927_佐賀_01,5,6,0.0934,7.1712,10.9,0,0
20260927_佐賀_01,2,5,0.0751,6.1345,8.9,0,0
20260927_佐賀_01,1,4,0.073,20.3253,9.8,0,0
20260927_佐賀_05,1,5,0.4929,0.8992,1.1,1,110
20260927_佐賀_05,1,7,0.0866,10.4917,17.4,0,0
20260927_佐賀_05,1,3,0.0765,13.7895,24.4,0,0
20260927_佐賀_05,1,2,0.0494,17.4765,20.5,0,0
20260927_佐賀_05,1,8,0.0465,19.9426,20.3,0,0
20260927_佐賀_06,1,11,0.1994,3.7582,4.5,1,450
20260927_佐賀_06,1,8,0.1628,3.885,5.6,0,0
20260927_佐賀_06,1,3,0.1057,6.0818,5.8,0,0
20260927_佐賀_06,8,11,0.0769,8.7935,11.9,0,0
20260927_佐賀_06,1,4,0.0567,13.0986,13.5,0,0
20260927_佐賀_07,2,6,0.2887,2.7652,3.8,0,0
20260927_佐賀_07,6,12,0.1164,3.5371,4.6,0,0
20260927_佐賀_07,2,12,0.0788,9.1206,10.8,0,0
20260927_佐賀_07,6,7,0.0662,8.2632,8.3,0,0
20260927_佐賀_07,6,8,0.0649,9.9671,11.0,0,0
20260927_佐賀_09,6,7,0.2518,2.1572,2.7,0,0
20260927_佐賀_09,7,13,0.2111,3.9637,4.1,0,0
20260927_佐賀_09,7,8,0.089,10.783,7.2,0,0
20260927_佐賀_09,6,13,0.0594,14.1875,18.6,0,0
20260927_佐賀_09,7,11,0.0401,21.6441,27.7,0,0
20260927_水沢_02,3,4,0.2517,2.0096,2.8,1,280
20260927_水沢_02,2,3,0.1569,3.0735,2.8,0,0
20260927_水沢_02,3,8,0.0925,6.1875,7.8,0,0
20260927_水沢_02,3,7,0.0866,11.5206,11.7,0,0
20260927_水沢_02,1,3,0.0809,25.6241,25.1,0,0
20260927_水沢_03,2,8,0.1888,4.0464,5.0,1,500
20260927_水沢_03,2,6,0.1539,2.7253,3.8,0,0
20260927_水沢_03,2,9,0.1261,4.7344,6.0,0,0
20260927_水沢_03,2,5,0.0941,7.0923,6.0,0,0
20260927_水沢_03,6,8,0.0587,13.466,13.0,0,0
20260927_水沢_06,2,10,0.2546,1.9559,2.6,1,260
20260927_水沢_06,6,10,0.1018,5.9321,8.7,0,0
20260927_水沢_06,5,10,0.0927,7.9308,11.0,0,0
20260927_水沢_06,2,6,0.0825,5.969,4.5,0,0
20260927_水沢_06,2,5,0.0751,8.2588,7.4,0,0
20260927_水沢_07,1,3,0.2077,2.2372,2.8,0,0
20260927_水沢_07,1,8,0.1259,6.855,6.3,0,0
20260927_水沢_07,1,9,0.1172,5.7912,4.9,1,490
20260927_水沢_07,1,2,0.107,13.6966,11.1,0,0
20260927_水沢_07,1,12,0.1067,16.346,13.4,0,0
20260927_水沢_09,7,8,0.268,2.9264,2.7,0,0
20260927_水沢_09,6,8,0.1938,5.9121,3.6,0,0
20260927_水沢_09,8,9,0.0763,10.229,10.8,1,1080
20260927_水沢_09,3,8,0.0595,22.8997,55.3,0,0
20260927_水沢_09,5,8,0.0556,14.3569,17.2,0,0
20260927_高知_03,4,9,0.2151,3.9409,3.2,0,0
20260927_高知_03,1,9,0.1522,7.0222,5.6,0,0
20260927_高知_03,1,4,0.1024,9.1211,6.9,0,0
20260927_高知_03,7,9,0.1004,9.9879,7.2,0,0
20260927_高知_03,4,7,0.067,15.1841,19.6,1,1960
20260927_高知_06,3,4,0.1729,3.1785,4.2,0,0
20260927_高知_06,4,7,0.1724,8.8688,10.1,0,0
20260927_高知_06,3,7,0.0975,8.356,9.1,0,0
20260927_高知_06,4,9,0.0864,9.6033,9.4,0,0
20260927_高知_06,1,4,0.086,12.618,16.0,0,0
20260927_高知_07,9,11,0.3576,1.6827,2.0,0,0
20260927_高知_07,11,12,0.1118,4.4449,4.5,0,0
20260927_高知_07,9,12,0.0958,6.3033,9.0,0,0
20260927_高知_07,10,11,0.0518,13.6808,17.5,0,0
20260927_高知_07,9,10,0.0441,17.3788,22.0,0,0
20260927_高知_08,6,9,0.2026,2.5352,1.9,1,190
20260927_高知_08,2,9,0.1375,4.3344,5.4,0,0
20260927_高知_08,3,9,0.1202,6.5069,9.6,0,0
20260927_高知_08,1,9,0.0998,8.3789,9.3,0,0
20260927_高知_08,7,9,0.0915,8.6062,9.0,0,0
20260927_高知_09,8,10,0.2078,2.7854,2.8,1,280
20260927_高知_09,9,10,0.1316,4.392,6.1,0,0
20260927_高知_09,5,10,0.1141,7.4052,7.2,0,0
20260927_高知_09,8,9,0.0816,6.8942,8.4,0,0
20260927_高知_09,1,10,0.0747,9.025,11.1,0,0
20260927_高知_11,3,6,0.1977,3.4908,4.3,1,430
20260927_高知_11,3,5,0.1324,4.6528,4.7,0,0
20260927_高知_11,5,6,0.1164,5.686,6.6,0,0
20260927_高知_11,2,3,0.1004,6.2284,5.8,0,0
20260927_高知_11,2,6,0.0882,8.0184,9.8,0,0
