label,races,pts,hit,roi,roi_ex1,roi_ex3,exp_hit,profit,maxpay,med_hit_pay,theta,pmin,k,race_pmin,feats,stage
,974,2.76,0.034,0.586,0.525,0.43,0.083,-111490,16470,2950,1.0,0.0,3,0.0,MKT,A
,136,2.81,0.044,0.263,0.181,0.045,0.215,-28160,3110,1670,1.0,0.0,3,0.15,MKT,A
,35,2.63,0.057,0.073,0.025,0.0,0.309,-8530,440,335,1.0,0.0,3,0.25,MKT,A
,975,4.12,0.057,0.558,0.517,0.449,0.12,-177880,16470,2430,1.0,0.0,5,0.0,MKT,A
,280,4.36,0.104,0.788,0.653,0.44,0.234,-25890,16470,1520,1.0,0.0,5,0.15,MKT,A
,95,4.34,0.168,0.741,0.482,0.352,0.322,-10680,10660,1295,1.0,0.0,5,0.25,MKT,A
,975,5.77,0.079,0.492,0.462,0.412,0.158,-286100,16470,2120,1.0,0.0,9,0.0,MKT,A
,419,6.47,0.131,0.614,0.553,0.449,0.256,-104610,16470,1520,1.0,0.0,9,0.15,MKT,A
,182,6.64,0.198,0.737,0.601,0.452,0.341,-31760,16470,1355,1.0,0.0,9,0.25,MKT,A
,885,2.28,0.059,0.707,0.648,0.562,0.119,-59230,11790,2155,1.0,0.02,3,0.0,MKT,A
,233,2.7,0.077,0.373,0.324,0.253,0.22,-39500,3110,1150,1.0,0.02,3,0.15,MKT,A
,55,2.64,0.109,0.369,0.266,0.102,0.315,-9150,1490,950,1.0,0.02,3,0.25,MKT,A
,885,2.74,0.077,0.675,0.627,0.555,0.146,-78880,11790,1675,1.0,0.02,5,0.0,MKT,A
,368,3.81,0.12,0.643,0.559,0.463,0.242,-49950,11790,1365,1.0,0.02,5,0.15,MKT,A
,129,4.09,0.171,0.583,0.5,0.398,0.329,-21960,4410,1240,1.0,0.02,5,0.25,MKT,A
,885,2.89,0.08,0.668,0.622,0.554,0.155,-84900,11790,1780,1.0,0.02,9,0.0,MKT,A
,370,4.17,0.127,0.631,0.554,0.467,0.264,-56970,11790,1420,1.0,0.02,9,0.15,MKT,A
,164,5.03,0.177,0.638,0.547,0.444,0.352,-29900,7450,1410,1.0,0.02,9,0.25,MKT,A
,657,1.75,0.065,0.532,0.496,0.439,0.142,-54000,4070,1290,1.0,0.04,3,0.0,MKT,A
,263,2.41,0.11,0.563,0.499,0.427,0.23,-27660,4070,1050,1.0,0.04,3,0.15,MKT,A
,78,2.51,0.154,0.607,0.502,0.359,0.318,-7700,2060,935,1.0,0.04,3,0.25,MKT,A
,657,1.86,0.07,0.541,0.508,0.454,0.151,-56100,4070,1295,1.0,0.04,5,0.0,MKT,A
,264,2.67,0.121,0.574,0.516,0.448,0.251,-30060,4070,1070,1.0,0.04,5,0.15,MKT,A
,105,3.23,0.171,0.722,0.602,0.461,0.341,-9430,4070,1140,1.0,0.04,5,0.25,MKT,A
,657,1.87,0.07,0.539,0.506,0.452,0.152,-56600,4070,1295,1.0,0.04,9,0.0,MKT,A
,264,2.69,0.121,0.57,0.512,0.445,0.252,-30560,4070,1070,1.0,0.04,9,0.15,MKT,A
,105,3.28,0.171,0.711,0.593,0.454,0.344,-9930,4070,1140,1.0,0.04,9,0.25,MKT,A
,469,1.45,0.077,0.634,0.598,0.533,0.153,-24870,2490,1175,1.0,0.06,3,0.0,MKT,A
,189,1.99,0.122,0.662,0.596,0.484,0.242,-12730,2490,970,1.0,0.06,3,0.15,MKT,A
,71,2.39,0.197,0.929,0.783,0.572,0.322,-1200,2490,1030,1.0,0.06,3,0.25,MKT,A
,469,1.48,0.079,0.638,0.603,0.539,0.157,-25170,2490,1190,1.0,0.06,5,0.0,MKT,A
,189,2.08,0.127,0.668,0.605,0.497,0.251,-13030,2490,1010,1.0,0.06,5,0.15,MKT,A
,75,2.64,0.2,0.864,0.738,0.557,0.34,-2700,2490,1090,1.0,0.06,5,0.25,MKT,A
,469,1.48,0.079,0.638,0.603,0.539,0.157,-25170,2490,1190,1.0,0.06,9,0.0,MKT,A
,189,2.08,0.127,0.668,0.605,0.497,0.251,-13030,2490,1010,1.0,0.06,9,0.15,MKT,A
,75,2.64,0.2,0.864,0.738,0.557,0.34,-2700,2490,1090,1.0,0.06,9,0.25,MKT,A
,916,2.62,0.029,0.574,0.506,0.402,0.075,-102320,16470,3670,1.1,0.0,3,0.0,MKT,A
,98,2.76,0.041,0.324,0.209,0.016,0.211,-18240,3110,2605,1.1,0.0,3,0.15,MKT,A
,23,2.57,0.043,0.075,0.0,0.0,0.303,-5460,440,440,1.1,0.0,3,0.25,MKT,A
,916,3.68,0.046,0.572,0.523,0.442,0.101,-144330,16470,3255,1.1,0.0,5,0.0,MKT,A
,179,4.17,0.095,1.105,0.884,0.534,0.229,7800,16470,2290,1.1,0.0,5,0.15,MKT,A
,57,4.16,0.14,0.93,0.48,0.255,0.315,-1660,10660,1790,1.1,0.0,5,0.25,MKT,A
,916,4.85,0.06,0.522,0.485,0.421,0.124,-212640,16470,2690,1.1,0.0,9,0.0,MKT,A
,266,6.11,0.128,0.85,0.748,0.575,0.244,-24460,16470,2210,1.1,0.0,9,0.15,MKT,A
,103,6.29,0.223,1.171,0.916,0.639,0.329,11050,16470,2190,1.1,0.0,9,0.25,MKT,A
,761,2.07,0.049,0.76,0.686,0.575,0.103,-37710,11790,2570,1.1,0.02,3,0.0,MKT,A
,150,2.61,0.06,0.383,0.304,0.19,0.212,-24180,3110,2080,1.1,0.02,3,0.15,MKT,A
,30,2.43,0.067,0.21,0.06,0.0,0.302,-5770,1090,765,1.1,0.02,3,0.25,MKT,A
,761,2.35,0.06,0.746,0.68,0.583,0.12,-45580,11790,2210,1.1,0.02,5,0.0,MKT,A
,225,3.58,0.111,0.691,0.598,0.468,0.233,-24930,7450,1520,1.1,0.02,5,0.15,MKT,A
,68,4.0,0.162,0.707,0.544,0.348,0.326,-7980,4410,1460,1.1,0.02,5,0.25,MKT,A
,761,2.43,0.063,0.752,0.688,0.594,0.124,-45790,11790,2240,1.1,0.02,9,0.0,MKT,A
,226,3.83,0.119,0.704,0.617,0.497,0.247,-25640,7450,2060,1.1,0.02,9,0.15,MKT,A
,83,4.75,0.193,0.806,0.694,0.511,0.34,-7660,4410,1790,1.1,0.02,9,0.25,MKT,A
,522,1.57,0.05,0.518,0.469,0.388,0.121,-39390,4070,1455,1.1,0.04,3,0.0,MKT,A
,156,2.34,0.096,0.605,0.493,0.369,0.222,-14430,4070,1090,1.1,0.04,3,0.15,MKT,A
,42,2.43,0.119,0.589,0.387,0.131,0.302,-4190,2060,1090,1.1,0.04,3,0.25,MKT,A
,522,1.64,0.052,0.525,0.478,0.4,0.127,-40600,4070,1490,1.1,0.04,5,0.0,MKT,A
,157,2.58,0.102,0.606,0.506,0.388,0.24,-15940,4070,1250,1.1,0.04,5,0.15,MKT,A
,55,3.15,0.145,0.808,0.573,0.31,0.33,-3320,4070,1465,1.1,0.04,5,0.25,MKT,A
,522,1.64,0.052,0.524,0.476,0.399,0.127,-40800,4070,1490,1.1,0.04,9,0.0,MKT,A
,157,2.59,0.102,0.603,0.503,0.386,0.241,-16140,4070,1250,1.1,0.04,9,0.15,MKT,A
,55,3.18,0.145,0.799,0.566,0.306,0.332,-3520,4070,1465,1.1,0.04,9,0.25,MKT,A
,330,1.35,0.064,0.641,0.585,0.486,0.139,-15930,2490,1320,1.1,0.06,3,0.0,MKT,A
,111,1.88,0.09,0.647,0.528,0.325,0.229,-7370,2490,1250,1.1,0.06,3,0.15,MKT,A
,36,2.36,0.167,1.0,0.707,0.286,0.312,0,2490,1305,1.1,0.06,3,0.25,MKT,A
,330,1.37,0.064,0.631,0.576,0.478,0.141,-16630,2490,1320,1.1,0.06,5,0.0,MKT,A
,111,1.95,0.09,0.626,0.511,0.314,0.235,-8070,2490,1250,1.1,0.06,5,0.15,MKT,A
,37,2.57,0.162,0.895,0.633,0.256,0.329,-1000,2490,1305,1.1,0.06,5,0.25,MKT,A
,330,1.37,0.064,0.631,0.576,0.478,0.141,-16630,2490,1320,1.1,0.06,9,0.0,MKT,A
,111,1.95,0.09,0.626,0.511,0.314,0.235,-8070,2490,1250,1.1,0.06,9,0.15,MKT,A
,37,2.57,0.162,0.895,0.633,0.256,0.329,-1000,2490,1305,1.1,0.06,9,0.25,MKT,A
,847,2.41,0.026,0.606,0.525,0.404,0.067,-80480,16470,3870,1.2,0.0,3,0.0,MKT,A
,72,2.75,0.056,0.442,0.285,0.022,0.205,-11040,3110,2605,1.2,0.0,3,0.15,MKT,A
,15,2.67,0.067,0.11,0.0,0.0,0.299,-3560,440,440,1.2,0.0,3,0.25,MKT,A
,847,3.23,0.038,0.626,0.566,0.466,0.085,-102150,16470,3870,1.2,0.0,5,0.0,MKT,A
,121,3.98,0.091,1.151,0.854,0.388,0.224,7270,14300,2920,1.2,0.0,5,0.15,MKT,A
,38,4.05,0.132,1.148,0.456,0.12,0.309,2280,10660,2060,1.2,0.0,5,0.25,MKT,A
,847,4.04,0.048,0.541,0.493,0.413,0.1,-156880,16470,3110,1.2,0.0,9,0.0,MKT,A
,176,5.72,0.136,0.913,0.771,0.547,0.234,-8780,14300,2185,1.2,0.0,9,0.15,MKT,A
,59,5.97,0.203,0.876,0.573,0.312,0.327,-4380,10660,1250,1.2,0.0,9,0.25,MKT,A
,636,1.9,0.041,0.774,0.677,0.533,0.092,-27320,11790,3015,1.2,0.02,3,0.0,MKT,A
,97,2.55,0.062,0.399,0.273,0.096,0.21,-14850,3110,1585,1.2,0.02,3,0.15,MKT,A
,21,2.52,0.095,0.289,0.083,0.0,0.296,-3770,1090,765,1.2,0.02,3,0.25,MKT,A
,636,2.11,0.052,0.786,0.698,0.568,0.105,-28720,11790,2570,1.2,0.02,5,0.0,MKT,A
,140,3.49,0.121,0.71,0.586,0.413,0.23,-14190,6050,1460,1.2,0.02,5,0.15,MKT,A
,42,3.88,0.167,0.589,0.398,0.185,0.323,-6700,3110,1090,1.2,0.02,5,0.25,MKT,A
,636,2.15,0.053,0.791,0.705,0.577,0.107,-28620,11790,2630,1.2,0.02,9,0.0,MKT,A
,141,3.69,0.128,0.719,0.603,0.44,0.239,-14590,6050,1490,1.2,0.02,9,0.15,MKT,A
,46,4.43,0.174,0.603,0.45,0.217,0.336,-8100,3110,1250,1.2,0.02,9,0.25,MKT,A
,404,1.46,0.04,0.415,0.346,0.262,0.109,-34430,4070,1325,1.2,0.04,3,0.0,MKT,A
,92,2.26,0.076,0.352,0.253,0.133,0.218,-13470,2060,900,1.2,0.04,3,0.15,MKT,A
,25,2.4,0.16,0.748,0.405,0.073,0.301,-1510,2060,995,1.2,0.04,3,0.25,MKT,A
,404,1.51,0.04,0.4,0.333,0.252,0.114,-36730,4070,1325,1.2,0.04,5,0.0,MKT,A
,93,2.52,0.075,0.313,0.225,0.118,0.237,-16070,2060,900,1.2,0.04,5,0.15,MKT,A
,33,3.18,0.152,0.562,0.366,0.128,0.331,-4600,2060,1090,1.2,0.04,5,0.25,MKT,A
,404,1.52,0.04,0.399,0.333,0.252,0.114,-36830,4070,1325,1.2,0.04,9,0.0,MKT,A
,93,2.53,0.075,0.312,0.224,0.118,0.238,-16170,2060,900,1.2,0.04,9,0.15,MKT,A
,33,3.21,0.152,0.557,0.362,0.126,0.333,-4700,2060,1090,1.2,0.04,9,0.25,MKT,A
,241,1.26,0.05,0.45,0.382,0.285,0.127,-16660,2060,1125,1.2,0.06,3,0.0,MKT,A
,65,1.85,0.108,0.611,0.439,0.231,0.23,-4670,2060,900,1.2,0.06,3,0.15,MKT,A
,20,2.35,0.2,0.955,0.517,0.094,0.324,-210,2060,995,1.2,0.06,3,0.25,MKT,A
,241,1.27,0.05,0.444,0.377,0.281,0.129,-17060,2060,1125,1.2,0.06,5,0.0,MKT,A
,65,1.91,0.108,0.591,0.425,0.223,0.236,-5070,2060,900,1.2,0.06,5,0.15,MKT,A
,20,2.55,0.2,0.88,0.476,0.086,0.342,-610,2060,995,1.2,0.06,5,0.25,MKT,A
,241,1.27,0.05,0.444,0.377,0.281,0.129,-17060,2060,1125,1.2,0.06,9,0.0,MKT,A
,65,1.91,0.108,0.591,0.425,0.223,0.236,-5070,2060,900,1.2,0.06,9,0.15,MKT,A
,20,2.55,0.2,0.88,0.476,0.086,0.342,-610,2060,995,1.2,0.06,9,0.25,MKT,A
,740,2.25,0.018,0.524,0.425,0.29,0.06,-79240,16470,6050,1.3,0.0,3,0.0,MKT,A
,47,2.7,0.021,0.18,0.0,0.0,0.211,-10410,2290,2290,1.3,0.0,3,0.15,MKT,A
,9,2.44,0.0,0.0,0.0,0.0,0.314,-2200,0,0,1.3,0.0,3,0.25,MKT,A
,740,2.92,0.026,0.56,0.484,0.363,0.074,-94970,16470,5200,1.3,0.0,5,0.0,MKT,A
,73,3.86,0.068,1.457,0.95,0.154,0.225,12900,14300,10660,1.3,0.0,5,0.15,MKT,A
,22,3.91,0.091,1.479,0.24,0.0,0.311,4120,10660,6360,1.3,0.0,5,0.25,MKT,A
,740,3.49,0.028,0.484,0.42,0.319,0.083,-133450,16470,4070,1.3,0.0,9,0.0,MKT,A
,106,5.44,0.104,1.215,0.967,0.578,0.227,12380,14300,6050,1.3,0.0,9,0.15,MKT,A
,30,5.7,0.133,1.256,0.632,0.12,0.332,4370,10660,4375,1.3,0.0,9,0.25,MKT,A
,523,1.77,0.027,0.675,0.548,0.36,0.083,-30050,11790,3535,1.3,0.02,3,0.0,MKT,A
,63,2.51,0.016,0.145,0.0,0.0,0.212,-13510,2290,2290,1.3,0.02,3,0.15,MKT,A
,14,2.43,0.0,0.0,0.0,0.0,0.297,-3400,0,0,1.3,0.02,3,0.25,MKT,A
,523,1.92,0.029,0.644,0.526,0.352,0.091,-35790,11790,3400,1.3,0.02,5,0.0,MKT,A
,86,3.33,0.047,0.413,0.202,0.05,0.225,-16780,6050,2175,1.3,0.02,5,0.15,MKT,A
,23,3.57,0.043,0.251,0.0,0.0,0.321,-6140,2060,2060,1.3,0.02,5,0.25,MKT,A
,523,1.94,0.031,0.662,0.546,0.375,0.092,-34390,11790,3050,1.3,0.02,9,0.0,MKT,A
,87,3.49,0.057,0.478,0.279,0.114,0.231,-15880,6050,2290,1.3,0.02,9,0.15,MKT,A
,25,4.04,0.08,0.471,0.204,0.0,0.334,-5340,2700,2380,1.3,0.02,9,0.25,MKT,A
,299,1.4,0.027,0.407,0.31,0.191,0.102,-24830,4070,1920,1.3,0.04,3,0.0,MKT,A
,58,2.26,0.017,0.157,0.0,0.0,0.218,-11040,2060,2060,1.3,0.04,3,0.15,MKT,A
,15,2.4,0.067,0.572,0.0,0.0,0.309,-1540,2060,2060,1.3,0.04,3,0.25,MKT,A
,299,1.45,0.027,0.394,0.3,0.185,0.105,-26230,4070,1920,1.3,0.04,5,0.0,MKT,A
,59,2.51,0.017,0.139,0.0,0.0,0.233,-12740,2060,2060,1.3,0.04,5,0.15,MKT,A
,20,3.15,0.05,0.327,0.0,0.0,0.328,-4240,2060,2060,1.3,0.04,5,0.25,MKT,A
,299,1.45,0.027,0.394,0.3,0.185,0.105,-26230,4070,1920,1.3,0.04,9,0.0,MKT,A
,59,2.51,0.017,0.139,0.0,0.0,0.233,-12740,2060,2060,1.3,0.04,9,0.15,MKT,A
,20,3.15,0.05,0.327,0.0,0.0,0.328,-4240,2060,2060,1.3,0.04,9,0.25,MKT,A
,167,1.22,0.024,0.307,0.206,0.061,0.121,-14060,2060,1470,1.3,0.06,3,0.0,MKT,A
,39,1.77,0.026,0.299,0.0,0.0,0.226,-4840,2060,2060,1.3,0.06,3,0.15,MKT,A
,11,2.18,0.091,0.858,0.0,0.0,0.327,-340,2060,2060,1.3,0.06,3,0.25,MKT,A
,167,1.22,0.024,0.306,0.205,0.061,0.121,-14160,2060,1470,1.3,0.06,5,0.0,MKT,A
,39,1.79,0.026,0.294,0.0,0.0,0.228,-4940,2060,2060,1.3,0.06,5,0.15,MKT,A
,11,2.27,0.091,0.824,0.0,0.0,0.334,-440,2060,2060,1.3,0.06,5,0.25,MKT,A
,167,1.22,0.024,0.306,0.205,0.061,0.121,-14160,2060,1470,1.3,0.06,9,0.0,MKT,A
,39,1.79,0.026,0.294,0.0,0.0,0.228,-4940,2060,2060,1.3,0.06,9,0.15,MKT,A
,11,2.27,0.091,0.824,0.0,0.0,0.334,-440,2060,2060,1.3,0.06,9,0.25,MKT,A
,536,2.02,0.019,0.735,0.583,0.376,0.054,-28640,16470,8235,1.5,0.0,3,0.0,MKT,A
,26,2.54,0.038,0.347,0.0,0.0,0.222,-4310,2290,2290,1.5,0.0,3,0.15,MKT,A
,6,2.33,0.0,0.0,0.0,0.0,0.317,-1400,0,0,1.5,0.0,3,0.25,MKT,A
,536,2.46,0.024,0.766,0.641,0.444,0.062,-30880,16470,7450,1.5,0.0,5,0.0,MKT,A
,37,3.65,0.081,1.381,0.322,0.0,0.236,5150,14300,2290,1.5,0.0,5,0.15,MKT,A
,13,3.92,0.077,0.404,0.0,0.0,0.322,-3040,2060,2060,1.5,0.0,5,0.25,MKT,A
,536,2.81,0.024,0.672,0.563,0.389,0.067,-49280,16470,7450,1.5,0.0,9,0.0,MKT,A
,46,4.98,0.087,1.079,0.454,0.09,0.238,1800,14300,4170,1.5,0.0,9,0.15,MKT,A
,15,5.13,0.067,0.268,0.0,0.0,0.342,-5640,2060,2060,1.5,0.0,9,0.25,MKT,A
,346,1.54,0.023,0.91,0.69,0.363,0.073,-4790,11790,5625,1.5,0.02,3,0.0,MKT,A
,29,2.34,0.034,0.337,0.0,0.0,0.226,-4510,2290,2290,1.5,0.02,3,0.15,MKT,A
,9,2.33,0.0,0.0,0.0,0.0,0.298,-2100,0,0,1.5,0.02,3,0.25,MKT,A
,346,1.65,0.026,0.887,0.681,0.376,0.078,-6430,11790,5200,1.5,0.02,5,0.0,MKT,A
,39,3.33,0.051,0.335,0.158,0.0,0.237,-8650,2290,2175,1.5,0.02,5,0.15,MKT,A
,13,3.62,0.077,0.438,0.0,0.0,0.334,-2640,2060,2060,1.5,0.02,5,0.25,MKT,A
,346,1.66,0.026,0.883,0.677,0.374,0.078,-6730,11790,5200,1.5,0.02,9,0.0,MKT,A
,39,3.41,0.051,0.327,0.155,0.0,0.241,-8950,2290,2175,1.5,0.02,9,0.15,MKT,A
,14,3.93,0.071,0.375,0.0,0.0,0.337,-3440,2060,2060,1.5,0.02,9,0.25,MKT,A
,176,1.31,0.023,0.442,0.265,0.077,0.097,-12900,4070,2175,1.5,0.04,3,0.0,MKT,A
,26,2.15,0.038,0.368,0.0,0.0,0.235,-3540,2060,2060,1.5,0.04,3,0.15,MKT,A
,9,2.33,0.111,0.981,0.0,0.0,0.323,-40,2060,2060,1.5,0.04,3,0.25,MKT,A
,176,1.35,0.023,0.43,0.259,0.075,0.099,-13500,4070,2175,1.5,0.04,5,0.0,MKT,A
,26,2.38,0.038,0.332,0.0,0.0,0.251,-4140,2060,2060,1.5,0.04,5,0.15,MKT,A
,11,2.91,0.091,0.644,0.0,0.0,0.333,-1140,2060,2060,1.5,0.04,5,0.25,MKT,A
,176,1.35,0.023,0.43,0.259,0.075,0.099,-13500,4070,2175,1.5,0.04,9,0.0,MKT,A
,26,2.38,0.038,0.332,0.0,0.0,0.251,-4140,2060,2060,1.5,0.04,9,0.15,MKT,A
,11,2.91,0.091,0.644,0.0,0.0,0.333,-1140,2060,2060,1.5,0.04,9,0.25,MKT,A
,92,1.2,0.011,0.187,0.0,0.0,0.122,-8940,2060,2060,1.5,0.06,3,0.0,MKT,A
,20,1.8,0.05,0.572,0.0,0.0,0.244,-1540,2060,2060,1.5,0.06,3,0.15,MKT,A
,7,2.0,0.143,1.471,0.0,0.0,0.329,660,2060,2060,1.5,0.06,3,0.25,MKT,A
,92,1.2,0.011,0.187,0.0,0.0,0.122,-8940,2060,2060,1.5,0.06,5,0.0,MKT,A
,20,1.8,0.05,0.572,0.0,0.0,0.244,-1540,2060,2060,1.5,0.06,5,0.15,MKT,A
,7,2.0,0.143,1.471,0.0,0.0,0.329,660,2060,2060,1.5,0.06,5,0.25,MKT,A
,92,1.2,0.011,0.187,0.0,0.0,0.122,-8940,2060,2060,1.5,0.06,9,0.0,MKT,A
,20,1.8,0.05,0.572,0.0,0.0,0.244,-1540,2060,2060,1.5,0.06,9,0.15,MKT,A
,7,2.0,0.143,1.471,0.0,0.0,0.329,660,2060,2060,1.5,0.06,9,0.25,MKT,A
,947,2.88,0.035,0.493,0.436,0.343,0.079,-138270,15510,2520,1.0,0.0,3,0.0,MKT,B
,115,2.94,0.104,0.891,0.58,0.378,0.208,-3700,10490,1550,1.0,0.0,3,0.15,MKT,B
,24,2.92,0.125,1.046,0.546,0.0,0.301,320,3500,2520,1.0,0.0,3,0.25,MKT,B
,948,4.5,0.064,0.603,0.545,0.477,0.121,-169600,24620,2460,1.0,0.0,5,0.0,MKT,B
,265,4.6,0.128,0.539,0.453,0.373,0.232,-56090,10490,1375,1.0,0.0,5,0.15,MKT,B
,88,4.7,0.114,0.361,0.276,0.169,0.32,-26470,3500,1145,1.0,0.0,5,0.25,MKT,B
,948,6.88,0.09,0.57,0.513,0.438,0.171,-280660,36730,2170,1.0,0.0,9,0.0,MKT,B
,453,7.18,0.13,0.414,0.366,0.3,0.255,-190610,15510,1470,1.0,0.0,9,0.15,MKT,B
,179,7.25,0.179,0.555,0.469,0.328,0.353,-57770,11130,1335,1.0,0.0,9,0.25,MKT,B
,890,2.5,0.057,0.524,0.489,0.43,0.124,-105840,7800,1780,1.0,0.02,3,0.0,MKT,B
,259,2.87,0.104,0.56,0.503,0.411,0.209,-32710,4280,1300,1.0,0.02,3,0.15,MKT,B
,50,2.88,0.14,0.663,0.42,0.155,0.308,-4850,3500,820,1.0,0.02,3,0.25,MKT,B
,890,3.19,0.083,0.607,0.579,0.533,0.163,-111700,7800,1950,1.0,0.02,5,0.0,MKT,B
,439,4.15,0.128,0.612,0.569,0.501,0.244,-70680,7800,1490,1.0,0.02,5,0.15,MKT,B
,173,4.42,0.139,0.518,0.416,0.329,0.327,-36820,7800,1160,1.0,0.02,5,0.25,MKT,B
,890,3.41,0.096,0.633,0.605,0.557,0.175,-111440,8480,1780,1.0,0.02,9,0.0,MKT,B
,443,4.6,0.151,0.644,0.603,0.531,0.268,-72420,8480,1420,1.0,0.02,9,0.15,MKT,B
,217,5.31,0.175,0.565,0.491,0.393,0.347,-50120,8480,1195,1.0,0.02,9,0.25,MKT,B
,706,1.87,0.074,0.64,0.605,0.553,0.14,-47400,4650,1405,1.0,0.04,3,0.0,MKT,B
,283,2.6,0.127,0.653,0.605,0.521,0.227,-25610,3500,1185,1.0,0.04,3,0.15,MKT,B
,79,2.71,0.139,0.5,0.41,0.261,0.312,-10690,1930,820,1.0,0.04,3,0.25,MKT,B
,706,2.03,0.082,0.625,0.592,0.545,0.155,-53700,4650,1340,1.0,0.04,5,0.0,MKT,B
,289,3.0,0.149,0.637,0.597,0.526,0.26,-31480,3500,1090,1.0,0.04,5,0.15,MKT,B
,125,3.63,0.176,0.464,0.421,0.351,0.347,-24350,1930,930,1.0,0.04,5,0.25,MKT,B
,706,2.04,0.084,0.628,0.596,0.549,0.156,-53520,4650,1310,1.0,0.04,9,0.0,MKT,B
,289,3.03,0.152,0.643,0.603,0.533,0.263,-31300,3500,1085,1.0,0.04,9,0.15,MKT,B
,125,3.7,0.184,0.478,0.436,0.367,0.353,-24170,1930,990,1.0,0.04,9,0.25,MKT,B
,470,1.54,0.074,0.582,0.518,0.444,0.157,-30370,4650,1020,1.0,0.06,3,0.0,MKT,B
,197,2.16,0.142,0.723,0.641,0.557,0.245,-11780,3500,1020,1.0,0.06,3,0.15,MKT,B
,82,2.54,0.183,0.628,0.547,0.412,0.322,-7740,1680,820,1.0,0.06,3,0.25,MKT,B
,470,1.59,0.079,0.585,0.522,0.451,0.162,-30980,4650,1020,1.0,0.06,5,0.0,MKT,B
,197,2.26,0.152,0.722,0.644,0.563,0.257,-12390,3500,1015,1.0,0.06,5,0.15,MKT,B
,89,2.8,0.202,0.612,0.545,0.432,0.34,-9650,1680,810,1.0,0.06,5,0.25,MKT,B
,470,1.59,0.079,0.585,0.522,0.451,0.162,-30980,4650,1020,1.0,0.06,9,0.0,MKT,B
,197,2.26,0.152,0.722,0.644,0.563,0.257,-12390,3500,1015,1.0,0.06,9,0.15,MKT,B
,89,2.8,0.202,0.612,0.545,0.432,0.34,-9650,1680,810,1.0,0.06,9,0.25,MKT,B
,922,2.8,0.035,0.499,0.439,0.341,0.075,-129230,15510,2500,1.1,0.0,3,0.0,MKT,B
,95,2.88,0.116,0.971,0.588,0.374,0.207,-800,10490,1420,1.1,0.0,3,0.15,MKT,B
,19,2.84,0.053,0.467,0.0,0.0,0.302,-2880,2520,2520,1.1,0.0,3,0.25,MKT,B
,923,4.22,0.055,0.579,0.515,0.441,0.109,-164300,24620,2480,1.1,0.0,5,0.0,MKT,B
,209,4.49,0.12,0.535,0.423,0.319,0.229,-43620,10490,1370,1.1,0.0,5,0.15,MKT,B
,64,4.66,0.078,0.258,0.174,0.053,0.324,-22100,2520,1680,1.1,0.0,5,0.25,MKT,B
,923,6.07,0.066,0.497,0.453,0.382,0.145,-281710,24620,2230,1.1,0.0,9,0.0,MKT,B
,332,6.77,0.111,0.388,0.338,0.257,0.249,-137720,11130,1510,1.1,0.0,9,0.15,MKT,B
,126,6.96,0.151,0.602,0.475,0.267,0.346,-34900,11130,1680,1.1,0.0,9,0.25,MKT,B
,817,2.28,0.049,0.522,0.48,0.409,0.109,-88980,7800,1865,1.1,0.02,3,0.0,MKT,B
,186,2.86,0.108,0.607,0.527,0.405,0.208,-20910,4280,1335,1.1,0.02,3,0.15,MKT,B
,32,2.84,0.062,0.367,0.09,0.0,0.315,-5760,2520,1670,1.1,0.02,3,0.25,MKT,B
,817,2.77,0.062,0.536,0.501,0.443,0.137,-104960,7800,1930,1.1,0.02,5,0.0,MKT,B
,302,4.08,0.113,0.512,0.448,0.387,0.243,-60160,7800,1490,1.1,0.02,5,0.15,MKT,B
,113,4.42,0.106,0.499,0.343,0.233,0.332,-25040,7800,1595,1.1,0.02,5,0.25,MKT,B
,817,2.89,0.067,0.566,0.53,0.469,0.144,-102420,8480,1930,1.1,0.02,9,0.0,MKT,B
,303,4.42,0.125,0.566,0.502,0.412,0.26,-58120,8480,1580,1.1,0.02,9,0.15,MKT,B
,135,5.14,0.126,0.565,0.443,0.287,0.345,-30200,8480,1650,1.1,0.02,9,0.25,MKT,B
,584,1.72,0.067,0.667,0.621,0.553,0.128,-33430,4650,1470,1.1,0.04,3,0.0,MKT,B
,193,2.55,0.114,0.568,0.506,0.43,0.225,-21320,3010,1185,1.1,0.04,3,0.15,MKT,B
,56,2.66,0.089,0.367,0.238,0.078,0.309,-9430,1930,870,1.1,0.04,3,0.25,MKT,B
,584,1.83,0.067,0.625,0.582,0.518,0.137,-40130,4650,1470,1.1,0.04,5,0.0,MKT,B
,196,2.9,0.117,0.531,0.478,0.405,0.253,-26690,3010,1190,1.1,0.04,5,0.15,MKT,B
,84,3.46,0.071,0.211,0.145,0.063,0.335,-22960,1930,810,1.1,0.04,5,0.25,MKT,B
,584,1.84,0.067,0.622,0.579,0.515,0.138,-40730,4650,1470,1.1,0.04,9,0.0,MKT,B
,196,2.93,0.117,0.525,0.473,0.401,0.256,-27290,3010,1190,1.1,0.04,9,0.15,MKT,B
,84,3.54,0.071,0.207,0.142,0.062,0.341,-23560,1930,810,1.1,0.04,9,0.25,MKT,B
,363,1.45,0.066,0.608,0.519,0.418,0.147,-20600,4650,1100,1.1,0.06,3,0.0,MKT,B
,133,2.08,0.105,0.576,0.51,0.386,0.242,-11740,1830,1185,1.1,0.06,3,0.15,MKT,B
,54,2.35,0.093,0.331,0.213,0.085,0.312,-8490,1510,750,1.1,0.06,3,0.25,MKT,B
,363,1.47,0.066,0.597,0.51,0.41,0.15,-21500,4650,1100,1.1,0.06,5,0.0,MKT,B
,133,2.15,0.105,0.558,0.494,0.373,0.248,-12640,1830,1185,1.1,0.06,5,0.15,MKT,B
,57,2.54,0.088,0.29,0.186,0.074,0.323,-10290,1510,750,1.1,0.06,5,0.25,MKT,B
,363,1.47,0.066,0.597,0.51,0.41,0.15,-21500,4650,1100,1.1,0.06,9,0.0,MKT,B
,133,2.15,0.105,0.558,0.494,0.373,0.248,-12640,1830,1185,1.1,0.06,9,0.15,MKT,B
,57,2.54,0.088,0.29,0.186,0.074,0.323,-10290,1510,750,1.1,0.06,9,0.25,MKT,B
,886,2.69,0.03,0.444,0.379,0.272,0.07,-132350,15510,2210,1.2,0.0,3,0.0,MKT,B
,80,2.82,0.1,0.989,0.525,0.266,0.206,-250,10490,1550,1.2,0.0,3,0.15,MKT,B
,16,2.94,0.062,0.536,0.0,0.0,0.305,-2180,2520,2520,1.2,0.0,3,0.25,MKT,B
,887,3.87,0.045,0.482,0.437,0.362,0.097,-177990,15510,2190,1.2,0.0,5,0.0,MKT,B
,165,4.29,0.115,0.558,0.409,0.285,0.223,-31320,10490,1370,1.2,0.0,5,0.15,MKT,B
,47,4.55,0.106,0.36,0.242,0.073,0.318,-13700,2520,1680,1.2,0.0,5,0.25,MKT,B
,887,5.23,0.052,0.407,0.374,0.314,0.121,-274990,15510,2190,1.2,0.0,9,0.0,MKT,B
,241,6.36,0.112,0.453,0.38,0.261,0.239,-83860,11130,1510,1.2,0.0,9,0.15,MKT,B
,78,6.74,0.154,0.807,0.595,0.248,0.34,-10150,11130,1730,1.2,0.0,9,0.25,MKT,B
,731,2.11,0.041,0.464,0.413,0.328,0.1,-82480,7800,1725,1.2,0.02,3,0.0,MKT,B
,138,2.79,0.094,0.459,0.373,0.26,0.207,-20810,3330,1190,1.2,0.02,3,0.15,MKT,B
,25,2.84,0.08,0.47,0.115,0.0,0.305,-3760,2520,1670,1.2,0.02,3,0.25,MKT,B
,731,2.44,0.051,0.485,0.441,0.368,0.117,-91970,7800,1780,1.2,0.02,5,0.0,MKT,B
,214,3.88,0.112,0.53,0.436,0.359,0.232,-39030,7800,1465,1.2,0.02,5,0.15,MKT,B
,71,4.32,0.113,0.599,0.345,0.2,0.32,-12320,7800,1595,1.2,0.02,5,0.25,MKT,B
,731,2.53,0.055,0.526,0.48,0.402,0.122,-87530,8480,1775,1.2,0.02,9,0.0,MKT,B
,215,4.17,0.126,0.609,0.514,0.39,0.245,-35090,8480,1510,1.2,0.02,9,0.15,MKT,B
,82,5.02,0.134,0.55,0.361,0.246,0.336,-18530,7800,1650,1.2,0.02,9,0.25,MKT,B
,482,1.59,0.064,0.666,0.62,0.537,0.116,-25620,3500,1470,1.2,0.04,3,0.0,MKT,B
,134,2.51,0.112,0.515,0.458,0.351,0.22,-16340,1930,1090,1.2,0.04,3,0.15,MKT,B
,33,2.73,0.091,0.297,0.129,0.0,0.305,-6330,1510,750,1.2,0.04,3,0.25,MKT,B
,482,1.67,0.064,0.634,0.59,0.511,0.122,-29520,3500,1470,1.2,0.04,5,0.0,MKT,B
,136,2.81,0.118,0.513,0.454,0.356,0.24,-18610,2230,1140,1.2,0.04,5,0.15,MKT,B
,48,3.5,0.062,0.159,0.069,0.0,0.326,-14130,1510,750,1.2,0.04,5,0.25,MKT,B
,482,1.68,0.064,0.631,0.588,0.509,0.122,-29820,3500,1470,1.2,0.04,9,0.0,MKT,B
,136,2.83,0.118,0.509,0.451,0.353,0.243,-18910,2230,1140,1.2,0.04,9,0.15,MKT,B
,48,3.56,0.062,0.156,0.068,0.0,0.333,-14430,1510,750,1.2,0.04,9,0.25,MKT,B
,287,1.34,0.066,0.608,0.518,0.424,0.134,-15120,3500,1190,1.2,0.06,3,0.0,MKT,B
,88,2.01,0.114,0.612,0.509,0.329,0.231,-6860,1830,1005,1.2,0.06,3,0.15,MKT,B
,30,2.33,0.1,0.381,0.166,0.0,0.304,-4330,1510,750,1.2,0.06,3,0.25,MKT,B
,287,1.37,0.066,0.599,0.51,0.418,0.135,-15720,3500,1190,1.2,0.06,5,0.0,MKT,B
,88,2.08,0.114,0.592,0.492,0.318,0.236,-7460,1830,1005,1.2,0.06,5,0.15,MKT,B
,32,2.56,0.094,0.326,0.141,0.0,0.313,-5530,1510,750,1.2,0.06,5,0.25,MKT,B
,287,1.37,0.066,0.599,0.51,0.418,0.135,-15720,3500,1190,1.2,0.06,9,0.0,MKT,B
,88,2.08,0.114,0.592,0.492,0.318,0.236,-7460,1830,1005,1.2,0.06,9,0.15,MKT,B
,32,2.56,0.094,0.326,0.141,0.0,0.313,-5530,1510,750,1.2,0.06,9,0.25,MKT,B
,826,2.54,0.024,0.438,0.364,0.244,0.064,-118080,15510,2665,1.3,0.0,3,0.0,MKT,B
,61,2.85,0.049,0.891,0.288,0.0,0.206,-1900,10490,3330,1.3,0.0,3,0.15,MKT,B
,12,3.0,0.0,0.0,0.0,0.0,0.3,-3600,0,0,1.3,0.0,3,0.25,MKT,B
,827,3.53,0.036,0.493,0.44,0.351,0.087,-147860,15510,2665,1.3,0.0,5,0.0,MKT,B
,122,4.27,0.082,0.442,0.24,0.139,0.225,-29090,10490,1230,1.3,0.0,5,0.15,MKT,B
,32,4.62,0.094,0.236,0.106,0.0,0.324,-11300,1930,820,1.3,0.0,5,0.25,MKT,B
,827,4.52,0.04,0.432,0.391,0.317,0.104,-212320,15510,2520,1.3,0.0,9,0.0,MKT,B
,174,6.16,0.075,0.322,0.224,0.121,0.239,-72650,10490,1510,1.3,0.0,9,0.15,MKT,B
,55,6.76,0.109,0.453,0.172,0.079,0.344,-20330,10490,1440,1.3,0.0,9,0.25,MKT,B
,647,1.94,0.032,0.45,0.388,0.283,0.091,-69090,7800,1930,1.3,0.02,3,0.0,MKT,B
,104,2.81,0.048,0.265,0.151,0.046,0.209,-21470,3330,1370,1.3,0.02,3,0.15,MKT,B
,17,2.94,0.059,0.164,0.0,0.0,0.309,-4180,820,820,1.3,0.02,3,0.25,MKT,B
,647,2.19,0.037,0.43,0.375,0.283,0.104,-80700,7800,1880,1.3,0.02,5,0.0,MKT,B
,154,3.78,0.071,0.396,0.262,0.166,0.232,-35160,7800,1510,1.3,0.02,5,0.15,MKT,B
,47,4.36,0.106,0.311,0.217,0.077,0.33,-14120,1930,1370,1.3,0.02,5,0.25,MKT,B
,647,2.26,0.039,0.476,0.418,0.318,0.107,-76520,8480,1930,1.3,0.02,9,0.0,MKT,B
,155,4.06,0.077,0.5,0.366,0.189,0.244,-31480,8480,1595,1.3,0.02,9,0.15,MKT,B
,55,5.13,0.109,0.305,0.226,0.104,0.343,-19590,2230,1440,1.3,0.02,9,0.25,MKT,B
,386,1.55,0.049,0.574,0.515,0.407,0.112,-25460,3500,1510,1.3,0.04,3,0.0,MKT,B
,99,2.51,0.061,0.325,0.247,0.119,0.222,-16740,1930,1440,1.3,0.04,3,0.15,MKT,B
,24,2.88,0.083,0.328,0.109,0.0,0.309,-4640,1510,1130,1.3,0.04,3,0.25,MKT,B
,386,1.62,0.049,0.547,0.491,0.388,0.117,-28360,3500,1510,1.3,0.04,5,0.0,MKT,B
,101,2.8,0.069,0.364,0.285,0.157,0.241,-18010,2230,1510,1.3,0.04,5,0.15,MKT,B
,34,3.62,0.059,0.184,0.061,0.0,0.334,-10040,1510,1130,1.3,0.04,5,0.25,MKT,B
,386,1.63,0.049,0.545,0.489,0.387,0.117,-28560,3500,1510,1.3,0.04,9,0.0,MKT,B
,101,2.82,0.069,0.361,0.283,0.156,0.242,-18210,2230,1510,1.3,0.04,9,0.15,MKT,B
,34,3.68,0.059,0.181,0.06,0.0,0.337,-10240,1510,1130,1.3,0.04,9,0.25,MKT,B
,224,1.31,0.049,0.54,0.42,0.3,0.129,-13490,3500,1380,1.3,0.06,3,0.0,MKT,B
,62,1.98,0.081,0.498,0.362,0.128,0.233,-6170,1680,1370,1.3,0.06,3,0.15,MKT,B
,21,2.52,0.095,0.426,0.142,0.0,0.312,-3040,1510,1130,1.3,0.06,3,0.25,MKT,B
,224,1.33,0.049,0.531,0.413,0.295,0.131,-13990,3500,1380,1.3,0.06,5,0.0,MKT,B
,62,2.06,0.081,0.479,0.348,0.123,0.239,-6670,1680,1370,1.3,0.06,5,0.15,MKT,B
,22,2.77,0.091,0.37,0.123,0.0,0.326,-3840,1510,1130,1.3,0.06,5,0.25,MKT,B
,224,1.33,0.049,0.531,0.413,0.295,0.131,-13990,3500,1380,1.3,0.06,9,0.0,MKT,B
,62,2.06,0.081,0.479,0.348,0.123,0.239,-6670,1680,1370,1.3,0.06,9,0.15,MKT,B
,22,2.77,0.091,0.37,0.123,0.0,0.326,-3840,1510,1130,1.3,0.06,9,0.25,MKT,B
,682,2.27,0.013,0.263,0.187,0.069,0.057,-114290,11840,1930,1.5,0.0,3,0.0,MKT,B
,40,2.72,0.025,0.962,0.0,0.0,0.208,-410,10490,10490,1.5,0.0,3,0.15,MKT,B
,7,3.0,0.0,0.0,0.0,0.0,0.312,-2100,0,0,1.5,0.0,3,0.25,MKT,B
,683,2.92,0.02,0.359,0.296,0.184,0.072,-127680,12400,2725,1.5,0.0,5,0.0,MKT,B
,74,4.04,0.054,0.489,0.138,0.027,0.229,-15290,10490,1650,1.5,0.0,5,0.15,MKT,B
,17,4.82,0.059,0.1,0.0,0.0,0.348,-7380,820,820,1.5,0.0,5,0.25,MKT,B
,683,3.52,0.025,0.371,0.312,0.212,0.082,-151240,14200,2230,1.5,0.0,9,0.0,MKT,B
,100,5.67,0.06,0.324,0.139,0.065,0.239,-38350,10490,1720,1.5,0.0,9,0.15,MKT,B
,25,6.8,0.08,0.137,0.048,0.0,0.369,-14670,1510,1165,1.5,0.0,9,0.25,MKT,B
,460,1.78,0.02,0.305,0.21,0.09,0.084,-56960,7800,1680,1.5,0.02,3,0.0,MKT,B
,65,2.69,0.031,0.125,0.047,0.0,0.211,-15310,1370,1095,1.5,0.02,3,0.15,MKT,B
,10,2.9,0.1,0.283,0.0,0.0,0.329,-2080,820,820,1.5,0.02,3,0.25,MKT,B
,460,1.95,0.024,0.32,0.233,0.124,0.093,-61120,7800,1680,1.5,0.02,5,0.0,MKT,B
,90,3.51,0.056,0.249,0.178,0.069,0.23,-23740,2230,1510,1.5,0.02,5,0.15,MKT,B
,21,4.38,0.095,0.253,0.089,0.0,0.357,-6870,1510,1165,1.5,0.02,5,0.25,MKT,B
,460,2.0,0.026,0.405,0.313,0.155,0.095,-54740,8480,1805,1.5,0.02,9,0.0,MKT,B
,91,3.76,0.066,0.478,0.23,0.108,0.24,-17860,8480,1720,1.5,0.02,9,0.15,MKT,B
,24,5.12,0.083,0.189,0.067,0.0,0.37,-9970,1510,1165,1.5,0.02,9,0.25,MKT,B
,255,1.49,0.035,0.376,0.294,0.185,0.108,-23650,3090,1510,1.5,0.04,3,0.0,MKT,B
,62,2.42,0.065,0.375,0.247,0.055,0.224,-9370,1930,1440,1.5,0.04,3,0.15,MKT,B
,16,2.81,0.062,0.336,0.0,0.0,0.315,-2990,1510,1510,1.5,0.04,3,0.25,MKT,B
,255,1.53,0.035,0.366,0.287,0.18,0.112,-24650,3090,1510,1.5,0.04,5,0.0,MKT,B
,62,2.58,0.065,0.352,0.231,0.051,0.238,-10370,1930,1440,1.5,0.04,5,0.15,MKT,B
,18,3.33,0.056,0.252,0.0,0.0,0.349,-4490,1510,1510,1.5,0.04,5,0.25,MKT,B
,255,1.53,0.035,0.366,0.287,0.18,0.112,-24650,3090,1510,1.5,0.04,9,0.0,MKT,B
,62,2.58,0.065,0.352,0.231,0.051,0.238,-10370,1930,1440,1.5,0.04,9,0.15,MKT,B
,18,3.33,0.056,0.252,0.0,0.0,0.349,-4490,1510,1510,1.5,0.04,9,0.25,MKT,B
,137,1.3,0.036,0.332,0.238,0.076,0.133,-11890,1680,1370,1.5,0.06,3,0.0,MKT,B
,38,1.97,0.053,0.311,0.109,0.0,0.242,-5170,1510,1165,1.5,0.06,3,0.15,MKT,B
,15,2.4,0.067,0.419,0.0,0.0,0.314,-2090,1510,1510,1.5,0.06,3,0.25,MKT,B
,137,1.3,0.036,0.332,0.238,0.076,0.133,-11890,1680,1370,1.5,0.06,5,0.0,MKT,B
,38,1.97,0.053,0.311,0.109,0.0,0.242,-5170,1510,1165,1.5,0.06,5,0.15,MKT,B
,15,2.4,0.067,0.419,0.0,0.0,0.314,-2090,1510,1510,1.5,0.06,5,0.25,MKT,B
,137,1.3,0.036,0.332,0.238,0.076,0.133,-11890,1680,1370,1.5,0.06,9,0.0,MKT,B
,38,1.97,0.053,0.311,0.109,0.0,0.242,-5170,1510,1165,1.5,0.06,9,0.15,MKT,B
,15,2.4,0.067,0.419,0.0,0.0,0.314,-2090,1510,1510,1.5,0.06,9,0.25,MKT,B
,893,2.57,0.056,0.772,0.71,0.607,0.093,-52260,14300,2015,1.0,0.0,3,0.0,MKT2,A
,155,2.75,0.103,0.643,0.393,0.299,0.216,-15190,10660,1120,1.0,0.0,3,0.15,MKT2,A
,37,2.62,0.081,0.3,0.088,0.0,0.309,-6790,2060,440,1.0,0.0,3,0.25,MKT2,A
,893,3.6,0.073,0.713,0.669,0.595,0.123,-92000,14300,2190,1.0,0.0,5,0.0,MKT2,A
,268,4.14,0.119,0.714,0.618,0.483,0.231,-31790,10660,1505,1.0,0.0,5,0.15,MKT2,A
,86,4.2,0.163,0.771,0.475,0.302,0.31,-8280,10660,1180,1.0,0.0,5,0.25,MKT2,A
,893,4.58,0.091,0.677,0.642,0.579,0.148,-132190,14300,2190,1.0,0.0,9,0.0,MKT2,A
,366,5.93,0.134,0.588,0.529,0.445,0.248,-89470,12830,1560,1.0,0.0,9,0.15,MKT2,A
,153,6.42,0.19,0.696,0.587,0.445,0.325,-29920,10660,1490,1.0,0.0,9,0.25,MKT2,A
,819,2.14,0.073,0.799,0.717,0.64,0.122,-35180,14300,1640,1.0,0.02,3,0.0,MKT2,A
,258,2.68,0.12,0.619,0.573,0.485,0.215,-26350,3190,1190,1.0,0.02,3,0.15,MKT2,A
,64,2.62,0.188,0.868,0.702,0.449,0.302,-2210,2790,1035,1.0,0.02,3,0.25,MKT2,A
,819,2.47,0.078,0.723,0.652,0.586,0.139,-55970,14300,1590,1.0,0.02,5,0.0,MKT2,A
,327,3.5,0.128,0.762,0.638,0.52,0.236,-27200,14300,1430,1.0,0.02,5,0.15,MKT2,A
,122,3.76,0.18,0.711,0.579,0.43,0.308,-13260,6050,1070,1.0,0.02,5,0.25,MKT2,A
,819,2.55,0.083,0.729,0.66,0.596,0.144,-56540,14300,1590,1.0,0.02,9,0.0,MKT2,A
,329,3.71,0.14,0.764,0.647,0.536,0.245,-28770,14300,1430,1.0,0.02,9,0.15,MKT2,A
,133,4.28,0.195,0.676,0.57,0.449,0.321,-18430,6050,1070,1.0,0.02,9,0.25,MKT2,A
,639,1.64,0.07,0.675,0.617,0.547,0.134,-34110,6050,1350,1.0,0.04,3,0.0,MKT2,A
,234,2.33,0.128,0.791,0.68,0.548,0.225,-11410,6050,1110,1.0,0.04,3,0.15,MKT2,A
,67,2.48,0.194,1.069,0.705,0.449,0.303,1150,6050,900,1.0,0.04,3,0.25,MKT2,A
,639,1.7,0.074,0.663,0.608,0.54,0.139,-36660,6050,1290,1.0,0.04,5,0.0,MKT2,A
,235,2.5,0.136,0.757,0.655,0.532,0.238,-14260,6050,1010,1.0,0.04,5,0.15,MKT2,A
,85,3.01,0.2,0.865,0.629,0.462,0.315,-3460,6050,960,1.0,0.04,5,0.25,MKT2,A
,639,1.71,0.074,0.661,0.606,0.538,0.14,-37060,6050,1290,1.0,0.04,9,0.0,MKT2,A
,235,2.52,0.136,0.752,0.65,0.529,0.239,-14660,6050,1010,1.0,0.04,9,0.15,MKT2,A
,85,3.06,0.2,0.852,0.619,0.455,0.319,-3860,6050,960,1.0,0.04,9,0.25,MKT2,A
,459,1.42,0.081,0.681,0.643,0.577,0.147,-20830,2490,1190,1.0,0.06,3,0.0,MKT2,A
,183,1.97,0.131,0.754,0.685,0.567,0.227,-8840,2490,1010,1.0,0.06,3,0.15,MKT2,A
,56,2.27,0.196,0.902,0.73,0.474,0.306,-1240,2190,960,1.0,0.06,3,0.25,MKT2,A
,459,1.44,0.083,0.68,0.643,0.577,0.149,-21140,2490,1180,1.0,0.06,5,0.0,MKT2,A
,183,2.01,0.137,0.751,0.684,0.568,0.232,-9150,2490,970,1.0,0.06,5,0.15,MKT2,A
,60,2.45,0.2,0.813,0.664,0.443,0.315,-2750,2190,930,1.0,0.06,5,0.25,MKT2,A
,459,1.44,0.083,0.68,0.643,0.577,0.149,-21140,2490,1180,1.0,0.06,9,0.0,MKT2,A
,183,2.01,0.137,0.751,0.684,0.568,0.232,-9150,2490,970,1.0,0.06,9,0.15,MKT2,A
,60,2.45,0.2,0.813,0.664,0.443,0.315,-2750,2190,930,1.0,0.06,9,0.25,MKT2,A
,761,2.31,0.05,0.796,0.715,0.597,0.081,-35800,14300,2230,1.1,0.0,3,0.0,MKT2,A
,97,2.63,0.082,0.745,0.327,0.187,0.217,-6500,10660,1270,1.1,0.0,3,0.15,MKT2,A
,25,2.52,0.08,0.397,0.07,0.0,0.303,-3800,2060,1250,1.1,0.0,3,0.25,MKT2,A
,761,3.04,0.062,0.751,0.689,0.6,0.101,-57600,14300,2690,1.1,0.0,5,0.0,MKT2,A
,164,3.94,0.098,0.753,0.588,0.379,0.222,-15970,10660,1985,1.1,0.0,5,0.15,MKT2,A
,46,3.89,0.109,0.504,0.277,0.079,0.304,-8870,4070,1490,1.1,0.0,5,0.25,MKT2,A
,761,3.63,0.072,0.671,0.619,0.545,0.114,-90920,14300,2250,1.1,0.0,9,0.0,MKT2,A
,212,5.41,0.118,0.547,0.454,0.337,0.236,-51870,10660,1560,1.1,0.0,9,0.15,MKT2,A
,76,5.86,0.145,0.508,0.372,0.224,0.317,-21900,6050,1490,1.1,0.0,9,0.25,MKT2,A
,639,1.88,0.07,0.999,0.88,0.768,0.105,-70,14300,1970,1.1,0.02,3,0.0,MKT2,A
,145,2.57,0.083,0.45,0.365,0.226,0.213,-20450,3190,1010,1.1,0.02,3,0.15,MKT2,A
,35,2.49,0.086,0.384,0.147,0.0,0.297,-5360,2060,840,1.1,0.02,3,0.25,MKT2,A
,639,2.08,0.072,0.913,0.805,0.704,0.116,-11550,14300,1940,1.1,0.02,5,0.0,MKT2,A
,180,3.31,0.094,0.622,0.497,0.328,0.23,-22510,7450,1420,1.1,0.02,5,0.15,MKT2,A
,61,3.57,0.131,0.77,0.492,0.211,0.305,-5020,6050,1230,1.1,0.02,5,0.25,MKT2,A
,639,2.13,0.075,0.926,0.821,0.721,0.118,-10070,14300,1940,1.1,0.02,9,0.0,MKT2,A
,181,3.48,0.105,0.658,0.54,0.379,0.238,-21530,7450,1440,1.1,0.02,9,0.15,MKT2,A
,66,4.03,0.136,0.724,0.497,0.25,0.318,-7330,6050,1490,1.1,0.02,9,0.25,MKT2,A
,454,1.5,0.068,0.807,0.718,0.611,0.122,-13180,6050,1490,1.1,0.04,3,0.0,MKT2,A
,130,2.23,0.115,0.951,0.743,0.495,0.221,-1410,6050,1420,1.1,0.04,3,0.15,MKT2,A
,36,2.36,0.139,1.219,0.507,0.151,0.297,1860,6050,970,1.1,0.04,3,0.25,MKT2,A
,454,1.54,0.068,0.786,0.7,0.595,0.125,-14980,6050,1490,1.1,0.04,5,0.0,MKT2,A
,130,2.37,0.115,0.896,0.699,0.466,0.231,-3210,6050,1420,1.1,0.04,5,0.15,MKT2,A
,43,2.84,0.116,0.849,0.353,0.105,0.311,-1840,6050,970,1.1,0.04,5,0.25,MKT2,A
,454,1.55,0.068,0.783,0.697,0.593,0.126,-15280,6050,1490,1.1,0.04,9,0.0,MKT2,A
,130,2.39,0.115,0.887,0.693,0.462,0.234,-3510,6050,1420,1.1,0.04,9,0.15,MKT2,A
,43,2.91,0.116,0.829,0.345,0.102,0.317,-2140,6050,970,1.1,0.04,9,0.25,MKT2,A
,313,1.32,0.077,0.788,0.727,0.624,0.136,-8770,2490,1320,1.1,0.06,3,0.0,MKT2,A
,101,1.82,0.089,0.612,0.477,0.284,0.222,-7130,2490,1050,1.1,0.06,3,0.15,MKT2,A
,30,2.03,0.1,0.569,0.231,0.0,0.293,-2630,2060,970,1.1,0.06,3,0.25,MKT2,A
,313,1.34,0.077,0.778,0.719,0.617,0.138,-9270,2490,1320,1.1,0.06,5,0.0,MKT2,A
,101,1.87,0.089,0.596,0.465,0.277,0.227,-7630,2490,1050,1.1,0.06,5,0.15,MKT2,A
,31,2.23,0.097,0.503,0.204,0.0,0.308,-3430,2060,970,1.1,0.06,5,0.25,MKT2,A
,313,1.34,0.077,0.778,0.719,0.617,0.138,-9270,2490,1320,1.1,0.06,9,0.0,MKT2,A
,101,1.87,0.089,0.596,0.465,0.277,0.227,-7630,2490,1050,1.1,0.06,9,0.15,MKT2,A
,31,2.23,0.097,0.503,0.204,0.0,0.308,-3430,2060,970,1.1,0.06,9,0.25,MKT2,A
,601,2.13,0.043,0.914,0.802,0.641,0.074,-10990,14300,3720,1.2,0.0,3,0.0,MKT2,A
,60,2.5,0.067,0.333,0.195,0.029,0.213,-10010,2060,1245,1.2,0.0,3,0.15,MKT2,A
,13,2.23,0.077,0.71,0.0,0.0,0.308,-840,2060,2060,1.2,0.0,3,0.25,MKT2,A
,601,2.64,0.048,0.821,0.731,0.601,0.087,-28410,14300,3680,1.2,0.0,5,0.0,MKT2,A
,93,3.69,0.075,0.534,0.357,0.145,0.221,-16000,6050,2060,1.2,0.0,5,0.15,MKT2,A
,24,3.62,0.083,0.705,0.237,0.0,0.299,-2570,4070,3065,1.2,0.0,5,0.25,MKT2,A
,601,3.04,0.055,0.74,0.662,0.549,0.096,-47480,14300,3110,1.2,0.0,9,0.0,MKT2,A
,121,5.12,0.091,0.377,0.279,0.162,0.23,-38570,6050,1520,1.2,0.0,9,0.15,MKT2,A
,41,5.56,0.171,0.755,0.489,0.221,0.308,-5590,6050,1890,1.2,0.0,9,0.25,MKT2,A
,488,1.66,0.053,1.015,0.838,0.671,0.094,1220,14300,2175,1.2,0.02,3,0.0,MKT2,A
,84,2.45,0.083,0.476,0.321,0.151,0.212,-10800,3190,970,1.2,0.02,3,0.15,MKT2,A
,19,2.32,0.105,0.659,0.191,0.0,0.294,-1500,2060,1450,1.2,0.02,3,0.25,MKT2,A
,488,1.78,0.053,0.946,0.781,0.626,0.1,-4680,14300,2175,1.2,0.02,5,0.0,MKT2,A
,103,3.04,0.087,0.636,0.443,0.211,0.222,-11380,6050,1440,1.2,0.02,5,0.15,MKT2,A
,29,3.28,0.138,1.371,0.734,0.088,0.303,3520,6050,3065,1.2,0.02,5,0.25,MKT2,A
,488,1.81,0.055,0.95,0.789,0.636,0.102,-4390,14300,2060,1.2,0.02,9,0.0,MKT2,A
,103,3.19,0.097,0.663,0.479,0.258,0.23,-11090,6050,1665,1.2,0.02,9,0.15,MKT2,A
,32,3.81,0.125,1.067,0.571,0.069,0.315,820,6050,3065,1.2,0.02,9,0.25,MKT2,A
,334,1.37,0.051,0.727,0.595,0.438,0.111,-12510,6050,1520,1.2,0.04,3,0.0,MKT2,A
,73,2.15,0.096,1.004,0.618,0.228,0.22,60,6050,1440,1.2,0.04,3,0.15,MKT2,A
,20,2.25,0.15,1.989,0.644,0.0,0.291,4450,6050,2060,1.2,0.04,3,0.25,MKT2,A
,334,1.4,0.051,0.713,0.583,0.43,0.113,-13410,6050,1520,1.2,0.04,5,0.0,MKT2,A
,73,2.27,0.096,0.949,0.585,0.216,0.229,-840,6050,1440,1.2,0.04,5,0.15,MKT2,A
,24,2.75,0.125,1.356,0.439,0.0,0.302,2350,6050,2060,1.2,0.04,5,0.25,MKT2,A
,334,1.4,0.051,0.71,0.581,0.428,0.113,-13610,6050,1520,1.2,0.04,9,0.0,MKT2,A
,73,2.3,0.096,0.938,0.578,0.213,0.231,-1040,6050,1440,1.2,0.04,9,0.15,MKT2,A
,24,2.83,0.125,1.316,0.426,0.0,0.31,2150,6050,2060,1.2,0.04,9,0.25,MKT2,A
,222,1.24,0.059,0.632,0.557,0.419,0.127,-10130,2060,1440,1.2,0.06,3,0.0,MKT2,A
,58,1.78,0.069,0.464,0.264,0.043,0.221,-5520,2060,1140,1.2,0.06,3,0.15,MKT2,A
,16,2.06,0.062,0.624,0.0,0.0,0.298,-1240,2060,2060,1.2,0.06,3,0.25,MKT2,A
,222,1.24,0.059,0.629,0.555,0.417,0.128,-10230,2060,1440,1.2,0.06,5,0.0,MKT2,A
,58,1.79,0.069,0.46,0.262,0.042,0.223,-5620,2060,1140,1.2,0.06,5,0.15,MKT2,A
,16,2.12,0.062,0.606,0.0,0.0,0.307,-1340,2060,2060,1.2,0.06,5,0.25,MKT2,A
,222,1.24,0.059,0.629,0.555,0.417,0.128,-10230,2060,1440,1.2,0.06,9,0.0,MKT2,A
,58,1.79,0.069,0.46,0.262,0.042,0.223,-5620,2060,1140,1.2,0.06,9,0.15,MKT2,A
,16,2.12,0.062,0.606,0.0,0.0,0.307,-1340,2060,2060,1.2,0.06,9,0.25,MKT2,A
,476,1.91,0.027,0.608,0.451,0.274,0.062,-35550,14300,2690,1.3,0.0,3,0.0,MKT2,A
,34,2.38,0.059,0.374,0.12,0.0,0.201,-5070,2060,1515,1.3,0.0,3,0.15,MKT2,A
,6,2.17,0.167,1.585,0.0,0.0,0.29,760,2060,2060,1.3,0.0,3,0.25,MKT2,A
,476,2.29,0.029,0.571,0.44,0.284,0.074,-46870,14300,3225,1.3,0.0,5,0.0,MKT2,A
,57,3.54,0.053,0.45,0.15,0.0,0.21,-11120,6050,2060,1.3,0.0,5,0.15,MKT2,A
,10,3.3,0.1,0.624,0.0,0.0,0.295,-1240,2060,2060,1.3,0.0,5,0.25,MKT2,A
,476,2.55,0.032,0.525,0.407,0.267,0.078,-57630,14300,2690,1.3,0.0,9,0.0,MKT2,A
,67,4.67,0.06,0.336,0.143,0.031,0.218,-20780,6050,1750,1.3,0.0,9,0.15,MKT2,A
,16,5.25,0.125,0.965,0.245,0.0,0.31,-290,6050,4055,1.3,0.0,9,0.25,MKT2,A
,369,1.48,0.035,0.855,0.594,0.388,0.08,-7890,14300,2290,1.3,0.02,3,0.0,MKT2,A
,44,2.34,0.068,0.434,0.234,0.0,0.205,-5830,2060,1440,1.3,0.02,3,0.15,MKT2,A
,8,2.38,0.125,1.084,0.0,0.0,0.29,160,2060,2060,1.3,0.02,3,0.25,MKT2,A
,369,1.57,0.035,0.805,0.559,0.365,0.085,-11290,14300,2290,1.3,0.02,5,0.0,MKT2,A
,58,3.07,0.069,0.591,0.251,0.054,0.216,-7280,6050,1750,1.3,0.02,5,0.15,MKT2,A
,14,3.5,0.143,1.655,0.42,0.0,0.306,3210,6050,4055,1.3,0.02,5,0.25,MKT2,A
,369,1.59,0.035,0.796,0.552,0.36,0.086,-11990,14300,2290,1.3,0.02,9,0.0,MKT2,A
,58,3.19,0.069,0.569,0.242,0.052,0.221,-7980,6050,1750,1.3,0.02,9,0.15,MKT2,A
,15,3.93,0.133,1.375,0.349,0.0,0.318,2210,6050,4055,1.3,0.02,9,0.25,MKT2,A
,231,1.29,0.039,0.71,0.507,0.28,0.101,-8640,6050,1520,1.3,0.04,3,0.0,MKT2,A
,40,2.12,0.075,1.124,0.412,0.0,0.213,1050,6050,2060,1.3,0.04,3,0.15,MKT2,A
,10,2.4,0.2,3.379,0.858,0.0,0.281,5710,6050,4055,1.3,0.04,3,0.25,MKT2,A
,231,1.31,0.039,0.698,0.499,0.276,0.103,-9140,6050,1520,1.3,0.04,5,0.0,MKT2,A
,40,2.25,0.075,1.061,0.389,0.0,0.222,550,6050,2060,1.3,0.04,5,0.15,MKT2,A
,12,2.92,0.167,2.317,0.589,0.0,0.297,4610,6050,4055,1.3,0.04,5,0.25,MKT2,A
,231,1.32,0.039,0.696,0.497,0.275,0.103,-9240,6050,1520,1.3,0.04,9,0.0,MKT2,A
,40,2.28,0.075,1.049,0.385,0.0,0.224,450,6050,2060,1.3,0.04,9,0.15,MKT2,A
,12,3.0,0.167,2.253,0.572,0.0,0.301,4510,6050,4055,1.3,0.04,9,0.25,MKT2,A
,146,1.2,0.041,0.477,0.359,0.19,0.12,-9150,2060,1315,1.3,0.06,3,0.0,MKT2,A
,32,1.75,0.062,0.625,0.257,0.0,0.213,-2100,2060,1750,1.3,0.06,3,0.15,MKT2,A
,7,2.14,0.143,1.373,0.0,0.0,0.29,560,2060,2060,1.3,0.06,3,0.25,MKT2,A
,146,1.2,0.041,0.477,0.359,0.19,0.12,-9150,2060,1315,1.3,0.06,5,0.0,MKT2,A
,32,1.75,0.062,0.625,0.257,0.0,0.213,-2100,2060,1750,1.3,0.06,5,0.15,MKT2,A
,7,2.14,0.143,1.373,0.0,0.0,0.29,560,2060,2060,1.3,0.06,5,0.25,MKT2,A
,146,1.2,0.041,0.477,0.359,0.19,0.12,-9150,2060,1315,1.3,0.06,9,0.0,MKT2,A
,32,1.75,0.062,0.625,0.257,0.0,0.213,-2100,2060,1750,1.3,0.06,9,0.15,MKT2,A
,7,2.14,0.143,1.373,0.0,0.0,0.29,560,2060,2060,1.3,0.06,9,0.25,MKT2,A
,273,1.75,0.018,0.579,0.28,0.068,0.055,-20130,14300,4070,1.5,0.0,3,0.0,MKT2,A
,15,2.2,0.067,0.624,0.0,0.0,0.194,-1240,2060,2060,1.5,0.0,3,0.15,MKT2,A
,2,2.5,0.5,4.12,0.0,0.0,0.266,1560,2060,2060,1.5,0.0,3,0.25,MKT2,A
,273,2.04,0.018,0.498,0.24,0.058,0.061,-27930,14300,4070,1.5,0.0,5,0.0,MKT2,A
,21,3.24,0.095,1.193,0.303,0.0,0.208,1310,6050,4055,1.5,0.0,5,0.15,MKT2,A
,3,3.33,0.333,2.06,0.0,0.0,0.289,1060,2060,2060,1.5,0.0,5,0.25,MKT2,A
,273,2.22,0.018,0.457,0.221,0.054,0.064,-32830,14300,4070,1.5,0.0,9,0.0,MKT2,A
,25,4.76,0.08,0.682,0.173,0.0,0.221,-3790,6050,4055,1.5,0.0,9,0.15,MKT2,A
,7,6.0,0.286,1.931,0.49,0.0,0.314,3910,6050,4055,1.5,0.0,9,0.25,MKT2,A
,191,1.39,0.026,1.044,0.505,0.123,0.072,1170,14300,4070,1.5,0.02,3,0.0,MKT2,A
,18,2.22,0.056,0.515,0.0,0.0,0.202,-1940,2060,2060,1.5,0.02,3,0.15,MKT2,A
,3,2.67,0.333,2.575,0.0,0.0,0.273,1260,2060,2060,1.5,0.02,3,0.25,MKT2,A
,191,1.44,0.026,1.006,0.486,0.118,0.075,170,14300,4070,1.5,0.02,5,0.0,MKT2,A
,20,2.75,0.1,1.475,0.375,0.0,0.221,2610,6050,4055,1.5,0.02,5,0.15,MKT2,A
,5,3.6,0.4,4.506,1.144,0.0,0.298,6310,6050,4055,1.5,0.02,5,0.25,MKT2,A
,191,1.46,0.026,0.992,0.479,0.116,0.076,-230,14300,4070,1.5,0.02,9,0.0,MKT2,A
,20,2.95,0.1,1.375,0.349,0.0,0.231,2210,6050,4055,1.5,0.02,9,0.15,MKT2,A
,6,4.33,0.333,3.119,0.792,0.0,0.316,5510,6050,4055,1.5,0.02,9,0.25,MKT2,A
,108,1.23,0.037,1.005,0.55,0.089,0.095,70,6050,3065,1.5,0.04,3,0.0,MKT2,A
,16,2.0,0.125,2.534,0.644,0.0,0.207,4910,6050,4055,1.5,0.04,3,0.15,MKT2,A
,3,2.67,0.667,10.138,2.575,0.0,0.275,7310,6050,4055,1.5,0.04,3,0.25,MKT2,A
,108,1.26,0.037,0.983,0.538,0.088,0.097,-230,6050,3065,1.5,0.04,5,0.0,MKT2,A
,16,2.19,0.125,2.317,0.589,0.0,0.223,4610,6050,4055,1.5,0.04,5,0.15,MKT2,A
,5,3.4,0.4,4.771,1.212,0.0,0.29,6410,6050,4055,1.5,0.04,5,0.25,MKT2,A
,108,1.26,0.037,0.983,0.538,0.088,0.097,-230,6050,3065,1.5,0.04,9,0.0,MKT2,A
,16,2.19,0.125,2.317,0.589,0.0,0.223,4610,6050,4055,1.5,0.04,9,0.15,MKT2,A
,5,3.4,0.4,4.771,1.212,0.0,0.29,6410,6050,4055,1.5,0.04,9,0.25,MKT2,A
,64,1.19,0.031,0.428,0.157,0.0,0.118,-4350,2060,1625,1.5,0.06,3,0.0,MKT2,A
,14,1.71,0.071,0.858,0.0,0.0,0.211,-340,2060,2060,1.5,0.06,3,0.15,MKT2,A
,1,2.0,1.0,10.3,0.0,0.0,0.269,1860,2060,2060,1.5,0.06,3,0.25,MKT2,A
,64,1.19,0.031,0.428,0.157,0.0,0.118,-4350,2060,1625,1.5,0.06,5,0.0,MKT2,A
,14,1.71,0.071,0.858,0.0,0.0,0.211,-340,2060,2060,1.5,0.06,5,0.15,MKT2,A
,1,2.0,1.0,10.3,0.0,0.0,0.269,1860,2060,2060,1.5,0.06,5,0.25,MKT2,A
,64,1.19,0.031,0.428,0.157,0.0,0.118,-4350,2060,1625,1.5,0.06,9,0.0,MKT2,A
,14,1.71,0.071,0.858,0.0,0.0,0.211,-340,2060,2060,1.5,0.06,9,0.15,MKT2,A
,1,2.0,1.0,10.3,0.0,0.0,0.269,1860,2060,2060,1.5,0.06,9,0.25,MKT2,A
,907,2.79,0.047,0.589,0.492,0.39,0.087,-103830,24620,1930,1.0,0.0,3,0.0,MKT2,B
,133,2.87,0.098,0.318,0.274,0.207,0.212,-26040,1680,870,1.0,0.0,3,0.15,MKT2,B
,29,2.72,0.103,0.228,0.133,0.0,0.303,-6100,750,640,1.0,0.0,3,0.25,MKT2,B
,907,4.18,0.076,0.628,0.563,0.487,0.122,-141240,24620,1930,1.0,0.0,5,0.0,MKT2,B
,262,4.5,0.153,0.691,0.597,0.442,0.228,-36480,11130,1135,1.0,0.0,5,0.15,MKT2,B
,74,4.41,0.162,0.332,0.273,0.185,0.324,-21770,1930,695,1.0,0.0,5,0.25,MKT2,B
,908,5.92,0.099,0.583,0.537,0.483,0.161,-223850,24620,2130,1.0,0.0,9,0.0,MKT2,B
,418,6.92,0.148,0.574,0.521,0.439,0.246,-123160,15510,1400,1.0,0.0,9,0.15,MKT2,B
,156,7.01,0.167,0.513,0.411,0.24,0.337,-53280,11130,985,1.0,0.0,9,0.25,MKT2,B
,843,2.36,0.072,0.68,0.627,0.55,0.121,-63550,10490,1740,1.0,0.02,3,0.0,MKT2,B
,240,2.83,0.125,0.544,0.444,0.375,0.21,-30990,6730,935,1.0,0.02,3,0.15,MKT2,B
,52,2.81,0.135,0.377,0.245,0.145,0.3,-9100,1930,640,1.0,0.02,3,0.25,MKT2,B
,843,2.9,0.093,0.698,0.656,0.589,0.151,-73670,10490,1665,1.0,0.02,5,0.0,MKT2,B
,377,3.96,0.146,0.714,0.644,0.535,0.24,-42630,10490,1090,1.0,0.02,5,0.15,MKT2,B
,134,4.28,0.179,0.637,0.455,0.302,0.322,-20820,10490,800,1.0,0.02,5,0.25,MKT2,B
,843,3.05,0.098,0.713,0.672,0.609,0.159,-73820,10490,1650,1.0,0.02,9,0.0,MKT2,B
,385,4.31,0.156,0.718,0.655,0.557,0.254,-46780,10490,1185,1.0,0.02,9,0.15,MKT2,B
,153,5.01,0.196,0.627,0.49,0.36,0.343,-28570,10490,1050,1.0,0.02,9,0.25,MKT2,B
,650,1.8,0.085,0.665,0.635,0.581,0.138,-39140,3500,1180,1.0,0.04,3,0.0,MKT2,B
,258,2.5,0.132,0.523,0.493,0.437,0.222,-30770,1930,935,1.0,0.04,3,0.15,MKT2,B
,70,2.69,0.171,0.574,0.471,0.347,0.305,-8010,1930,885,1.0,0.04,3,0.25,MKT2,B
,650,1.89,0.089,0.656,0.628,0.577,0.147,-42300,3500,1160,1.0,0.04,5,0.0,MKT2,B
,261,2.75,0.146,0.544,0.513,0.457,0.243,-32730,2230,935,1.0,0.04,5,0.15,MKT2,B
,89,3.34,0.169,0.42,0.355,0.276,0.337,-17230,1930,700,1.0,0.04,5,0.25,MKT2,B
,650,1.9,0.089,0.654,0.626,0.575,0.148,-42700,3500,1160,1.0,0.04,9,0.0,MKT2,B
,261,2.77,0.146,0.541,0.51,0.454,0.244,-33130,2230,935,1.0,0.04,9,0.15,MKT2,B
,89,3.38,0.169,0.414,0.35,0.273,0.343,-17630,1930,700,1.0,0.04,9,0.25,MKT2,B
,459,1.45,0.094,0.666,0.631,0.566,0.147,-22250,2330,980,1.0,0.06,3,0.0,MKT2,B
,177,2.07,0.153,0.633,0.585,0.502,0.236,-13470,1770,800,1.0,0.06,3,0.15,MKT2,B
,59,2.49,0.169,0.498,0.414,0.266,0.321,-7380,1240,655,1.0,0.06,3,0.25,MKT2,B
,459,1.47,0.094,0.656,0.622,0.557,0.149,-23250,2330,980,1.0,0.06,5,0.0,MKT2,B
,177,2.13,0.153,0.616,0.569,0.488,0.242,-14470,1770,800,1.0,0.06,5,0.15,MKT2,B
,60,2.67,0.167,0.458,0.38,0.244,0.336,-8680,1240,655,1.0,0.06,5,0.25,MKT2,B
,459,1.47,0.094,0.656,0.622,0.557,0.149,-23250,2330,980,1.0,0.06,9,0.0,MKT2,B
,177,2.13,0.153,0.616,0.569,0.488,0.242,-14470,1770,800,1.0,0.06,9,0.15,MKT2,B
,60,2.67,0.167,0.458,0.38,0.244,0.336,-8680,1240,655,1.0,0.06,9,0.25,MKT2,B
,851,2.57,0.039,0.586,0.474,0.356,0.077,-90640,24620,2140,1.1,0.0,3,0.0,MKT2,B
,99,2.89,0.081,0.299,0.24,0.15,0.206,-20060,1680,1000,1.1,0.0,3,0.15,MKT2,B
,17,2.94,0.059,0.15,0.0,0.0,0.298,-4250,750,750,1.1,0.0,3,0.25,MKT2,B
,851,3.6,0.058,0.624,0.544,0.46,0.102,-115100,24620,2210,1.1,0.0,5,0.0,MKT2,B
,179,4.31,0.151,0.874,0.729,0.492,0.22,-9740,11130,1380,1.1,0.0,5,0.15,MKT2,B
,44,4.48,0.136,0.32,0.222,0.112,0.32,-13400,1930,1050,1.1,0.0,5,0.25,MKT2,B
,852,4.73,0.069,0.593,0.531,0.467,0.126,-164240,24620,2240,1.1,0.0,9,0.0,MKT2,B
,281,6.53,0.128,0.601,0.533,0.415,0.233,-73150,12540,1535,1.1,0.0,9,0.15,MKT2,B
,92,6.93,0.141,0.648,0.474,0.181,0.325,-22430,11130,1090,1.1,0.0,9,0.25,MKT2,B
,731,2.1,0.055,0.656,0.588,0.488,0.107,-52780,10490,1800,1.1,0.02,3,0.0,MKT2,B
,168,2.79,0.119,0.594,0.45,0.37,0.206,-19000,6730,1065,1.1,0.02,3,0.15,MKT2,B
,33,2.91,0.091,0.324,0.123,0.0,0.292,-6490,1930,750,1.1,0.02,3,0.25,MKT2,B
,731,2.41,0.064,0.675,0.616,0.523,0.123,-57220,10490,1780,1.1,0.02,5,0.0,MKT2,B
,228,3.67,0.132,0.703,0.578,0.404,0.23,-24810,10490,1140,1.1,0.02,5,0.15,MKT2,B
,77,4.21,0.13,0.602,0.279,0.177,0.31,-12880,10490,1050,1.1,0.02,5,0.25,MKT2,B
,731,2.49,0.066,0.66,0.602,0.513,0.127,-61980,10490,1775,1.1,0.02,9,0.0,MKT2,B
,229,3.93,0.135,0.666,0.55,0.389,0.242,-30070,10490,1190,1.1,0.02,9,0.15,MKT2,B
,86,4.92,0.14,0.543,0.296,0.197,0.329,-19310,10490,1085,1.1,0.02,9,0.25,MKT2,B
,517,1.61,0.066,0.618,0.576,0.506,0.121,-31780,3500,1375,1.1,0.04,3,0.0,MKT2,B
,152,2.41,0.125,0.547,0.494,0.399,0.218,-16590,1930,1020,1.1,0.04,3,0.15,MKT2,B
,39,2.9,0.179,0.631,0.46,0.254,0.301,-4170,1930,1080,1.1,0.04,3,0.25,MKT2,B
,517,1.67,0.068,0.621,0.581,0.513,0.126,-32750,3500,1380,1.1,0.04,5,0.0,MKT2,B
,154,2.62,0.13,0.55,0.495,0.402,0.234,-18160,2230,1050,1.1,0.04,5,0.15,MKT2,B
,49,3.43,0.143,0.424,0.31,0.171,0.324,-9670,1930,1080,1.1,0.04,5,0.25,MKT2,B
,517,1.68,0.068,0.621,0.58,0.512,0.126,-32850,3500,1380,1.1,0.04,9,0.0,MKT2,B
,154,2.63,0.13,0.549,0.494,0.401,0.234,-18260,2230,1050,1.1,0.04,9,0.15,MKT2,B
,49,3.45,0.143,0.422,0.308,0.17,0.325,-9770,1930,1080,1.1,0.04,9,0.25,MKT2,B
,345,1.35,0.07,0.599,0.549,0.456,0.132,-18630,2330,1065,1.1,0.06,3,0.0,MKT2,B
,113,1.99,0.115,0.502,0.441,0.337,0.221,-11210,1370,920,1.1,0.06,3,0.15,MKT2,B
,29,2.59,0.207,0.693,0.528,0.239,0.306,-2300,1240,1015,1.1,0.06,3,0.25,MKT2,B
,345,1.36,0.07,0.596,0.546,0.453,0.133,-18930,2330,1065,1.1,0.06,5,0.0,MKT2,B
,113,2.02,0.115,0.495,0.435,0.333,0.224,-11510,1370,920,1.1,0.06,5,0.15,MKT2,B
,29,2.69,0.207,0.667,0.508,0.229,0.315,-2600,1240,1015,1.1,0.06,5,0.25,MKT2,B
,345,1.36,0.07,0.596,0.546,0.453,0.133,-18930,2330,1065,1.1,0.06,9,0.0,MKT2,B
,113,2.02,0.115,0.495,0.435,0.333,0.224,-11510,1370,920,1.1,0.06,9,0.15,MKT2,B
,29,2.69,0.207,0.667,0.508,0.229,0.315,-2600,1240,1015,1.1,0.06,9,0.25,MKT2,B
,751,2.39,0.031,0.52,0.383,0.255,0.07,-86240,24620,1930,1.2,0.0,3,0.0,MKT2,B
,72,2.78,0.069,0.29,0.206,0.084,0.203,-14190,1680,1080,1.2,0.0,3,0.15,MKT2,B
,12,2.83,0.083,0.221,0.0,0.0,0.282,-2650,750,750,1.2,0.0,3,0.25,MKT2,B
,751,3.19,0.048,0.621,0.518,0.42,0.088,-90940,24620,2175,1.2,0.0,5,0.0,MKT2,B
,124,4.12,0.137,0.822,0.617,0.358,0.216,-9080,10490,1420,1.2,0.0,5,0.15,MKT2,B
,29,4.31,0.138,0.262,0.176,0.034,0.312,-9220,1080,885,1.2,0.0,5,0.25,MKT2,B
,752,3.95,0.057,0.636,0.553,0.469,0.104,-108170,24620,2230,1.2,0.0,9,0.0,MKT2,B
,179,6.06,0.128,0.679,0.563,0.391,0.23,-34790,12540,1650,1.2,0.0,9,0.15,MKT2,B
,54,6.59,0.148,0.692,0.397,0.104,0.325,-10980,10490,1050,1.2,0.0,9,0.25,MKT2,B
,596,1.91,0.047,0.649,0.557,0.423,0.096,-40000,10490,1665,1.2,0.02,3,0.0,MKT2,B
,108,2.67,0.12,0.526,0.459,0.343,0.204,-13660,1930,1080,1.2,0.02,3,0.15,MKT2,B
,22,2.91,0.091,0.184,0.067,0.0,0.282,-5220,750,590,1.2,0.02,3,0.25,MKT2,B
,596,2.14,0.054,0.677,0.595,0.467,0.108,-41080,10490,1725,1.2,0.02,5,0.0,MKT2,B
,146,3.53,0.137,0.807,0.603,0.399,0.229,-9980,10490,1375,1.2,0.02,5,0.15,MKT2,B
,51,4.16,0.137,0.733,0.239,0.123,0.307,-5650,10490,1020,1.2,0.02,5,0.25,MKT2,B
,596,2.2,0.054,0.659,0.579,0.454,0.111,-44680,10490,1725,1.2,0.02,9,0.0,MKT2,B
,147,3.79,0.136,0.747,0.559,0.369,0.24,-14080,10490,1375,1.2,0.02,9,0.15,MKT2,B
,58,4.79,0.138,0.64,0.262,0.133,0.322,-10020,10490,1050,1.2,0.02,9,0.25,MKT2,B
,399,1.51,0.063,0.619,0.568,0.476,0.112,-22920,3060,1380,1.2,0.04,3,0.0,MKT2,B
,106,2.32,0.104,0.483,0.405,0.282,0.213,-12710,1930,1020,1.2,0.04,3,0.15,MKT2,B
,25,2.8,0.12,0.274,0.12,0.0,0.291,-5080,1080,430,1.2,0.04,3,0.25,MKT2,B
,399,1.56,0.065,0.634,0.585,0.496,0.116,-22790,3060,1400,1.2,0.04,5,0.0,MKT2,B
,108,2.53,0.111,0.517,0.436,0.304,0.228,-13180,2230,1050,1.2,0.04,5,0.15,MKT2,B
,33,3.33,0.091,0.175,0.076,0.0,0.312,-9080,1080,430,1.2,0.04,5,0.25,MKT2,B
,399,1.56,0.065,0.634,0.585,0.496,0.116,-22790,3060,1400,1.2,0.04,9,0.0,MKT2,B
,108,2.53,0.111,0.517,0.436,0.304,0.228,-13180,2230,1050,1.2,0.04,9,0.15,MKT2,B
,33,3.33,0.091,0.175,0.076,0.0,0.312,-9080,1080,430,1.2,0.04,9,0.25,MKT2,B
,249,1.33,0.076,0.704,0.634,0.502,0.129,-9800,2330,1080,1.2,0.06,3,0.0,MKT2,B
,81,1.93,0.099,0.444,0.356,0.222,0.214,-8670,1370,935,1.2,0.06,3,0.15,MKT2,B
,22,2.41,0.136,0.362,0.158,0.0,0.288,-3380,1080,430,1.2,0.06,3,0.25,MKT2,B
,249,1.33,0.076,0.704,0.634,0.502,0.129,-9800,2330,1080,1.2,0.06,5,0.0,MKT2,B
,81,1.93,0.099,0.444,0.356,0.222,0.214,-8670,1370,935,1.2,0.06,5,0.15,MKT2,B
,22,2.41,0.136,0.362,0.158,0.0,0.288,-3380,1080,430,1.2,0.06,5,0.25,MKT2,B
,249,1.33,0.076,0.704,0.634,0.502,0.129,-9800,2330,1080,1.2,0.06,9,0.0,MKT2,B
,81,1.93,0.099,0.444,0.356,0.222,0.214,-8670,1370,935,1.2,0.06,9,0.15,MKT2,B
,22,2.41,0.136,0.362,0.158,0.0,0.288,-3380,1080,430,1.2,0.06,9,0.25,MKT2,B
,640,2.23,0.023,0.471,0.299,0.138,0.065,-75370,24620,1420,1.3,0.0,3,0.0,MKT2,B
,51,2.75,0.078,0.349,0.229,0.054,0.203,-9110,1680,1230,1.3,0.0,3,0.15,MKT2,B
,7,2.86,0.143,0.375,0.0,0.0,0.277,-1250,750,750,1.3,0.0,3,0.25,MKT2,B
,640,2.86,0.027,0.412,0.278,0.153,0.079,-107690,24620,1650,1.3,0.0,5,0.0,MKT2,B
,82,4.02,0.085,0.532,0.214,0.113,0.22,-15440,10490,1380,1.3,0.0,5,0.15,MKT2,B
,21,4.33,0.095,0.201,0.082,0.0,0.31,-7270,1080,915,1.3,0.0,5,0.25,MKT2,B
,641,3.47,0.034,0.481,0.37,0.258,0.092,-115540,24620,1945,1.3,0.0,9,0.0,MKT2,B
,114,5.97,0.088,0.495,0.311,0.124,0.234,-34400,12540,1515,1.3,0.0,9,0.15,MKT2,B
,38,6.55,0.105,0.584,0.163,0.03,0.318,-10350,10490,1655,1.3,0.0,9,0.25,MKT2,B
,489,1.77,0.037,0.587,0.466,0.289,0.088,-35840,10490,1400,1.3,0.02,3,0.0,MKT2,B
,72,2.61,0.097,0.449,0.36,0.198,0.206,-10360,1680,1370,1.3,0.02,3,0.15,MKT2,B
,14,2.93,0.071,0.183,0.0,0.0,0.28,-3350,750,750,1.3,0.02,3,0.25,MKT2,B
,489,1.94,0.039,0.561,0.45,0.288,0.098,-41610,10490,1420,1.3,0.02,5,0.0,MKT2,B
,94,3.46,0.096,0.651,0.328,0.208,0.232,-11340,10490,1380,1.3,0.02,5,0.15,MKT2,B
,33,4.18,0.091,0.893,0.133,0.0,0.308,-1480,10490,1080,1.3,0.02,5,0.25,MKT2,B
,489,1.97,0.039,0.55,0.441,0.283,0.099,-43410,10490,1420,1.3,0.02,9,0.0,MKT2,B
,94,3.65,0.096,0.617,0.311,0.197,0.241,-13140,10490,1380,1.3,0.02,9,0.15,MKT2,B
,37,4.68,0.108,0.841,0.235,0.043,0.319,-2750,10490,1655,1.3,0.02,9,0.25,MKT2,B
,314,1.42,0.045,0.412,0.36,0.272,0.105,-26170,2330,1280,1.3,0.04,3,0.0,MKT2,B
,71,2.34,0.056,0.293,0.193,0.045,0.217,-11740,1650,1230,1.3,0.04,3,0.15,MKT2,B
,16,2.88,0.062,0.235,0.0,0.0,0.296,-3520,1080,1080,1.3,0.04,3,0.25,MKT2,B
,314,1.46,0.048,0.449,0.398,0.301,0.108,-25240,2330,1370,1.3,0.04,5,0.0,MKT2,B
,72,2.53,0.069,0.39,0.267,0.101,0.229,-11110,2230,1380,1.3,0.04,5,0.15,MKT2,B
,20,3.45,0.05,0.157,0.0,0.0,0.319,-5820,1080,1080,1.3,0.04,5,0.25,MKT2,B
,314,1.46,0.048,0.449,0.398,0.301,0.108,-25240,2330,1370,1.3,0.04,9,0.0,MKT2,B
,72,2.53,0.069,0.39,0.267,0.101,0.229,-11110,2230,1380,1.3,0.04,9,0.15,MKT2,B
,20,3.45,0.05,0.157,0.0,0.0,0.319,-5820,1080,1080,1.3,0.04,9,0.25,MKT2,B
,182,1.29,0.071,0.713,0.613,0.447,0.126,-6720,2330,1190,1.3,0.06,3,0.0,MKT2,B
,55,1.89,0.036,0.176,0.072,0.0,0.214,-8570,1080,915,1.3,0.06,3,0.15,MKT2,B
,12,2.5,0.083,0.36,0.0,0.0,0.3,-1920,1080,1080,1.3,0.06,3,0.25,MKT2,B
,182,1.29,0.071,0.713,0.613,0.447,0.126,-6720,2330,1190,1.3,0.06,5,0.0,MKT2,B
,55,1.89,0.036,0.176,0.072,0.0,0.214,-8570,1080,915,1.3,0.06,5,0.15,MKT2,B
,12,2.5,0.083,0.36,0.0,0.0,0.3,-1920,1080,1080,1.3,0.06,5,0.25,MKT2,B
,182,1.29,0.071,0.713,0.613,0.447,0.126,-6720,2330,1190,1.3,0.06,9,0.0,MKT2,B
,55,1.89,0.036,0.176,0.072,0.0,0.214,-8570,1080,915,1.3,0.06,9,0.15,MKT2,B
,12,2.5,0.083,0.36,0.0,0.0,0.3,-1920,1080,1080,1.3,0.06,9,0.25,MKT2,B
,434,2.0,0.014,0.321,0.178,0.037,0.059,-58820,12400,1530,1.5,0.0,3,0.0,MKT2,B
,36,2.5,0.083,0.357,0.203,0.0,0.197,-5790,1380,1080,1.5,0.0,3,0.15,MKT2,B
,5,3.0,0.2,0.5,0.0,0.0,0.282,-750,750,750,1.5,0.0,3,0.25,MKT2,B
,434,2.48,0.018,0.336,0.221,0.061,0.07,-71440,12400,1665,1.5,0.0,5,0.0,MKT2,B
,56,3.77,0.089,0.727,0.23,0.087,0.212,-5750,10490,1380,1.5,0.0,5,0.15,MKT2,B
,13,4.15,0.154,0.339,0.139,0.0,0.304,-3570,1080,915,1.5,0.0,5,0.25,MKT2,B
,435,2.93,0.023,0.368,0.27,0.122,0.08,-80630,12400,1955,1.5,0.0,9,0.0,MKT2,B
,70,5.29,0.086,0.475,0.192,0.087,0.23,-19420,10490,1515,1.5,0.0,9,0.15,MKT2,B
,20,6.15,0.1,0.149,0.061,0.0,0.316,-10470,1080,915,1.5,0.0,9,0.25,MKT2,B
,301,1.63,0.03,0.677,0.463,0.154,0.085,-15910,10490,1650,1.5,0.02,3,0.0,MKT2,B
,47,2.47,0.085,0.419,0.277,0.065,0.205,-6740,1650,1230,1.5,0.02,3,0.15,MKT2,B
,9,2.89,0.111,0.288,0.0,0.0,0.282,-1850,750,750,1.5,0.02,3,0.25,MKT2,B
,301,1.76,0.033,0.67,0.472,0.185,0.093,-17480,10490,1665,1.5,0.02,5,0.0,MKT2,B
,61,3.16,0.098,0.911,0.367,0.166,0.224,-1720,10490,1515,1.5,0.02,5,0.15,MKT2,B
,18,3.83,0.111,0.265,0.109,0.0,0.307,-5070,1080,915,1.5,0.02,5,0.25,MKT2,B
,301,1.78,0.033,0.664,0.468,0.184,0.094,-17980,10490,1665,1.5,0.02,9,0.0,MKT2,B
,61,3.25,0.098,0.888,0.358,0.162,0.229,-2220,10490,1515,1.5,0.02,9,0.15,MKT2,B
,19,4.05,0.105,0.238,0.097,0.0,0.317,-5870,1080,915,1.5,0.02,9,0.25,MKT2,B
,188,1.39,0.032,0.29,0.226,0.11,0.108,-18610,1680,1230,1.5,0.04,3,0.0,MKT2,B
,48,2.19,0.083,0.463,0.306,0.071,0.213,-5640,1650,1230,1.5,0.04,3,0.15,MKT2,B
,11,2.82,0.091,0.348,0.0,0.0,0.305,-2020,1080,1080,1.5,0.04,3,0.25,MKT2,B
,188,1.41,0.037,0.369,0.285,0.16,0.109,-16780,2230,1380,1.5,0.04,5,0.0,MKT2,B
,49,2.29,0.102,0.633,0.434,0.163,0.217,-4110,2230,1380,1.5,0.04,5,0.15,MKT2,B
,12,2.92,0.083,0.309,0.0,0.0,0.311,-2420,1080,1080,1.5,0.04,5,0.25,MKT2,B
,188,1.41,0.037,0.369,0.285,0.16,0.109,-16780,2230,1380,1.5,0.04,9,0.0,MKT2,B
,49,2.29,0.102,0.633,0.434,0.163,0.217,-4110,2230,1380,1.5,0.04,9,0.15,MKT2,B
,12,2.92,0.083,0.309,0.0,0.0,0.311,-2420,1080,1080,1.5,0.04,9,0.25,MKT2,B
,115,1.21,0.043,0.427,0.306,0.129,0.124,-7960,1680,1080,1.5,0.06,3,0.0,MKT2,B
,33,1.7,0.061,0.327,0.134,0.0,0.213,-3770,1080,915,1.5,0.06,3,0.15,MKT2,B
,10,2.3,0.1,0.47,0.0,0.0,0.291,-1220,1080,1080,1.5,0.06,3,0.25,MKT2,B
,115,1.21,0.043,0.427,0.306,0.129,0.124,-7960,1680,1080,1.5,0.06,5,0.0,MKT2,B
,33,1.7,0.061,0.327,0.134,0.0,0.213,-3770,1080,915,1.5,0.06,5,0.15,MKT2,B
,10,2.3,0.1,0.47,0.0,0.0,0.291,-1220,1080,1080,1.5,0.06,5,0.25,MKT2,B
,115,1.21,0.043,0.427,0.306,0.129,0.124,-7960,1680,1080,1.5,0.06,9,0.0,MKT2,B
,33,1.7,0.061,0.327,0.134,0.0,0.213,-3770,1080,915,1.5,0.06,9,0.15,MKT2,B
,10,2.3,0.1,0.47,0.0,0.0,0.291,-1220,1080,1080,1.5,0.06,9,0.25,MKT2,B
,866,2.49,0.062,0.855,0.789,0.693,0.093,-31300,14300,2260,1.0,0.0,3,0.0,MKT+AI,A
,153,2.67,0.105,0.619,0.416,0.289,0.213,-15590,8280,1110,1.0,0.0,3,0.15,MKT+AI,A
,36,2.61,0.111,0.519,0.3,0.044,0.305,-4520,2060,1205,1.0,0.0,3,0.25,MKT+AI,A
,866,3.41,0.083,0.772,0.724,0.654,0.121,-67380,14300,2260,1.0,0.0,5,0.0,MKT+AI,A
,248,4.04,0.149,0.992,0.849,0.66,0.229,-800,14300,1520,1.0,0.0,5,0.15,MKT+AI,A
,72,4.12,0.181,0.956,0.597,0.391,0.319,-1300,10660,1270,1.0,0.0,5,0.25,MKT+AI,A
,866,4.24,0.099,0.721,0.682,0.626,0.143,-102420,14300,2155,1.0,0.0,9,0.0,MKT+AI,A
,338,5.75,0.166,0.778,0.705,0.607,0.246,-43040,14300,1540,1.0,0.0,9,0.15,MKT+AI,A
,130,6.28,0.2,0.729,0.599,0.433,0.331,-22090,10660,1385,1.0,0.0,9,0.25,MKT+AI,A
,788,2.12,0.079,0.87,0.825,0.744,0.118,-21680,7540,1725,1.0,0.02,3,0.0,MKT+AI,A
,223,2.64,0.112,0.553,0.45,0.354,0.213,-26320,6050,900,1.0,0.02,3,0.15,MKT+AI,A
,44,2.61,0.114,0.526,0.347,0.137,0.307,-5450,2060,1190,1.0,0.02,3,0.25,MKT+AI,A
,788,2.46,0.093,0.843,0.804,0.735,0.137,-30350,7540,1570,1.0,0.02,5,0.0,MKT+AI,A
,295,3.54,0.156,0.831,0.759,0.629,0.238,-17620,7540,1340,1.0,0.02,5,0.15,MKT+AI,A
,104,3.93,0.192,0.922,0.74,0.493,0.315,-3180,7450,1245,1.0,0.02,5,0.25,MKT+AI,A
,788,2.54,0.098,0.849,0.812,0.744,0.142,-30140,7540,1570,1.0,0.02,9,0.0,MKT+AI,A
,297,3.76,0.168,0.835,0.768,0.647,0.249,-18410,7540,1355,1.0,0.02,9,0.15,MKT+AI,A
,122,4.57,0.205,0.841,0.707,0.525,0.324,-8880,7450,1290,1.0,0.02,9,0.25,MKT+AI,A
,603,1.66,0.078,0.631,0.59,0.527,0.135,-36810,4070,1240,1.0,0.04,3,0.0,MKT+AI,A
,217,2.33,0.143,0.71,0.63,0.539,0.227,-14640,4070,970,1.0,0.04,3,0.15,MKT+AI,A
,64,2.64,0.141,0.543,0.421,0.279,0.308,-7720,2060,970,1.0,0.04,3,0.25,MKT+AI,A
,603,1.71,0.081,0.637,0.598,0.536,0.139,-37510,4070,1270,1.0,0.04,5,0.0,MKT+AI,A
,221,2.5,0.158,0.773,0.699,0.609,0.237,-12560,4070,1170,1.0,0.04,5,0.15,MKT+AI,A
,80,3.11,0.15,0.586,0.485,0.338,0.313,-10300,2520,1180,1.0,0.04,5,0.25,MKT+AI,A
,603,1.72,0.081,0.635,0.596,0.535,0.14,-37810,4070,1270,1.0,0.04,9,0.0,MKT+AI,A
,221,2.52,0.158,0.769,0.696,0.605,0.238,-12860,4070,1170,1.0,0.04,9,0.15,MKT+AI,A
,80,3.15,0.15,0.579,0.479,0.334,0.315,-10600,2520,1180,1.0,0.04,9,0.25,MKT+AI,A
,432,1.41,0.088,0.681,0.64,0.579,0.146,-19370,2490,1070,1.0,0.06,3,0.0,MKT+AI,A
,172,1.92,0.128,0.692,0.616,0.521,0.226,-10180,2490,1000,1.0,0.06,3,0.15,MKT+AI,A
,45,2.42,0.156,0.635,0.487,0.271,0.322,-3980,1610,970,1.0,0.06,3,0.25,MKT+AI,A
,432,1.41,0.088,0.679,0.638,0.577,0.146,-19570,2490,1070,1.0,0.06,5,0.0,MKT+AI,A
,172,1.93,0.128,0.687,0.612,0.518,0.227,-10380,2490,1000,1.0,0.06,5,0.15,MKT+AI,A
,46,2.46,0.152,0.612,0.47,0.261,0.323,-4380,1610,970,1.0,0.06,5,0.25,MKT+AI,A
,432,1.41,0.088,0.679,0.638,0.577,0.146,-19570,2490,1070,1.0,0.06,9,0.0,MKT+AI,A
,172,1.93,0.128,0.687,0.612,0.518,0.227,-10380,2490,1000,1.0,0.06,9,0.15,MKT+AI,A
,46,2.46,0.152,0.612,0.47,0.261,0.323,-4380,1610,970,1.0,0.06,9,0.25,MKT+AI,A
,719,2.23,0.053,0.839,0.749,0.629,0.081,-25920,14300,2280,1.1,0.0,3,0.0,MKT+AI,A
,97,2.54,0.082,0.337,0.253,0.148,0.211,-16320,2060,1110,1.1,0.0,3,0.15,MKT+AI,A
,24,2.54,0.125,0.733,0.395,0.0,0.302,-1630,2060,1220,1.1,0.0,3,0.25,MKT+AI,A
,719,2.86,0.064,0.752,0.682,0.588,0.097,-50970,14300,2390,1.1,0.0,5,0.0,MKT+AI,A
,142,3.73,0.106,0.555,0.414,0.275,0.224,-23610,7450,1290,1.1,0.0,5,0.15,MKT+AI,A
,41,3.93,0.146,0.671,0.418,0.21,0.314,-5300,4070,1255,1.1,0.0,5,0.25,MKT+AI,A
,719,3.29,0.075,0.752,0.692,0.61,0.107,-58520,14300,2280,1.1,0.0,9,0.0,MKT+AI,A
,178,4.99,0.14,0.624,0.536,0.384,0.231,-33410,7790,1350,1.1,0.0,9,0.15,MKT+AI,A
,59,5.42,0.186,0.698,0.509,0.297,0.317,-9670,6050,1290,1.1,0.0,9,0.25,MKT+AI,A
,612,1.82,0.069,0.937,0.869,0.748,0.1,-7020,7540,1815,1.1,0.02,3,0.0,MKT+AI,A
,126,2.53,0.103,0.6,0.41,0.267,0.211,-12770,6050,1030,1.1,0.02,3,0.15,MKT+AI,A
,25,2.48,0.12,0.721,0.389,0.0,0.3,-1730,2060,1220,1.1,0.02,3,0.25,MKT+AI,A
,612,1.99,0.075,0.892,0.83,0.719,0.108,-13160,7540,1540,1.1,0.02,5,0.0,MKT+AI,A
,154,3.2,0.143,0.861,0.71,0.505,0.225,-6830,7450,1255,1.1,0.02,5,0.15,MKT+AI,A
,46,3.63,0.196,1.123,0.76,0.393,0.309,2050,6050,1290,1.1,0.02,5,0.25,MKT+AI,A
,612,2.02,0.075,0.879,0.818,0.709,0.11,-14960,7540,1540,1.1,0.02,9,0.0,MKT+AI,A
,155,3.33,0.142,0.823,0.679,0.483,0.231,-9130,7450,1255,1.1,0.02,9,0.15,MKT+AI,A
,50,4.04,0.18,0.928,0.629,0.325,0.316,-1450,6050,1290,1.1,0.02,9,0.25,MKT+AI,A
,418,1.44,0.069,0.699,0.631,0.525,0.116,-18140,4070,1240,1.1,0.04,3,0.0,MKT+AI,A
,110,2.15,0.145,0.848,0.676,0.483,0.221,-3580,4070,1000,1.1,0.04,3,0.15,MKT+AI,A
,30,2.47,0.1,0.574,0.296,0.0,0.304,-3150,2060,1220,1.1,0.04,3,0.25,MKT+AI,A
,418,1.47,0.072,0.705,0.639,0.535,0.118,-18150,4070,1265,1.1,0.04,5,0.0,MKT+AI,A
,113,2.28,0.159,0.883,0.725,0.548,0.226,-3030,4070,1110,1.1,0.04,5,0.15,MKT+AI,A
,32,2.78,0.125,0.622,0.391,0.109,0.313,-3360,2060,1255,1.1,0.04,5,0.25,MKT+AI,A
,418,1.47,0.072,0.704,0.638,0.534,0.119,-18250,4070,1265,1.1,0.04,9,0.0,MKT+AI,A
,113,2.29,0.159,0.879,0.722,0.546,0.226,-3130,4070,1110,1.1,0.04,9,0.15,MKT+AI,A
,32,2.81,0.125,0.616,0.387,0.108,0.315,-3460,2060,1255,1.1,0.04,9,0.25,MKT+AI,A
,277,1.27,0.083,0.726,0.655,0.566,0.132,-9650,2490,1170,1.1,0.06,3,0.0,MKT+AI,A
,92,1.76,0.13,0.773,0.619,0.456,0.216,-3680,2490,1000,1.1,0.06,3,0.15,MKT+AI,A
,19,2.11,0.053,0.242,0.0,0.0,0.323,-3030,970,970,1.1,0.06,3,0.25,MKT+AI,A
,277,1.27,0.083,0.724,0.653,0.565,0.133,-9750,2490,1170,1.1,0.06,5,0.0,MKT+AI,A
,92,1.77,0.13,0.768,0.615,0.453,0.218,-3780,2490,1000,1.1,0.06,5,0.15,MKT+AI,A
,19,2.16,0.053,0.237,0.0,0.0,0.329,-3130,970,970,1.1,0.06,5,0.25,MKT+AI,A
,277,1.27,0.083,0.724,0.653,0.565,0.133,-9750,2490,1170,1.1,0.06,9,0.0,MKT+AI,A
,92,1.77,0.13,0.768,0.615,0.453,0.218,-3780,2490,1000,1.1,0.06,9,0.15,MKT+AI,A
,19,2.16,0.053,0.237,0.0,0.0,0.329,-3130,970,970,1.1,0.06,9,0.25,MKT+AI,A
,537,2.07,0.037,0.681,0.552,0.388,0.072,-35330,14300,2270,1.2,0.0,3,0.0,MKT+AI,A
,57,2.53,0.035,0.228,0.085,0.0,0.216,-11120,2060,1640,1.2,0.0,3,0.15,MKT+AI,A
,17,2.35,0.118,0.82,0.305,0.0,0.303,-720,2060,1640,1.2,0.0,3,0.25,MKT+AI,A
,537,2.5,0.048,0.668,0.562,0.426,0.082,-44590,14300,2270,1.2,0.0,5,0.0,MKT+AI,A
,77,3.42,0.091,0.519,0.365,0.192,0.224,-12640,4070,1560,1.2,0.0,5,0.15,MKT+AI,A
,25,3.28,0.2,1.172,0.676,0.267,0.308,1410,4070,1290,1.2,0.0,5,0.25,MKT+AI,A
,537,2.77,0.056,0.679,0.583,0.459,0.088,-47750,14300,2155,1.2,0.0,9,0.0,MKT+AI,A
,94,4.51,0.138,0.769,0.585,0.346,0.227,-9810,7790,1460,1.2,0.0,9,0.15,MKT+AI,A
,33,4.61,0.212,1.118,0.72,0.316,0.31,1790,6050,1330,1.2,0.0,9,0.25,MKT+AI,A
,425,1.68,0.054,0.841,0.736,0.587,0.09,-11360,7540,2060,1.2,0.02,3,0.0,MKT+AI,A
,67,2.46,0.075,0.768,0.402,0.126,0.217,-3820,6050,2060,1.2,0.02,3,0.15,MKT+AI,A
,18,2.33,0.111,0.781,0.29,0.0,0.301,-920,2060,1640,1.2,0.02,3,0.25,MKT+AI,A
,425,1.79,0.061,0.84,0.74,0.601,0.095,-12170,7540,1565,1.2,0.02,5,0.0,MKT+AI,A
,77,3.01,0.117,0.877,0.616,0.333,0.231,-2860,6050,1330,1.2,0.02,5,0.15,MKT+AI,A
,28,3.29,0.25,1.847,1.189,0.523,0.305,7790,6050,1330,1.2,0.02,5,0.25,MKT+AI,A
,425,1.8,0.061,0.832,0.734,0.595,0.096,-12870,7540,1565,1.2,0.02,9,0.0,MKT+AI,A
,77,3.1,0.117,0.851,0.598,0.323,0.236,-3560,6050,1330,1.2,0.02,9,0.15,MKT+AI,A
,30,3.6,0.233,1.573,1.013,0.445,0.31,6190,6050,1330,1.2,0.02,9,0.25,MKT+AI,A
,263,1.38,0.065,0.85,0.738,0.564,0.111,-5450,4070,1520,1.2,0.04,3,0.0,MKT+AI,A
,59,2.12,0.119,1.04,0.714,0.35,0.227,500,4070,1330,1.2,0.04,3,0.15,MKT+AI,A
,21,2.33,0.143,0.867,0.447,0.0,0.3,-650,2060,1220,1.2,0.04,3,0.25,MKT+AI,A
,263,1.4,0.068,0.874,0.763,0.591,0.112,-4660,4070,1490,1.2,0.04,5,0.0,MKT+AI,A
,60,2.22,0.133,1.074,0.768,0.426,0.231,990,4070,1310,1.2,0.04,5,0.15,MKT+AI,A
,23,2.57,0.174,0.939,0.59,0.164,0.3,-360,2060,1255,1.2,0.04,5,0.25,MKT+AI,A
,263,1.41,0.068,0.871,0.761,0.589,0.112,-4760,4070,1490,1.2,0.04,9,0.0,MKT+AI,A
,60,2.23,0.133,1.066,0.763,0.423,0.231,890,4070,1310,1.2,0.04,9,0.15,MKT+AI,A
,23,2.61,0.174,0.923,0.58,0.162,0.302,-460,2060,1255,1.2,0.04,9,0.25,MKT+AI,A
,168,1.25,0.071,0.808,0.689,0.54,0.129,-4040,2490,1395,1.2,0.06,3,0.0,MKT+AI,A
,52,1.71,0.077,0.671,0.391,0.109,0.218,-2930,2490,1255,1.2,0.06,3,0.15,MKT+AI,A
,15,2.07,0.067,0.313,0.0,0.0,0.304,-2130,970,970,1.2,0.06,3,0.25,MKT+AI,A
,168,1.25,0.071,0.808,0.689,0.54,0.129,-4040,2490,1395,1.2,0.06,5,0.0,MKT+AI,A
,52,1.71,0.077,0.671,0.391,0.109,0.218,-2930,2490,1255,1.2,0.06,5,0.15,MKT+AI,A
,15,2.07,0.067,0.313,0.0,0.0,0.304,-2130,970,970,1.2,0.06,5,0.25,MKT+AI,A
,168,1.25,0.071,0.808,0.689,0.54,0.129,-4040,2490,1395,1.2,0.06,9,0.0,MKT+AI,A
,52,1.71,0.077,0.671,0.391,0.109,0.218,-2930,2490,1255,1.2,0.06,9,0.15,MKT+AI,A
,15,2.07,0.067,0.313,0.0,0.0,0.304,-2130,970,970,1.2,0.06,9,0.25,MKT+AI,A
,399,1.85,0.03,0.698,0.505,0.279,0.063,-22330,14300,2685,1.3,0.0,3,0.0,MKT+AI,A
,32,2.38,0.031,0.271,0.0,0.0,0.21,-5540,2060,2060,1.3,0.0,3,0.15,MKT+AI,A
,9,2.33,0.111,0.981,0.0,0.0,0.284,-40,2060,2060,1.3,0.0,3,0.25,MKT+AI,A
,399,2.19,0.035,0.619,0.456,0.264,0.07,-33220,14300,2175,1.3,0.0,5,0.0,MKT+AI,A
,43,3.19,0.07,0.518,0.221,0.0,0.218,-6600,4070,2060,1.3,0.0,5,0.15,MKT+AI,A
,13,3.08,0.154,1.532,0.515,0.0,0.29,2130,4070,3065,1.3,0.0,5,0.25,MKT+AI,A
,399,2.38,0.038,0.585,0.434,0.258,0.074,-39460,14300,2060,1.3,0.0,9,0.0,MKT+AI,A
,52,4.21,0.115,0.733,0.457,0.177,0.219,-5850,6050,1760,1.3,0.0,9,0.15,MKT+AI,A
,18,4.5,0.167,1.504,0.757,0.0,0.291,4080,6050,4070,1.3,0.0,9,0.25,MKT+AI,A
,294,1.55,0.041,0.649,0.517,0.345,0.081,-15990,6050,1790,1.3,0.02,3,0.0,MKT+AI,A
,37,2.38,0.054,0.922,0.234,0.0,0.214,-690,6050,4055,1.3,0.02,3,0.15,MKT+AI,A
,10,2.4,0.1,0.858,0.0,0.0,0.285,-340,2060,2060,1.3,0.02,3,0.25,MKT+AI,A
,294,1.63,0.044,0.638,0.512,0.349,0.085,-17320,6050,1520,1.3,0.02,5,0.0,MKT+AI,A
,42,2.9,0.095,1.078,0.582,0.08,0.227,950,6050,3065,1.3,0.02,5,0.15,MKT+AI,A
,14,3.21,0.143,1.362,0.458,0.0,0.294,1630,4070,3065,1.3,0.02,5,0.25,MKT+AI,A
,294,1.64,0.044,0.636,0.51,0.347,0.086,-17520,6050,1520,1.3,0.02,9,0.0,MKT+AI,A
,42,2.95,0.095,1.06,0.573,0.078,0.229,750,6050,3065,1.3,0.02,9,0.15,MKT+AI,A
,15,3.4,0.133,1.202,0.404,0.0,0.294,1030,4070,3065,1.3,0.02,9,0.25,MKT+AI,A
,171,1.29,0.053,0.775,0.59,0.358,0.104,-4980,4070,1460,1.3,0.04,3,0.0,MKT+AI,A
,31,2.03,0.097,1.127,0.481,0.0,0.223,800,4070,2060,1.3,0.04,3,0.15,MKT+AI,A
,11,2.27,0.091,0.824,0.0,0.0,0.282,-440,2060,2060,1.3,0.04,3,0.25,MKT+AI,A
,171,1.31,0.053,0.764,0.583,0.353,0.104,-5280,4070,1460,1.3,0.04,5,0.0,MKT+AI,A
,32,2.16,0.094,1.029,0.439,0.0,0.225,200,4070,2060,1.3,0.04,5,0.15,MKT+AI,A
,12,2.5,0.083,0.687,0.0,0.0,0.28,-940,2060,2060,1.3,0.04,5,0.25,MKT+AI,A
,171,1.31,0.053,0.764,0.583,0.353,0.104,-5280,4070,1460,1.3,0.04,9,0.0,MKT+AI,A
,32,2.16,0.094,1.029,0.439,0.0,0.225,200,4070,2060,1.3,0.04,9,0.15,MKT+AI,A
,12,2.5,0.083,0.687,0.0,0.0,0.28,-940,2060,2060,1.3,0.04,9,0.25,MKT+AI,A
,110,1.18,0.045,0.496,0.379,0.165,0.121,-6550,1520,1350,1.3,0.06,3,0.0,MKT+AI,A
,26,1.69,0.0,0.0,0.0,0.0,0.219,-4400,0,0,1.3,0.06,3,0.15,MKT+AI,A
,7,2.14,0.0,0.0,0.0,0.0,0.294,-1500,0,0,1.3,0.06,3,0.25,MKT+AI,A
,110,1.18,0.045,0.496,0.379,0.165,0.121,-6550,1520,1350,1.3,0.06,5,0.0,MKT+AI,A
,26,1.69,0.0,0.0,0.0,0.0,0.219,-4400,0,0,1.3,0.06,5,0.15,MKT+AI,A
,7,2.14,0.0,0.0,0.0,0.0,0.294,-1500,0,0,1.3,0.06,5,0.25,MKT+AI,A
,110,1.18,0.045,0.496,0.379,0.165,0.121,-6550,1520,1350,1.3,0.06,9,0.0,MKT+AI,A
,26,1.69,0.0,0.0,0.0,0.0,0.219,-4400,0,0,1.3,0.06,9,0.15,MKT+AI,A
,7,2.14,0.0,0.0,0.0,0.0,0.294,-1500,0,0,1.3,0.06,9,0.25,MKT+AI,A
,194,1.67,0.015,0.754,0.312,0.0,0.052,-7980,14300,6050,1.5,0.0,3,0.0,MKT+AI,A
,8,2.5,0.0,0.0,0.0,0.0,0.211,-2000,0,0,1.5,0.0,3,0.15,MKT+AI,A
,2,2.5,0.0,0.0,0.0,0.0,0.294,-500,0,0,1.5,0.0,3,0.25,MKT+AI,A
,194,1.9,0.015,0.664,0.275,0.0,0.055,-12380,14300,6050,1.5,0.0,5,0.0,MKT+AI,A
,9,3.22,0.0,0.0,0.0,0.0,0.223,-2900,0,0,1.5,0.0,5,0.15,MKT+AI,A
,2,2.5,0.0,0.0,0.0,0.0,0.294,-500,0,0,1.5,0.0,5,0.25,MKT+AI,A
,194,2.04,0.015,0.618,0.256,0.0,0.057,-15080,14300,6050,1.5,0.0,9,0.0,MKT+AI,A
,11,4.55,0.0,0.0,0.0,0.0,0.226,-5000,0,0,1.5,0.0,9,0.15,MKT+AI,A
,4,4.5,0.0,0.0,0.0,0.0,0.288,-1800,0,0,1.5,0.0,9,0.25,MKT+AI,A
,132,1.36,0.015,0.562,0.226,0.0,0.068,-7880,6050,5060,1.5,0.02,3,0.0,MKT+AI,A
,10,2.5,0.0,0.0,0.0,0.0,0.208,-2500,0,0,1.5,0.02,3,0.15,MKT+AI,A
,2,2.5,0.0,0.0,0.0,0.0,0.294,-500,0,0,1.5,0.02,3,0.25,MKT+AI,A
,132,1.41,0.015,0.544,0.219,0.0,0.07,-8480,6050,5060,1.5,0.02,5,0.0,MKT+AI,A
,10,3.0,0.0,0.0,0.0,0.0,0.233,-3000,0,0,1.5,0.02,5,0.15,MKT+AI,A
,4,3.5,0.0,0.0,0.0,0.0,0.29,-1400,0,0,1.5,0.02,5,0.25,MKT+AI,A
,132,1.42,0.015,0.541,0.218,0.0,0.07,-8580,6050,5060,1.5,0.02,9,0.0,MKT+AI,A
,10,3.1,0.0,0.0,0.0,0.0,0.238,-3100,0,0,1.5,0.02,9,0.15,MKT+AI,A
,5,4.0,0.0,0.0,0.0,0.0,0.289,-2000,0,0,1.5,0.02,9,0.25,MKT+AI,A
,68,1.13,0.015,0.529,0.0,0.0,0.089,-3630,4070,4070,1.5,0.04,3,0.0,MKT+AI,A
,9,2.0,0.0,0.0,0.0,0.0,0.21,-1800,0,0,1.5,0.04,3,0.15,MKT+AI,A
,1,2.0,0.0,0.0,0.0,0.0,0.327,-200,0,0,1.5,0.04,3,0.25,MKT+AI,A
,68,1.16,0.015,0.515,0.0,0.0,0.09,-3830,4070,4070,1.5,0.04,5,0.0,MKT+AI,A
,9,2.22,0.0,0.0,0.0,0.0,0.22,-2000,0,0,1.5,0.04,5,0.15,MKT+AI,A
,2,3.5,0.0,0.0,0.0,0.0,0.295,-700,0,0,1.5,0.04,5,0.25,MKT+AI,A
,68,1.16,0.015,0.515,0.0,0.0,0.09,-3830,4070,4070,1.5,0.04,9,0.0,MKT+AI,A
,9,2.22,0.0,0.0,0.0,0.0,0.22,-2000,0,0,1.5,0.04,9,0.15,MKT+AI,A
,2,3.5,0.0,0.0,0.0,0.0,0.295,-700,0,0,1.5,0.04,9,0.25,MKT+AI,A
,41,1.17,0.0,0.0,0.0,0.0,0.113,-4800,0,0,1.5,0.06,3,0.0,MKT+AI,A
,7,1.86,0.0,0.0,0.0,0.0,0.219,-1300,0,0,1.5,0.06,3,0.15,MKT+AI,A
,1,2.0,0.0,0.0,0.0,0.0,0.327,-200,0,0,1.5,0.06,3,0.25,MKT+AI,A
,41,1.17,0.0,0.0,0.0,0.0,0.113,-4800,0,0,1.5,0.06,5,0.0,MKT+AI,A
,7,1.86,0.0,0.0,0.0,0.0,0.219,-1300,0,0,1.5,0.06,5,0.15,MKT+AI,A
,1,2.0,0.0,0.0,0.0,0.0,0.327,-200,0,0,1.5,0.06,5,0.25,MKT+AI,A
,41,1.17,0.0,0.0,0.0,0.0,0.113,-4800,0,0,1.5,0.06,9,0.0,MKT+AI,A
,7,1.86,0.0,0.0,0.0,0.0,0.219,-1300,0,0,1.5,0.06,9,0.15,MKT+AI,A
,1,2.0,0.0,0.0,0.0,0.0,0.327,-200,0,0,1.5,0.06,9,0.25,MKT+AI,A
,894,2.73,0.065,0.76,0.66,0.54,0.089,-58560,24620,1680,1.0,0.0,3,0.0,MKT+AI,B
,136,2.79,0.14,0.626,0.538,0.388,0.211,-14210,3330,1150,1.0,0.0,3,0.15,MKT+AI,B
,27,2.78,0.148,0.364,0.199,0.035,0.302,-4770,1240,615,1.0,0.0,3,0.25,MKT+AI,B
,894,4.04,0.091,0.735,0.667,0.586,0.122,-95640,24620,1740,1.0,0.0,5,0.0,MKT+AI,B
,265,4.35,0.162,0.675,0.545,0.425,0.222,-37440,15010,1180,1.0,0.0,5,0.15,MKT+AI,B
,67,4.33,0.209,0.914,0.397,0.278,0.317,-2490,15010,795,1.0,0.0,5,0.25,MKT+AI,B
,896,5.52,0.114,0.695,0.645,0.586,0.156,-151120,24620,1915,1.0,0.0,9,0.0,MKT+AI,B
,404,6.6,0.168,0.744,0.652,0.549,0.241,-68160,24620,1400,1.0,0.0,9,0.15,MKT+AI,B
,135,6.82,0.207,0.553,0.39,0.253,0.333,-41160,15010,985,1.0,0.0,9,0.25,MKT+AI,B
,831,2.31,0.089,0.735,0.691,0.615,0.118,-50830,8480,1420,1.0,0.02,3,0.0,MKT+AI,B
,222,2.75,0.158,0.745,0.633,0.525,0.209,-15560,6830,1080,1.0,0.02,3,0.15,MKT+AI,B
,45,2.78,0.244,0.695,0.538,0.352,0.293,-3810,1960,640,1.0,0.02,3,0.25,MKT+AI,B
,831,2.77,0.1,0.692,0.656,0.592,0.143,-70680,8480,1420,1.0,0.02,5,0.0,MKT+AI,B
,350,3.8,0.16,0.713,0.65,0.547,0.23,-38100,8480,1240,1.0,0.02,5,0.15,MKT+AI,B
,110,4.17,0.209,0.652,0.467,0.379,0.316,-15970,8480,950,1.0,0.02,5,0.25,MKT+AI,B
,832,2.88,0.101,0.672,0.637,0.576,0.149,-78650,8480,1445,1.0,0.02,9,0.0,MKT+AI,B
,356,4.09,0.163,0.72,0.662,0.562,0.242,-40670,8480,1250,1.0,0.02,9,0.15,MKT+AI,B
,136,4.95,0.176,0.468,0.342,0.282,0.326,-35780,8480,1000,1.0,0.02,9,0.25,MKT+AI,B
,617,1.8,0.099,0.75,0.72,0.664,0.138,-27700,3330,1180,1.0,0.04,3,0.0,MKT+AI,B
,232,2.47,0.168,0.8,0.742,0.637,0.222,-11430,3330,1080,1.0,0.04,3,0.15,MKT+AI,B
,62,2.63,0.194,0.549,0.429,0.294,0.3,-7350,1960,640,1.0,0.04,3,0.25,MKT+AI,B
,617,1.86,0.099,0.724,0.695,0.641,0.142,-31600,3330,1180,1.0,0.04,5,0.0,MKT+AI,B
,234,2.64,0.167,0.742,0.688,0.591,0.233,-15930,3330,1080,1.0,0.04,5,0.15,MKT+AI,B
,77,3.14,0.195,0.562,0.475,0.333,0.315,-10600,2100,700,1.0,0.04,5,0.25,MKT+AI,B
,617,1.86,0.099,0.723,0.694,0.639,0.143,-31900,3330,1180,1.0,0.04,9,0.0,MKT+AI,B
,234,2.65,0.167,0.738,0.685,0.588,0.234,-16230,3330,1080,1.0,0.04,9,0.15,MKT+AI,B
,77,3.18,0.195,0.555,0.469,0.329,0.319,-10900,2100,700,1.0,0.04,9,0.25,MKT+AI,B
,449,1.44,0.098,0.661,0.627,0.569,0.141,-21850,2230,935,1.0,0.06,3,0.0,MKT+AI,B
,169,2.05,0.16,0.674,0.618,0.54,0.225,-11270,1960,730,1.0,0.06,3,0.15,MKT+AI,B
,48,2.44,0.167,0.576,0.409,0.221,0.303,-4960,1960,670,1.0,0.06,3,0.25,MKT+AI,B
,449,1.44,0.098,0.658,0.624,0.566,0.142,-22150,2230,935,1.0,0.06,5,0.0,MKT+AI,B
,169,2.07,0.16,0.668,0.612,0.536,0.227,-11570,1960,730,1.0,0.06,5,0.15,MKT+AI,B
,49,2.51,0.163,0.548,0.389,0.211,0.308,-5560,1960,670,1.0,0.06,5,0.25,MKT+AI,B
,449,1.44,0.098,0.658,0.624,0.566,0.142,-22150,2230,935,1.0,0.06,9,0.0,MKT+AI,B
,169,2.07,0.16,0.668,0.612,0.536,0.227,-11570,1960,730,1.0,0.06,9,0.15,MKT+AI,B
,49,2.51,0.163,0.548,0.389,0.211,0.308,-5560,1960,670,1.0,0.06,9,0.25,MKT+AI,B
,814,2.47,0.048,0.702,0.58,0.435,0.077,-59960,24620,1780,1.1,0.0,3,0.0,MKT+AI,B
,89,2.78,0.079,0.411,0.277,0.126,0.207,-14540,3330,1080,1.1,0.0,3,0.15,MKT+AI,B
,13,2.92,0.077,0.326,0.0,0.0,0.305,-2560,1240,1240,1.1,0.0,3,0.25,MKT+AI,B
,814,3.39,0.063,0.692,0.603,0.497,0.099,-84900,24620,1770,1.1,0.0,5,0.0,MKT+AI,B
,170,4.19,0.124,0.518,0.37,0.277,0.215,-34350,10490,1240,1.1,0.0,5,0.15,MKT+AI,B
,40,4.38,0.2,0.398,0.314,0.169,0.303,-10540,1470,795,1.1,0.0,5,0.25,MKT+AI,B
,815,4.28,0.071,0.632,0.562,0.478,0.118,-128210,24620,1805,1.1,0.0,9,0.0,MKT+AI,B
,242,6.05,0.14,0.588,0.502,0.373,0.231,-60400,12540,1400,1.1,0.0,9,0.15,MKT+AI,B
,74,6.66,0.203,0.511,0.298,0.223,0.325,-24110,10490,1140,1.1,0.0,9,0.25,MKT+AI,B
,703,2.0,0.058,0.557,0.496,0.41,0.1,-62440,8480,1370,1.1,0.02,3,0.0,MKT+AI,B
,135,2.7,0.126,0.545,0.454,0.345,0.207,-16560,3330,1050,1.1,0.02,3,0.15,MKT+AI,B
,21,2.86,0.095,0.275,0.068,0.0,0.298,-4350,1240,825,1.1,0.02,3,0.25,MKT+AI,B
,703,2.26,0.063,0.52,0.467,0.39,0.114,-76290,8480,1335,1.1,0.02,5,0.0,MKT+AI,B
,193,3.61,0.14,0.562,0.509,0.414,0.226,-30480,3670,1240,1.1,0.02,5,0.15,MKT+AI,B
,57,4.16,0.14,0.376,0.287,0.175,0.307,-14800,2100,1160,1.1,0.02,5,0.25,MKT+AI,B
,703,2.33,0.063,0.506,0.454,0.379,0.117,-80890,8480,1335,1.1,0.02,9,0.0,MKT+AI,B
,195,3.85,0.138,0.521,0.472,0.384,0.236,-35980,3670,1240,1.1,0.02,9,0.15,MKT+AI,B
,67,4.9,0.134,0.32,0.256,0.166,0.323,-22310,2100,1240,1.1,0.02,9,0.25,MKT+AI,B
,487,1.54,0.072,0.645,0.6,0.526,0.116,-26640,3330,1240,1.1,0.04,3,0.0,MKT+AI,B
,125,2.3,0.144,0.708,0.592,0.463,0.219,-8390,3330,1015,1.1,0.04,3,0.15,MKT+AI,B
,31,2.61,0.097,0.321,0.168,0.0,0.293,-5500,1240,950,1.1,0.04,3,0.25,MKT+AI,B
,487,1.57,0.072,0.633,0.589,0.517,0.118,-28040,3330,1240,1.1,0.04,5,0.0,MKT+AI,B
,126,2.41,0.143,0.668,0.559,0.437,0.225,-10090,3330,1015,1.1,0.04,5,0.15,MKT+AI,B
,37,3.03,0.108,0.329,0.218,0.037,0.303,-7520,1240,1015,1.1,0.04,5,0.25,MKT+AI,B
,487,1.57,0.072,0.632,0.589,0.516,0.118,-28140,3330,1240,1.1,0.04,9,0.0,MKT+AI,B
,126,2.42,0.143,0.666,0.557,0.436,0.226,-10190,3330,1015,1.1,0.04,9,0.15,MKT+AI,B
,37,3.05,0.108,0.326,0.216,0.036,0.307,-7620,1240,1015,1.1,0.04,9,0.25,MKT+AI,B
,309,1.34,0.081,0.613,0.57,0.493,0.131,-16020,1780,1050,1.1,0.06,3,0.0,MKT+AI,B
,96,1.95,0.115,0.457,0.384,0.26,0.218,-10150,1370,640,1.1,0.06,3,0.15,MKT+AI,B
,23,2.48,0.087,0.384,0.167,0.0,0.297,-3510,1240,1095,1.1,0.06,3,0.25,MKT+AI,B
,309,1.34,0.081,0.613,0.57,0.493,0.131,-16020,1780,1050,1.1,0.06,5,0.0,MKT+AI,B
,96,1.95,0.115,0.457,0.384,0.26,0.218,-10150,1370,640,1.1,0.06,5,0.15,MKT+AI,B
,23,2.48,0.087,0.384,0.167,0.0,0.297,-3510,1240,1095,1.1,0.06,5,0.25,MKT+AI,B
,309,1.34,0.081,0.613,0.57,0.493,0.131,-16020,1780,1050,1.1,0.06,9,0.0,MKT+AI,B
,96,1.95,0.115,0.457,0.384,0.26,0.218,-10150,1370,640,1.1,0.06,9,0.15,MKT+AI,B
,23,2.48,0.087,0.384,0.167,0.0,0.297,-3510,1240,1095,1.1,0.06,9,0.25,MKT+AI,B
,685,2.27,0.045,0.749,0.591,0.428,0.068,-39090,24620,1780,1.2,0.0,3,0.0,MKT+AI,B
,58,2.66,0.086,0.457,0.241,0.09,0.196,-8360,3330,1080,1.2,0.0,3,0.15,MKT+AI,B
,4,3.0,0.0,0.0,0.0,0.0,0.296,-1200,0,0,1.2,0.0,3,0.25,MKT+AI,B
,685,2.96,0.061,0.815,0.693,0.562,0.085,-37660,24620,1775,1.2,0.0,5,0.0,MKT+AI,B
,104,4.08,0.135,0.596,0.349,0.238,0.211,-17120,10490,1050,1.2,0.0,5,0.15,MKT+AI,B
,22,4.68,0.136,0.257,0.132,0.0,0.303,-7650,1290,950,1.2,0.0,5,0.25,MKT+AI,B
,686,3.54,0.07,0.801,0.7,0.59,0.096,-48430,24620,2015,1.2,0.0,9,0.0,MKT+AI,B
,136,5.68,0.169,0.717,0.555,0.372,0.226,-21810,12540,1290,1.2,0.0,9,0.15,MKT+AI,B
,40,6.75,0.2,0.714,0.326,0.189,0.321,-7720,10490,1330,1.2,0.0,9,0.25,MKT+AI,B
,544,1.81,0.061,0.691,0.605,0.481,0.089,-30490,8480,1380,1.2,0.02,3,0.0,MKT+AI,B
,86,2.57,0.151,0.671,0.52,0.395,0.198,-7280,3330,1050,1.2,0.02,3,0.15,MKT+AI,B
,9,3.0,0.111,0.152,0.0,0.0,0.297,-2290,410,410,1.2,0.02,3,0.25,MKT+AI,B
,544,1.99,0.064,0.665,0.587,0.474,0.098,-36300,8480,1380,1.2,0.02,5,0.0,MKT+AI,B
,115,3.39,0.165,0.695,0.601,0.445,0.217,-11910,3670,1140,1.2,0.02,5,0.15,MKT+AI,B
,30,4.27,0.167,0.398,0.291,0.106,0.301,-7700,1370,1080,1.2,0.02,5,0.25,MKT+AI,B
,544,2.03,0.064,0.652,0.575,0.464,0.101,-38500,8480,1380,1.2,0.02,9,0.0,MKT+AI,B
,116,3.59,0.164,0.65,0.562,0.416,0.226,-14610,3670,1140,1.2,0.02,9,0.15,MKT+AI,B
,37,4.97,0.162,0.364,0.277,0.133,0.31,-11710,1590,1185,1.2,0.02,9,0.25,MKT+AI,B
,350,1.41,0.08,0.849,0.782,0.669,0.106,-7440,3330,1335,1.2,0.04,3,0.0,MKT+AI,B
,79,2.2,0.152,0.899,0.707,0.495,0.206,-1760,3330,1160,1.2,0.04,3,0.15,MKT+AI,B
,15,2.87,0.133,0.316,0.095,0.0,0.298,-2940,950,680,1.2,0.04,3,0.25,MKT+AI,B
,350,1.43,0.08,0.836,0.77,0.659,0.107,-8240,3330,1335,1.2,0.04,5,0.0,MKT+AI,B
,79,2.3,0.152,0.859,0.676,0.474,0.212,-2560,3330,1160,1.2,0.04,5,0.15,MKT+AI,B
,18,3.28,0.167,0.414,0.231,0.0,0.308,-3460,1080,950,1.2,0.04,5,0.25,MKT+AI,B
,350,1.43,0.08,0.836,0.77,0.659,0.107,-8240,3330,1335,1.2,0.04,9,0.0,MKT+AI,B
,79,2.3,0.152,0.859,0.676,0.474,0.212,-2560,3330,1160,1.2,0.04,9,0.15,MKT+AI,B
,18,3.28,0.167,0.414,0.231,0.0,0.308,-3460,1080,950,1.2,0.04,9,0.25,MKT+AI,B
,216,1.27,0.088,0.759,0.695,0.578,0.122,-6590,1780,1080,1.2,0.06,3,0.0,MKT+AI,B
,60,1.92,0.117,0.564,0.445,0.243,0.206,-5010,1370,950,1.2,0.06,3,0.15,MKT+AI,B
,10,2.6,0.1,0.365,0.0,0.0,0.301,-1650,950,950,1.2,0.06,3,0.25,MKT+AI,B
,216,1.27,0.088,0.759,0.695,0.578,0.122,-6590,1780,1080,1.2,0.06,5,0.0,MKT+AI,B
,60,1.92,0.117,0.564,0.445,0.243,0.206,-5010,1370,950,1.2,0.06,5,0.15,MKT+AI,B
,10,2.6,0.1,0.365,0.0,0.0,0.301,-1650,950,950,1.2,0.06,5,0.25,MKT+AI,B
,216,1.27,0.088,0.759,0.695,0.578,0.122,-6590,1780,1080,1.2,0.06,9,0.0,MKT+AI,B
,60,1.92,0.117,0.564,0.445,0.243,0.206,-5010,1370,950,1.2,0.06,9,0.15,MKT+AI,B
,10,2.6,0.1,0.365,0.0,0.0,0.301,-1650,950,950,1.2,0.06,9,0.25,MKT+AI,B
,553,2.12,0.034,0.732,0.522,0.306,0.063,-31430,24620,1930,1.3,0.0,3,0.0,MKT+AI,B
,38,2.58,0.053,0.237,0.11,0.0,0.194,-7480,1240,1160,1.3,0.0,3,0.15,MKT+AI,B
,3,2.67,0.0,0.0,0.0,0.0,0.282,-800,0,0,1.3,0.0,3,0.25,MKT+AI,B
,553,2.63,0.047,0.852,0.683,0.5,0.074,-21470,24620,2015,1.3,0.0,5,0.0,MKT+AI,B
,59,3.9,0.119,0.762,0.306,0.187,0.209,-5470,10490,1240,1.3,0.0,5,0.15,MKT+AI,B
,13,4.46,0.077,0.164,0.0,0.0,0.294,-4850,950,950,1.3,0.0,5,0.25,MKT+AI,B
,554,3.05,0.051,0.834,0.688,0.529,0.082,-28120,24620,2155,1.3,0.0,9,0.0,MKT+AI,B
,77,5.43,0.143,0.833,0.533,0.232,0.224,-6990,12540,1370,1.3,0.0,9,0.15,MKT+AI,B
,23,6.13,0.174,1.001,0.257,0.067,0.312,10,10490,1335,1.3,0.0,9,0.25,MKT+AI,B
,426,1.69,0.045,0.632,0.515,0.346,0.081,-26560,8480,1380,1.3,0.02,3,0.0,MKT+AI,B
,52,2.48,0.096,0.467,0.36,0.157,0.196,-6880,1380,1240,1.3,0.02,3,0.15,MKT+AI,B
,5,2.8,0.0,0.0,0.0,0.0,0.287,-1400,0,0,1.3,0.02,3,0.25,MKT+AI,B
,426,1.81,0.045,0.593,0.483,0.324,0.087,-31360,8480,1380,1.3,0.02,5,0.0,MKT+AI,B
,65,3.22,0.108,0.413,0.337,0.205,0.215,-12270,1590,1240,1.3,0.02,5,0.15,MKT+AI,B
,17,4.18,0.0,0.0,0.0,0.0,0.294,-7100,0,0,1.3,0.02,5,0.25,MKT+AI,B
,426,1.82,0.045,0.587,0.478,0.321,0.088,-32060,8480,1380,1.3,0.02,9,0.0,MKT+AI,B
,65,3.32,0.108,0.4,0.326,0.199,0.222,-12970,1590,1240,1.3,0.02,9,0.15,MKT+AI,B
,20,4.65,0.05,0.171,0.0,0.0,0.304,-7710,1590,1590,1.3,0.02,9,0.25,MKT+AI,B
,259,1.3,0.054,0.599,0.5,0.372,0.095,-13510,3330,1305,1.3,0.04,3,0.0,MKT+AI,B
,45,2.09,0.111,0.664,0.495,0.216,0.206,-3160,1590,1240,1.3,0.04,3,0.15,MKT+AI,B
,9,2.89,0.0,0.0,0.0,0.0,0.295,-2600,0,0,1.3,0.04,3,0.25,MKT+AI,B
,259,1.32,0.054,0.59,0.493,0.367,0.097,-14010,3330,1305,1.3,0.04,5,0.0,MKT+AI,B
,45,2.2,0.111,0.63,0.47,0.205,0.213,-3660,1590,1240,1.3,0.04,5,0.15,MKT+AI,B
,10,3.3,0.0,0.0,0.0,0.0,0.313,-3300,0,0,1.3,0.04,5,0.25,MKT+AI,B
,259,1.32,0.054,0.59,0.493,0.367,0.097,-14010,3330,1305,1.3,0.04,9,0.0,MKT+AI,B
,45,2.2,0.111,0.63,0.47,0.205,0.213,-3660,1590,1240,1.3,0.04,9,0.15,MKT+AI,B
,10,3.3,0.0,0.0,0.0,0.0,0.313,-3300,0,0,1.3,0.04,9,0.25,MKT+AI,B
,144,1.22,0.069,0.626,0.545,0.388,0.117,-6540,1420,1065,1.3,0.06,3,0.0,MKT+AI,B
,36,1.78,0.083,0.511,0.317,0.0,0.205,-3130,1240,1080,1.3,0.06,3,0.15,MKT+AI,B
,5,2.4,0.0,0.0,0.0,0.0,0.301,-1200,0,0,1.3,0.06,3,0.25,MKT+AI,B
,144,1.22,0.069,0.626,0.545,0.388,0.117,-6540,1420,1065,1.3,0.06,5,0.0,MKT+AI,B
,36,1.78,0.083,0.511,0.317,0.0,0.205,-3130,1240,1080,1.3,0.06,5,0.15,MKT+AI,B
,5,2.4,0.0,0.0,0.0,0.0,0.301,-1200,0,0,1.3,0.06,5,0.25,MKT+AI,B
,144,1.22,0.069,0.626,0.545,0.388,0.117,-6540,1420,1065,1.3,0.06,9,0.0,MKT+AI,B
,36,1.78,0.083,0.511,0.317,0.0,0.205,-3130,1240,1080,1.3,0.06,9,0.15,MKT+AI,B
,5,2.4,0.0,0.0,0.0,0.0,0.301,-1200,0,0,1.3,0.06,9,0.25,MKT+AI,B
,341,1.87,0.029,0.491,0.268,0.146,0.054,-32360,14200,1505,1.5,0.0,3,0.0,MKT+AI,B
,17,2.35,0.059,0.27,0.0,0.0,0.2,-2920,1080,1080,1.5,0.0,3,0.15,MKT+AI,B
,3,2.67,0.0,0.0,0.0,0.0,0.282,-800,0,0,1.5,0.0,3,0.25,MKT+AI,B
,341,2.22,0.041,0.716,0.528,0.252,0.061,-21510,14200,1505,1.5,0.0,5,0.0,MKT+AI,B
,28,3.54,0.107,0.352,0.212,0.0,0.201,-6420,1380,1080,1.5,0.0,5,0.15,MKT+AI,B
,5,3.2,0.0,0.0,0.0,0.0,0.279,-1600,0,0,1.5,0.0,5,0.25,MKT+AI,B
,342,2.48,0.041,0.639,0.472,0.225,0.067,-30610,14200,1505,1.5,0.0,9,0.0,MKT+AI,B
,34,4.76,0.118,0.28,0.194,0.063,0.223,-11670,1380,1065,1.5,0.0,9,0.15,MKT+AI,B
,10,5.3,0.0,0.0,0.0,0.0,0.313,-5300,0,0,1.5,0.0,9,0.25,MKT+AI,B
,242,1.49,0.045,0.713,0.477,0.262,0.071,-10340,8480,1380,1.5,0.02,3,0.0,MKT+AI,B
,21,2.29,0.048,0.288,0.0,0.0,0.198,-3420,1380,1380,1.5,0.02,3,0.15,MKT+AI,B
,3,2.67,0.0,0.0,0.0,0.0,0.282,-800,0,0,1.5,0.02,3,0.25,MKT+AI,B
,242,1.56,0.045,0.679,0.454,0.25,0.076,-12140,8480,1380,1.5,0.02,5,0.0,MKT+AI,B
,29,3.07,0.069,0.27,0.115,0.0,0.213,-6500,1380,1200,1.5,0.02,5,0.15,MKT+AI,B
,8,3.75,0.0,0.0,0.0,0.0,0.292,-3000,0,0,1.5,0.02,5,0.25,MKT+AI,B
,242,1.57,0.045,0.675,0.452,0.248,0.077,-12340,8480,1380,1.5,0.02,9,0.0,MKT+AI,B
,29,3.14,0.069,0.264,0.112,0.0,0.222,-6700,1380,1200,1.5,0.02,9,0.15,MKT+AI,B
,9,4.11,0.0,0.0,0.0,0.0,0.31,-3700,0,0,1.5,0.02,9,0.25,MKT+AI,B
,129,1.26,0.07,0.788,0.583,0.397,0.094,-3430,3330,1370,1.5,0.04,3,0.0,MKT+AI,B
,20,2.05,0.05,0.337,0.0,0.0,0.211,-2720,1380,1380,1.5,0.04,3,0.15,MKT+AI,B
,6,2.83,0.0,0.0,0.0,0.0,0.299,-1700,0,0,1.5,0.04,3,0.25,MKT+AI,B
,129,1.26,0.07,0.783,0.579,0.394,0.095,-3530,3330,1370,1.5,0.04,5,0.0,MKT+AI,B
,20,2.1,0.05,0.329,0.0,0.0,0.215,-2820,1380,1380,1.5,0.04,5,0.15,MKT+AI,B
,6,2.83,0.0,0.0,0.0,0.0,0.299,-1700,0,0,1.5,0.04,5,0.25,MKT+AI,B
,129,1.26,0.07,0.783,0.579,0.394,0.095,-3530,3330,1370,1.5,0.04,9,0.0,MKT+AI,B
,20,2.1,0.05,0.329,0.0,0.0,0.215,-2820,1380,1380,1.5,0.04,9,0.15,MKT+AI,B
,6,2.83,0.0,0.0,0.0,0.0,0.299,-1700,0,0,1.5,0.04,9,0.25,MKT+AI,B
,76,1.14,0.092,0.902,0.739,0.423,0.113,-850,1420,1080,1.5,0.06,3,0.0,MKT+AI,B
,15,1.67,0.0,0.0,0.0,0.0,0.213,-2500,0,0,1.5,0.06,3,0.15,MKT+AI,B
,4,2.25,0.0,0.0,0.0,0.0,0.296,-900,0,0,1.5,0.06,3,0.25,MKT+AI,B
,76,1.14,0.092,0.902,0.739,0.423,0.113,-850,1420,1080,1.5,0.06,5,0.0,MKT+AI,B
,15,1.67,0.0,0.0,0.0,0.0,0.213,-2500,0,0,1.5,0.06,5,0.15,MKT+AI,B
,4,2.25,0.0,0.0,0.0,0.0,0.296,-900,0,0,1.5,0.06,5,0.25,MKT+AI,B
,76,1.14,0.092,0.902,0.739,0.423,0.113,-850,1420,1080,1.5,0.06,9,0.0,MKT+AI,B
,15,1.67,0.0,0.0,0.0,0.0,0.213,-2500,0,0,1.5,0.06,9,0.15,MKT+AI,B
,4,2.25,0.0,0.0,0.0,0.0,0.296,-900,0,0,1.5,0.06,9,0.25,MKT+AI,B
,846,2.48,0.064,0.932,0.864,0.75,0.092,-14320,14300,2720,1.0,0.0,3,0.0,MKT+AI+DRIFT,A
,140,2.65,0.129,0.833,0.711,0.49,0.214,-6180,4560,1205,1.0,0.0,3,0.15,MKT+AI+DRIFT,A
,33,2.64,0.152,0.671,0.434,0.157,0.307,-2860,2060,1190,1.0,0.0,3,0.25,MKT+AI+DRIFT,A
,846,3.35,0.078,0.79,0.74,0.655,0.118,-59560,14300,2505,1.0,0.0,5,0.0,MKT+AI+DRIFT,A
,235,3.95,0.145,0.906,0.791,0.629,0.227,-8750,10660,1520,1.0,0.0,5,0.15,MKT+AI+DRIFT,A
,70,4.06,0.171,1.164,0.789,0.383,0.312,4660,10660,1255,1.0,0.0,5,0.25,MKT+AI+DRIFT,A
,846,4.11,0.092,0.779,0.738,0.662,0.137,-76930,14300,2605,1.0,0.0,9,0.0,MKT+AI+DRIFT,A
,311,5.56,0.151,0.678,0.617,0.529,0.238,-55620,10660,1520,1.0,0.0,9,0.15,MKT+AI+DRIFT,A
,109,5.93,0.183,0.804,0.639,0.43,0.326,-12640,10660,1385,1.0,0.0,9,0.25,MKT+AI+DRIFT,A
,768,2.08,0.076,0.876,0.829,0.745,0.116,-19770,7540,1940,1.0,0.02,3,0.0,MKT+AI+DRIFT,A
,200,2.61,0.14,0.886,0.791,0.625,0.215,-5950,4940,1205,1.0,0.02,3,0.15,MKT+AI+DRIFT,A
,42,2.67,0.143,0.626,0.442,0.227,0.31,-4190,2060,1180,1.0,0.02,3,0.25,MKT+AI+DRIFT,A
,768,2.38,0.087,0.857,0.816,0.742,0.132,-26020,7540,1770,1.0,0.02,5,0.0,MKT+AI+DRIFT,A
,267,3.45,0.161,0.992,0.91,0.764,0.234,-700,7540,1440,1.0,0.02,5,0.15,MKT+AI+DRIFT,A
,86,3.85,0.198,1.044,0.818,0.513,0.316,1440,7450,1220,1.0,0.02,5,0.25,MKT+AI+DRIFT,A
,768,2.44,0.089,0.839,0.799,0.727,0.135,-30130,7540,1690,1.0,0.02,9,0.0,MKT+AI+DRIFT,A
,270,3.64,0.163,0.936,0.859,0.721,0.242,-6310,7540,1400,1.0,0.02,9,0.15,MKT+AI+DRIFT,A
,97,4.39,0.196,0.858,0.684,0.446,0.325,-6030,7450,1220,1.0,0.02,9,0.25,MKT+AI+DRIFT,A
,586,1.6,0.065,0.544,0.501,0.433,0.13,-42800,4070,1205,1.0,0.04,3,0.0,MKT+AI+DRIFT,A
,192,2.32,0.13,0.67,0.578,0.476,0.226,-14730,4070,1030,1.0,0.04,3,0.15,MKT+AI+DRIFT,A
,50,2.6,0.16,0.659,0.501,0.315,0.314,-4430,2060,1070,1.0,0.04,3,0.25,MKT+AI+DRIFT,A
,586,1.65,0.068,0.56,0.518,0.452,0.133,-42400,4070,1230,1.0,0.04,5,0.0,MKT+AI+DRIFT,A
,193,2.46,0.14,0.691,0.605,0.509,0.235,-14630,4070,1170,1.0,0.04,5,0.15,MKT+AI+DRIFT,A
,62,3.05,0.161,0.607,0.498,0.344,0.32,-7430,2060,1180,1.0,0.04,5,0.25,MKT+AI+DRIFT,A
,586,1.65,0.068,0.56,0.518,0.452,0.133,-42400,4070,1230,1.0,0.04,9,0.0,MKT+AI+DRIFT,A
,193,2.46,0.14,0.691,0.605,0.509,0.235,-14630,4070,1170,1.0,0.04,9,0.15,MKT+AI+DRIFT,A
,62,3.05,0.161,0.607,0.498,0.344,0.32,-7430,2060,1180,1.0,0.04,9,0.25,MKT+AI+DRIFT,A
,416,1.34,0.072,0.566,0.521,0.459,0.139,-24220,2490,965,1.0,0.06,3,0.0,MKT+AI+DRIFT,A
,150,1.89,0.12,0.653,0.565,0.461,0.224,-9810,2490,1000,1.0,0.06,3,0.15,MKT+AI+DRIFT,A
,39,2.41,0.154,0.637,0.5,0.249,0.323,-3410,1290,1070,1.0,0.06,3,0.25,MKT+AI+DRIFT,A
,416,1.35,0.072,0.563,0.519,0.457,0.14,-24520,2490,965,1.0,0.06,5,0.0,MKT+AI+DRIFT,A
,150,1.91,0.12,0.647,0.559,0.456,0.226,-10110,2490,1000,1.0,0.06,5,0.15,MKT+AI+DRIFT,A
,39,2.49,0.154,0.618,0.485,0.241,0.331,-3710,1290,1070,1.0,0.06,5,0.25,MKT+AI+DRIFT,A
,416,1.35,0.072,0.563,0.519,0.457,0.14,-24520,2490,965,1.0,0.06,9,0.0,MKT+AI+DRIFT,A
,150,1.91,0.12,0.647,0.559,0.456,0.226,-10110,2490,1000,1.0,0.06,9,0.15,MKT+AI+DRIFT,A
,39,2.49,0.154,0.618,0.485,0.241,0.331,-3710,1290,1070,1.0,0.06,9,0.25,MKT+AI+DRIFT,A
,683,2.19,0.051,0.848,0.753,0.631,0.076,-22700,14300,3080,1.1,0.0,3,0.0,MKT+AI+DRIFT,A
,76,2.49,0.105,0.695,0.479,0.239,0.211,-5770,4070,1285,1.1,0.0,3,0.15,MKT+AI+DRIFT,A
,19,2.42,0.053,0.265,0.0,0.0,0.292,-3380,1220,1220,1.1,0.0,3,0.25,MKT+AI+DRIFT,A
,683,2.77,0.059,0.706,0.63,0.534,0.092,-55530,14300,2390,1.1,0.0,5,0.0,MKT+AI+DRIFT,A
,116,3.71,0.121,0.67,0.497,0.328,0.224,-14190,7450,1320,1.1,0.0,5,0.15,MKT+AI+DRIFT,A
,34,3.71,0.118,0.599,0.276,0.077,0.303,-5050,4070,1255,1.1,0.0,5,0.25,MKT+AI+DRIFT,A
,683,3.18,0.064,0.681,0.615,0.53,0.1,-69310,14300,2390,1.1,0.0,9,0.0,MKT+AI+DRIFT,A
,142,4.96,0.134,0.596,0.49,0.347,0.232,-28490,7450,1440,1.1,0.0,9,0.15,MKT+AI+DRIFT,A
,49,5.31,0.143,0.607,0.375,0.167,0.311,-10210,6050,1290,1.1,0.0,9,0.25,MKT+AI+DRIFT,A
,568,1.78,0.063,0.994,0.92,0.786,0.095,-560,7540,2270,1.1,0.02,3,0.0,MKT+AI+DRIFT,A
,102,2.5,0.108,0.681,0.521,0.343,0.211,-8140,4070,1350,1.1,0.02,3,0.15,MKT+AI+DRIFT,A
,22,2.41,0.045,0.23,0.0,0.0,0.296,-4080,1220,1220,1.1,0.02,3,0.25,MKT+AI+DRIFT,A
,568,1.92,0.07,0.961,0.891,0.768,0.103,-4300,7540,1985,1.1,0.02,5,0.0,MKT+AI+DRIFT,A
,124,3.13,0.145,0.978,0.786,0.525,0.225,-860,7450,1340,1.1,0.02,5,0.15,MKT+AI+DRIFT,A
,36,3.39,0.167,0.775,0.441,0.226,0.305,-2750,4070,1255,1.1,0.02,5,0.25,MKT+AI+DRIFT,A
,568,1.95,0.07,0.947,0.878,0.756,0.104,-5900,7540,1985,1.1,0.02,9,0.0,MKT+AI+DRIFT,A
,124,3.26,0.145,0.939,0.755,0.504,0.231,-2460,7450,1340,1.1,0.02,9,0.15,MKT+AI+DRIFT,A
,41,3.95,0.146,0.583,0.332,0.17,0.313,-6750,4070,1255,1.1,0.02,9,0.25,MKT+AI+DRIFT,A
,377,1.42,0.061,0.677,0.601,0.482,0.112,-17260,4070,1440,1.1,0.04,3,0.0,MKT+AI+DRIFT,A
,92,2.17,0.141,0.916,0.712,0.485,0.219,-1680,4070,1220,1.1,0.04,3,0.15,MKT+AI+DRIFT,A
,24,2.38,0.083,0.384,0.17,0.0,0.304,-3510,1220,1095,1.1,0.04,3,0.25,MKT+AI+DRIFT,A
,377,1.45,0.064,0.689,0.614,0.497,0.114,-16970,4070,1395,1.1,0.04,5,0.0,MKT+AI+DRIFT,A
,93,2.29,0.151,0.921,0.73,0.516,0.225,-1690,4070,1255,1.1,0.04,5,0.15,MKT+AI+DRIFT,A
,28,2.79,0.107,0.446,0.281,0.0,0.31,-4320,1290,1220,1.1,0.04,5,0.25,MKT+AI+DRIFT,A
,377,1.45,0.064,0.689,0.614,0.497,0.114,-16970,4070,1395,1.1,0.04,9,0.0,MKT+AI+DRIFT,A
,93,2.29,0.151,0.921,0.73,0.516,0.225,-1690,4070,1255,1.1,0.04,9,0.15,MKT+AI+DRIFT,A
,28,2.79,0.107,0.446,0.281,0.0,0.31,-4320,1290,1220,1.1,0.04,9,0.25,MKT+AI+DRIFT,A
,244,1.24,0.074,0.737,0.654,0.539,0.127,-7950,2490,1255,1.1,0.06,3,0.0,MKT+AI+DRIFT,A
,70,1.79,0.114,0.749,0.55,0.338,0.22,-3140,2490,1125,1.1,0.06,3,0.15,MKT+AI+DRIFT,A
,20,2.2,0.1,0.514,0.22,0.0,0.31,-2140,1290,1130,1.1,0.06,3,0.25,MKT+AI+DRIFT,A
,244,1.24,0.074,0.734,0.652,0.537,0.128,-8050,2490,1255,1.1,0.06,5,0.0,MKT+AI+DRIFT,A
,70,1.8,0.114,0.743,0.545,0.336,0.222,-3240,2490,1125,1.1,0.06,5,0.15,MKT+AI+DRIFT,A
,20,2.25,0.1,0.502,0.216,0.0,0.317,-2240,1290,1130,1.1,0.06,5,0.25,MKT+AI+DRIFT,A
,244,1.24,0.074,0.734,0.652,0.537,0.128,-8050,2490,1255,1.1,0.06,9,0.0,MKT+AI+DRIFT,A
,70,1.8,0.114,0.743,0.545,0.336,0.222,-3240,2490,1125,1.1,0.06,9,0.15,MKT+AI+DRIFT,A
,20,2.25,0.1,0.502,0.216,0.0,0.317,-2240,1290,1130,1.1,0.06,9,0.25,MKT+AI+DRIFT,A
,518,1.96,0.046,0.854,0.713,0.533,0.065,-14790,14300,2685,1.2,0.0,3,0.0,MKT+AI+DRIFT,A
,47,2.45,0.085,0.677,0.323,0.038,0.207,-3710,4070,1640,1.2,0.0,3,0.15,MKT+AI+DRIFT,A
,10,2.4,0.1,0.508,0.0,0.0,0.306,-1180,1220,1220,1.2,0.0,3,0.25,MKT+AI+DRIFT,A
,518,2.34,0.052,0.743,0.625,0.475,0.075,-31100,14300,2250,1.2,0.0,5,0.0,MKT+AI+DRIFT,A
,67,3.4,0.104,0.576,0.398,0.167,0.214,-9660,4070,1290,1.2,0.0,5,0.15,MKT+AI+DRIFT,A
,19,3.32,0.158,1.044,0.398,0.0,0.295,280,4070,1290,1.2,0.0,5,0.25,MKT+AI+DRIFT,A
,518,2.58,0.058,0.752,0.646,0.508,0.08,-33120,14300,2155,1.2,0.0,9,0.0,MKT+AI+DRIFT,A
,81,4.53,0.136,0.638,0.473,0.275,0.22,-13280,6050,1440,1.2,0.0,9,0.15,MKT+AI+DRIFT,A
,27,4.81,0.185,1.074,0.608,0.193,0.299,960,6050,1330,1.2,0.0,9,0.25,MKT+AI+DRIFT,A
,399,1.59,0.06,0.955,0.836,0.669,0.083,-2860,7540,1815,1.2,0.02,3,0.0,MKT+AI+DRIFT,A
,53,2.42,0.094,0.723,0.405,0.13,0.213,-3550,4070,1460,1.2,0.02,3,0.15,MKT+AI+DRIFT,A
,12,2.42,0.083,0.421,0.0,0.0,0.3,-1680,1220,1220,1.2,0.02,3,0.25,MKT+AI+DRIFT,A
,399,1.69,0.065,0.94,0.828,0.67,0.088,-4040,7540,1565,1.2,0.02,5,0.0,MKT+AI+DRIFT,A
,63,3.03,0.127,0.938,0.621,0.301,0.226,-1180,6050,1395,1.2,0.02,5,0.15,MKT+AI+DRIFT,A
,21,3.33,0.19,1.13,0.549,0.174,0.296,910,4070,1310,1.2,0.02,5,0.25,MKT+AI+DRIFT,A
,399,1.7,0.065,0.93,0.819,0.663,0.089,-4740,7540,1565,1.2,0.02,9,0.0,MKT+AI+DRIFT,A
,63,3.14,0.127,0.905,0.599,0.29,0.231,-1880,6050,1395,1.2,0.02,9,0.15,MKT+AI+DRIFT,A
,24,3.83,0.167,0.86,0.417,0.133,0.301,-1290,4070,1310,1.2,0.02,9,0.25,MKT+AI+DRIFT,A
,241,1.34,0.066,0.842,0.716,0.52,0.105,-5120,4070,1450,1.2,0.04,3,0.0,MKT+AI+DRIFT,A
,49,2.16,0.122,0.998,0.614,0.282,0.218,-20,4070,1395,1.2,0.04,3,0.15,MKT+AI+DRIFT,A
,14,2.36,0.071,0.37,0.0,0.0,0.293,-2080,1220,1220,1.2,0.04,3,0.25,MKT+AI+DRIFT,A
,241,1.37,0.071,0.868,0.745,0.551,0.106,-4330,4070,1440,1.2,0.04,5,0.0,MKT+AI+DRIFT,A
,50,2.28,0.14,1.041,0.684,0.375,0.223,470,4070,1330,1.2,0.04,5,0.15,MKT+AI+DRIFT,A
,17,2.71,0.118,0.546,0.265,0.0,0.291,-2090,1290,1255,1.2,0.04,5,0.25,MKT+AI+DRIFT,A
,241,1.37,0.071,0.868,0.745,0.551,0.106,-4330,4070,1440,1.2,0.04,9,0.0,MKT+AI+DRIFT,A
,50,2.28,0.14,1.041,0.684,0.375,0.223,470,4070,1330,1.2,0.04,9,0.15,MKT+AI+DRIFT,A
,17,2.71,0.118,0.546,0.265,0.0,0.291,-2090,1290,1255,1.2,0.04,9,0.25,MKT+AI+DRIFT,A
,153,1.2,0.072,0.726,0.64,0.472,0.121,-5010,1570,1290,1.2,0.06,3,0.0,MKT+AI+DRIFT,A
,36,1.75,0.083,0.468,0.263,0.0,0.219,-3350,1290,1220,1.2,0.06,3,0.15,MKT+AI+DRIFT,A
,12,2.17,0.0,0.0,0.0,0.0,0.289,-2600,0,0,1.2,0.06,3,0.25,MKT+AI+DRIFT,A
,153,1.2,0.072,0.726,0.64,0.472,0.121,-5010,1570,1290,1.2,0.06,5,0.0,MKT+AI+DRIFT,A
,36,1.75,0.083,0.468,0.263,0.0,0.219,-3350,1290,1220,1.2,0.06,5,0.15,MKT+AI+DRIFT,A
,12,2.17,0.0,0.0,0.0,0.0,0.289,-2600,0,0,1.2,0.06,5,0.25,MKT+AI+DRIFT,A
,153,1.2,0.072,0.726,0.64,0.472,0.121,-5010,1570,1290,1.2,0.06,9,0.0,MKT+AI+DRIFT,A
,36,1.75,0.083,0.468,0.263,0.0,0.219,-3350,1290,1220,1.2,0.06,9,0.15,MKT+AI+DRIFT,A
,12,2.17,0.0,0.0,0.0,0.0,0.289,-2600,0,0,1.2,0.06,9,0.25,MKT+AI+DRIFT,A
,364,1.84,0.033,0.851,0.637,0.387,0.059,-9960,14300,3520,1.3,0.0,3,0.0,MKT+AI+DRIFT,A
,28,2.29,0.036,0.636,0.0,0.0,0.205,-2330,4070,4070,1.3,0.0,3,0.15,MKT+AI+DRIFT,A
,5,2.0,0.0,0.0,0.0,0.0,0.299,-1000,0,0,1.3,0.0,3,0.25,MKT+AI+DRIFT,A
,364,2.13,0.038,0.761,0.577,0.362,0.067,-18560,14300,3240,1.3,0.0,5,0.0,MKT+AI+DRIFT,A
,36,2.94,0.056,0.465,0.081,0.0,0.21,-5670,4070,2465,1.3,0.0,5,0.15,MKT+AI+DRIFT,A
,9,3.0,0.111,1.507,0.0,0.0,0.286,1370,4070,4070,1.3,0.0,5,0.25,MKT+AI+DRIFT,A
,364,2.31,0.041,0.721,0.551,0.352,0.07,-23400,14300,3200,1.3,0.0,9,0.0,MKT+AI+DRIFT,A
,42,3.9,0.071,0.39,0.141,0.0,0.212,-10010,4070,1460,1.3,0.0,9,0.15,MKT+AI+DRIFT,A
,12,4.42,0.083,0.768,0.0,0.0,0.295,-1230,4070,4070,1.3,0.0,9,0.25,MKT+AI+DRIFT,A
,271,1.5,0.048,0.878,0.729,0.516,0.077,-4960,6050,3080,1.3,0.02,3,0.0,MKT+AI+DRIFT,A
,32,2.22,0.062,0.779,0.206,0.0,0.207,-1570,4070,2765,1.3,0.02,3,0.15,MKT+AI+DRIFT,A
,6,2.0,0.0,0.0,0.0,0.0,0.294,-1200,0,0,1.3,0.02,3,0.25,MKT+AI+DRIFT,A
,271,1.55,0.048,0.851,0.706,0.5,0.079,-6260,6050,3080,1.3,0.02,5,0.0,MKT+AI+DRIFT,A
,34,2.59,0.059,0.628,0.166,0.0,0.217,-3270,4070,2765,1.3,0.02,5,0.15,MKT+AI+DRIFT,A
,9,2.89,0.111,1.565,0.0,0.0,0.294,1470,4070,4070,1.3,0.02,5,0.25,MKT+AI+DRIFT,A
,271,1.55,0.048,0.847,0.703,0.498,0.079,-6460,6050,3080,1.3,0.02,9,0.0,MKT+AI+DRIFT,A
,34,2.65,0.059,0.614,0.162,0.0,0.22,-3470,4070,2765,1.3,0.02,9,0.15,MKT+AI+DRIFT,A
,10,3.3,0.1,1.233,0.0,0.0,0.299,770,4070,4070,1.3,0.02,9,0.25,MKT+AI+DRIFT,A
,152,1.26,0.053,0.875,0.662,0.329,0.098,-2390,4070,1450,1.3,0.04,3,0.0,MKT+AI+DRIFT,A
,27,2.0,0.074,1.024,0.27,0.0,0.21,130,4070,2765,1.3,0.04,3,0.15,MKT+AI+DRIFT,A
,6,2.0,0.0,0.0,0.0,0.0,0.294,-1200,0,0,1.3,0.04,3,0.25,MKT+AI+DRIFT,A
,152,1.27,0.053,0.866,0.655,0.325,0.099,-2590,4070,1450,1.3,0.04,5,0.0,MKT+AI+DRIFT,A
,27,2.07,0.074,0.988,0.261,0.0,0.214,-70,4070,2765,1.3,0.04,5,0.15,MKT+AI+DRIFT,A
,7,2.29,0.0,0.0,0.0,0.0,0.294,-1600,0,0,1.3,0.04,5,0.25,MKT+AI+DRIFT,A
,152,1.27,0.053,0.866,0.655,0.325,0.099,-2590,4070,1450,1.3,0.04,9,0.0,MKT+AI+DRIFT,A
,27,2.07,0.074,0.988,0.261,0.0,0.214,-70,4070,2765,1.3,0.04,9,0.15,MKT+AI+DRIFT,A
,7,2.29,0.0,0.0,0.0,0.0,0.294,-1600,0,0,1.3,0.04,9,0.25,MKT+AI+DRIFT,A
,90,1.14,0.044,0.468,0.328,0.083,0.118,-5480,1440,1260,1.3,0.06,3,0.0,MKT+AI+DRIFT,A
,20,1.55,0.0,0.0,0.0,0.0,0.212,-3100,0,0,1.3,0.06,3,0.15,MKT+AI+DRIFT,A
,5,1.8,0.0,0.0,0.0,0.0,0.287,-900,0,0,1.3,0.06,3,0.25,MKT+AI+DRIFT,A
,90,1.14,0.044,0.468,0.328,0.083,0.118,-5480,1440,1260,1.3,0.06,5,0.0,MKT+AI+DRIFT,A
,20,1.55,0.0,0.0,0.0,0.0,0.212,-3100,0,0,1.3,0.06,5,0.15,MKT+AI+DRIFT,A
,5,1.8,0.0,0.0,0.0,0.0,0.287,-900,0,0,1.3,0.06,5,0.25,MKT+AI+DRIFT,A
,90,1.14,0.044,0.468,0.328,0.083,0.118,-5480,1440,1260,1.3,0.06,9,0.0,MKT+AI+DRIFT,A
,20,1.55,0.0,0.0,0.0,0.0,0.212,-3100,0,0,1.3,0.06,9,0.15,MKT+AI+DRIFT,A
,5,1.8,0.0,0.0,0.0,0.0,0.287,-900,0,0,1.3,0.06,9,0.25,MKT+AI+DRIFT,A
,168,1.67,0.024,0.917,0.409,0.048,0.049,-2320,14300,5060,1.5,0.0,3,0.0,MKT+AI+DRIFT,A
,7,2.43,0.0,0.0,0.0,0.0,0.201,-1700,0,0,1.5,0.0,3,0.15,MKT+AI+DRIFT,A
,1,2.0,0.0,0.0,0.0,0.0,0.317,-200,0,0,1.5,0.0,3,0.25,MKT+AI+DRIFT,A
,168,1.93,0.024,0.796,0.354,0.042,0.053,-6620,14300,5060,1.5,0.0,5,0.0,MKT+AI+DRIFT,A
,8,3.12,0.0,0.0,0.0,0.0,0.206,-2500,0,0,1.5,0.0,5,0.15,MKT+AI+DRIFT,A
,1,2.0,0.0,0.0,0.0,0.0,0.317,-200,0,0,1.5,0.0,5,0.25,MKT+AI+DRIFT,A
,168,2.07,0.024,0.743,0.331,0.039,0.055,-8920,14300,5060,1.5,0.0,9,0.0,MKT+AI+DRIFT,A
,10,4.5,0.0,0.0,0.0,0.0,0.209,-4500,0,0,1.5,0.0,9,0.15,MKT+AI+DRIFT,A
,2,4.5,0.0,0.0,0.0,0.0,0.31,-900,0,0,1.5,0.0,9,0.25,MKT+AI+DRIFT,A
,113,1.35,0.027,0.75,0.355,0.0,0.065,-3820,6050,4070,1.5,0.02,3,0.0,MKT+AI+DRIFT,A
,7,2.43,0.0,0.0,0.0,0.0,0.206,-1700,0,0,1.5,0.02,3,0.15,MKT+AI+DRIFT,A
,1,2.0,0.0,0.0,0.0,0.0,0.317,-200,0,0,1.5,0.02,3,0.25,MKT+AI+DRIFT,A
,113,1.38,0.027,0.736,0.348,0.0,0.066,-4120,6050,4070,1.5,0.02,5,0.0,MKT+AI+DRIFT,A
,7,2.86,0.0,0.0,0.0,0.0,0.235,-2000,0,0,1.5,0.02,5,0.15,MKT+AI+DRIFT,A
,2,3.0,0.0,0.0,0.0,0.0,0.301,-600,0,0,1.5,0.02,5,0.25,MKT+AI+DRIFT,A
,113,1.39,0.027,0.731,0.346,0.0,0.067,-4220,6050,4070,1.5,0.02,9,0.0,MKT+AI+DRIFT,A
,7,3.0,0.0,0.0,0.0,0.0,0.24,-2100,0,0,1.5,0.02,9,0.15,MKT+AI+DRIFT,A
,3,4.0,0.0,0.0,0.0,0.0,0.296,-1200,0,0,1.5,0.02,9,0.25,MKT+AI+DRIFT,A
,61,1.13,0.016,0.59,0.0,0.0,0.083,-2830,4070,4070,1.5,0.04,3,0.0,MKT+AI+DRIFT,A
,7,2.0,0.0,0.0,0.0,0.0,0.206,-1400,0,0,1.5,0.04,3,0.15,MKT+AI+DRIFT,A
,1,2.0,0.0,0.0,0.0,0.0,0.317,-200,0,0,1.5,0.04,3,0.25,MKT+AI+DRIFT,A
,61,1.15,0.016,0.581,0.0,0.0,0.084,-2930,4070,4070,1.5,0.04,5,0.0,MKT+AI+DRIFT,A
,7,2.14,0.0,0.0,0.0,0.0,0.213,-1500,0,0,1.5,0.04,5,0.15,MKT+AI+DRIFT,A
,1,2.0,0.0,0.0,0.0,0.0,0.317,-200,0,0,1.5,0.04,5,0.25,MKT+AI+DRIFT,A
,61,1.15,0.016,0.581,0.0,0.0,0.084,-2930,4070,4070,1.5,0.04,9,0.0,MKT+AI+DRIFT,A
,7,2.14,0.0,0.0,0.0,0.0,0.213,-1500,0,0,1.5,0.04,9,0.15,MKT+AI+DRIFT,A
,1,2.0,0.0,0.0,0.0,0.0,0.317,-200,0,0,1.5,0.04,9,0.25,MKT+AI+DRIFT,A
,31,1.16,0.0,0.0,0.0,0.0,0.111,-3600,0,0,1.5,0.06,3,0.0,MKT+AI+DRIFT,A
,5,1.8,0.0,0.0,0.0,0.0,0.214,-900,0,0,1.5,0.06,3,0.15,MKT+AI+DRIFT,A
,1,2.0,0.0,0.0,0.0,0.0,0.317,-200,0,0,1.5,0.06,3,0.25,MKT+AI+DRIFT,A
,31,1.16,0.0,0.0,0.0,0.0,0.111,-3600,0,0,1.5,0.06,5,0.0,MKT+AI+DRIFT,A
,5,1.8,0.0,0.0,0.0,0.0,0.214,-900,0,0,1.5,0.06,5,0.15,MKT+AI+DRIFT,A
,1,2.0,0.0,0.0,0.0,0.0,0.317,-200,0,0,1.5,0.06,5,0.25,MKT+AI+DRIFT,A
,31,1.16,0.0,0.0,0.0,0.0,0.111,-3600,0,0,1.5,0.06,9,0.0,MKT+AI+DRIFT,A
,5,1.8,0.0,0.0,0.0,0.0,0.214,-900,0,0,1.5,0.06,9,0.15,MKT+AI+DRIFT,A
,1,2.0,0.0,0.0,0.0,0.0,0.317,-200,0,0,1.5,0.06,9,0.25,MKT+AI+DRIFT,A
,891,2.69,0.064,0.829,0.726,0.604,0.087,-41040,24620,1830,1.0,0.0,3,0.0,MKT+AI+DRIFT,B
,125,2.76,0.152,0.573,0.479,0.37,0.209,-14740,3240,870,1.0,0.0,3,0.15,MKT+AI+DRIFT,B
,21,2.81,0.143,0.329,0.144,0.0,0.319,-3960,1090,590,1.0,0.0,3,0.25,MKT+AI+DRIFT,B
,891,3.9,0.09,0.831,0.761,0.677,0.118,-58660,24620,1830,1.0,0.0,5,0.0,MKT+AI+DRIFT,B
,234,4.29,0.167,0.83,0.681,0.47,0.225,-17010,15010,1180,1.0,0.0,5,0.15,MKT+AI+DRIFT,B
,64,4.36,0.141,0.283,0.214,0.13,0.319,-20000,1930,750,1.0,0.0,5,0.25,MKT+AI+DRIFT,B
,893,5.26,0.11,0.737,0.684,0.622,0.148,-123630,24620,1865,1.0,0.0,9,0.0,MKT+AI+DRIFT,B
,362,6.47,0.169,0.806,0.701,0.583,0.24,-45470,24620,1300,1.0,0.0,9,0.15,MKT+AI+DRIFT,B
,120,6.71,0.167,0.369,0.239,0.189,0.333,-50770,10490,1040,1.0,0.0,9,0.25,MKT+AI+DRIFT,B
,824,2.24,0.076,0.638,0.592,0.512,0.113,-66910,8480,1380,1.0,0.02,3,0.0,MKT+AI+DRIFT,B
,212,2.75,0.137,0.614,0.497,0.399,0.204,-22490,6830,1050,1.0,0.02,3,0.15,MKT+AI+DRIFT,B
,32,2.75,0.125,0.269,0.145,0.03,0.308,-6430,1090,510,1.0,0.02,3,0.25,MKT+AI+DRIFT,B
,824,2.65,0.091,0.652,0.613,0.546,0.135,-76030,8480,1380,1.0,0.02,5,0.0,MKT+AI+DRIFT,B
,314,3.78,0.156,0.755,0.684,0.561,0.229,-29000,8480,1180,1.0,0.02,5,0.15,MKT+AI+DRIFT,B
,96,4.19,0.156,0.513,0.343,0.243,0.315,-19590,6830,950,1.0,0.02,5,0.25,MKT+AI+DRIFT,B
,825,2.76,0.093,0.637,0.6,0.536,0.141,-82730,8480,1380,1.0,0.02,9,0.0,MKT+AI+DRIFT,B
,318,4.07,0.16,0.714,0.648,0.535,0.242,-37100,8480,1240,1.0,0.02,9,0.15,MKT+AI+DRIFT,B
,118,4.99,0.153,0.421,0.305,0.236,0.331,-34120,6830,1085,1.0,0.02,9,0.25,MKT+AI+DRIFT,B
,596,1.71,0.089,0.667,0.635,0.58,0.131,-33920,3240,1140,1.0,0.04,3,0.0,MKT+AI+DRIFT,B
,204,2.44,0.152,0.681,0.616,0.518,0.221,-15900,3240,1000,1.0,0.04,3,0.15,MKT+AI+DRIFT,B
,53,2.62,0.17,0.547,0.432,0.265,0.303,-6300,1590,750,1.0,0.04,3,0.25,MKT+AI+DRIFT,B
,596,1.78,0.091,0.655,0.624,0.571,0.136,-36610,3240,1145,1.0,0.04,5,0.0,MKT+AI+DRIFT,B
,205,2.65,0.156,0.652,0.592,0.503,0.235,-18890,3240,1040,1.0,0.04,5,0.15,MKT+AI+DRIFT,B
,72,3.25,0.167,0.525,0.435,0.303,0.318,-11110,2100,1015,1.0,0.04,5,0.25,MKT+AI+DRIFT,B
,596,1.78,0.091,0.653,0.622,0.569,0.137,-36910,3240,1145,1.0,0.04,9,0.0,MKT+AI+DRIFT,B
,205,2.66,0.156,0.649,0.589,0.5,0.237,-19190,3240,1040,1.0,0.04,9,0.15,MKT+AI+DRIFT,B
,72,3.29,0.167,0.519,0.43,0.299,0.321,-11410,2100,1015,1.0,0.04,9,0.25,MKT+AI+DRIFT,B
,427,1.42,0.096,0.674,0.638,0.575,0.138,-19730,2230,980,1.0,0.06,3,0.0,MKT+AI+DRIFT,B
,151,2.07,0.139,0.533,0.492,0.415,0.225,-14580,1260,730,1.0,0.06,3,0.15,MKT+AI+DRIFT,B
,48,2.46,0.146,0.473,0.368,0.195,0.301,-6220,1240,750,1.0,0.06,3,0.25,MKT+AI+DRIFT,B
,427,1.43,0.096,0.67,0.633,0.571,0.139,-20130,2230,980,1.0,0.06,5,0.0,MKT+AI+DRIFT,B
,151,2.09,0.139,0.526,0.486,0.409,0.229,-14980,1260,730,1.0,0.06,5,0.15,MKT+AI+DRIFT,B
,49,2.55,0.143,0.446,0.347,0.184,0.312,-6920,1240,750,1.0,0.06,5,0.25,MKT+AI+DRIFT,B
,427,1.43,0.096,0.67,0.633,0.571,0.139,-20130,2230,980,1.0,0.06,9,0.0,MKT+AI+DRIFT,B
,151,2.09,0.139,0.526,0.486,0.409,0.229,-14980,1260,730,1.0,0.06,9,0.15,MKT+AI+DRIFT,B
,49,2.55,0.143,0.446,0.347,0.184,0.312,-6920,1240,750,1.0,0.06,9,0.25,MKT+AI+DRIFT,B
,787,2.44,0.052,0.82,0.692,0.54,0.075,-34530,24620,1830,1.1,0.0,3,0.0,MKT+AI+DRIFT,B
,83,2.7,0.12,0.512,0.368,0.202,0.202,-10920,3240,810,1.1,0.0,3,0.15,MKT+AI+DRIFT,B
,10,2.5,0.3,0.776,0.34,0.0,0.307,-560,1090,590,1.1,0.0,3,0.25,MKT+AI+DRIFT,B
,787,3.3,0.066,0.78,0.685,0.572,0.095,-57110,24620,1800,1.1,0.0,5,0.0,MKT+AI+DRIFT,B
,139,4.13,0.129,0.544,0.361,0.262,0.222,-26160,10490,1085,1.1,0.0,5,0.15,MKT+AI+DRIFT,B
,37,4.41,0.135,0.253,0.177,0.052,0.303,-12170,1240,950,1.1,0.0,5,0.25,MKT+AI+DRIFT,B
,788,4.06,0.079,0.73,0.653,0.561,0.112,-86630,24620,1800,1.1,0.0,9,0.0,MKT+AI+DRIFT,B
,193,5.99,0.161,0.634,0.525,0.367,0.238,-42400,12540,1290,1.1,0.0,9,0.15,MKT+AI+DRIFT,B
,66,6.65,0.182,0.513,0.274,0.19,0.327,-21380,10490,1115,1.1,0.0,9,0.25,MKT+AI+DRIFT,B
,656,1.96,0.061,0.633,0.567,0.453,0.097,-47310,8480,1375,1.1,0.02,3,0.0,MKT+AI+DRIFT,B
,127,2.66,0.126,0.528,0.433,0.318,0.2,-15940,3240,960,1.1,0.02,3,0.15,MKT+AI+DRIFT,B
,16,2.62,0.188,0.462,0.202,0.0,0.3,-2260,1090,590,1.1,0.02,3,0.25,MKT+AI+DRIFT,B
,656,2.21,0.072,0.685,0.627,0.526,0.111,-45700,8480,1380,1.1,0.02,5,0.0,MKT+AI+DRIFT,B
,169,3.57,0.142,0.611,0.482,0.383,0.226,-23440,7800,1085,1.1,0.02,5,0.15,MKT+AI+DRIFT,B
,50,4.12,0.16,0.432,0.33,0.193,0.306,-11700,2100,1085,1.1,0.02,5,0.25,MKT+AI+DRIFT,B
,656,2.27,0.073,0.675,0.618,0.52,0.114,-48510,8480,1375,1.1,0.02,9,0.0,MKT+AI+DRIFT,B
,171,3.82,0.146,0.584,0.465,0.373,0.237,-27150,7800,1090,1.1,0.02,9,0.15,MKT+AI+DRIFT,B
,58,4.83,0.155,0.364,0.289,0.186,0.325,-17810,2100,1090,1.1,0.02,9,0.25,MKT+AI+DRIFT,B
,433,1.52,0.079,0.69,0.641,0.556,0.115,-20430,3240,1185,1.1,0.04,3,0.0,MKT+AI+DRIFT,B
,118,2.29,0.144,0.694,0.574,0.437,0.213,-8260,3240,950,1.1,0.04,3,0.15,MKT+AI+DRIFT,B
,24,2.54,0.208,0.677,0.474,0.139,0.299,-1970,1240,950,1.1,0.04,3,0.25,MKT+AI+DRIFT,B
,433,1.57,0.079,0.67,0.622,0.54,0.118,-22430,3240,1185,1.1,0.04,5,0.0,MKT+AI+DRIFT,B
,119,2.46,0.143,0.64,0.529,0.403,0.224,-10560,3240,950,1.1,0.04,5,0.15,MKT+AI+DRIFT,B
,34,3.21,0.206,0.671,0.478,0.264,0.307,-3590,2100,1080,1.1,0.04,5,0.25,MKT+AI+DRIFT,B
,433,1.57,0.079,0.669,0.621,0.539,0.119,-22530,3240,1185,1.1,0.04,9,0.0,MKT+AI+DRIFT,B
,119,2.47,0.143,0.637,0.527,0.402,0.225,-10660,3240,950,1.1,0.04,9,0.15,MKT+AI+DRIFT,B
,34,3.24,0.206,0.665,0.474,0.262,0.311,-3690,2100,1080,1.1,0.04,9,0.25,MKT+AI+DRIFT,B
,287,1.35,0.091,0.692,0.645,0.563,0.129,-11910,1830,1065,1.1,0.06,3,0.0,MKT+AI+DRIFT,B
,91,1.98,0.121,0.474,0.406,0.285,0.214,-9460,1240,800,1.1,0.06,3,0.15,MKT+AI+DRIFT,B
,21,2.38,0.238,0.826,0.578,0.17,0.298,-870,1240,950,1.1,0.06,3,0.25,MKT+AI+DRIFT,B
,287,1.35,0.091,0.69,0.643,0.561,0.129,-12010,1830,1065,1.1,0.06,5,0.0,MKT+AI+DRIFT,B
,91,1.99,0.121,0.472,0.403,0.283,0.215,-9560,1240,800,1.1,0.06,5,0.15,MKT+AI+DRIFT,B
,21,2.43,0.238,0.81,0.567,0.167,0.302,-970,1240,950,1.1,0.06,5,0.25,MKT+AI+DRIFT,B
,287,1.35,0.091,0.69,0.643,0.561,0.129,-12010,1830,1065,1.1,0.06,9,0.0,MKT+AI+DRIFT,B
,91,1.99,0.121,0.472,0.403,0.283,0.215,-9560,1240,800,1.1,0.06,9,0.15,MKT+AI+DRIFT,B
,21,2.43,0.238,0.81,0.567,0.167,0.302,-970,1240,950,1.1,0.06,9,0.25,MKT+AI+DRIFT,B
,648,2.24,0.037,0.755,0.586,0.403,0.067,-35580,24620,2155,1.2,0.0,3,0.0,MKT+AI+DRIFT,B
,54,2.72,0.074,0.43,0.21,0.051,0.196,-8380,3240,1165,1.2,0.0,3,0.15,MKT+AI+DRIFT,B
,5,2.8,0.2,0.779,0.0,0.0,0.293,-310,1090,1090,1.2,0.0,3,0.25,MKT+AI+DRIFT,B
,648,2.88,0.048,0.742,0.61,0.467,0.082,-48110,24620,2100,1.2,0.0,5,0.0,MKT+AI+DRIFT,B
,85,4.04,0.129,0.737,0.431,0.276,0.221,-9020,10490,1370,1.2,0.0,5,0.15,MKT+AI+DRIFT,B
,23,4.48,0.087,0.198,0.092,0.0,0.293,-8260,1090,1020,1.2,0.0,5,0.25,MKT+AI+DRIFT,B
,649,3.37,0.057,0.747,0.634,0.511,0.092,-55350,24620,2210,1.2,0.0,9,0.0,MKT+AI+DRIFT,B
,114,5.55,0.167,0.836,0.638,0.404,0.231,-10380,12540,1380,1.2,0.0,9,0.15,MKT+AI+DRIFT,B
,38,6.21,0.158,0.733,0.289,0.132,0.309,-6300,10490,1340,1.2,0.0,9,0.25,MKT+AI+DRIFT,B
,505,1.79,0.044,0.546,0.452,0.317,0.087,-41040,8480,1375,1.2,0.02,3,0.0,MKT+AI+DRIFT,B
,79,2.62,0.101,0.541,0.385,0.252,0.197,-9500,3240,1165,1.2,0.02,3,0.15,MKT+AI+DRIFT,B
,9,2.78,0.111,0.436,0.0,0.0,0.283,-1410,1090,1090,1.2,0.02,3,0.25,MKT+AI+DRIFT,B
,505,1.95,0.05,0.549,0.463,0.339,0.096,-44420,8480,1370,1.2,0.02,5,0.0,MKT+AI+DRIFT,B
,101,3.37,0.129,0.577,0.481,0.339,0.22,-14390,3240,1240,1.2,0.02,5,0.15,MKT+AI+DRIFT,B
,27,4.04,0.111,0.439,0.246,0.0,0.295,-6120,2100,1590,1.2,0.02,5,0.25,MKT+AI+DRIFT,B
,505,1.98,0.05,0.542,0.457,0.335,0.098,-45720,8480,1370,1.2,0.02,9,0.0,MKT+AI+DRIFT,B
,102,3.5,0.127,0.549,0.459,0.323,0.225,-16090,3240,1240,1.2,0.02,9,0.15,MKT+AI+DRIFT,B
,31,4.52,0.097,0.341,0.191,0.0,0.306,-9220,2100,1590,1.2,0.02,9,0.25,MKT+AI+DRIFT,B
,308,1.42,0.065,0.661,0.587,0.461,0.107,-14830,3240,1250,1.2,0.04,3,0.0,MKT+AI+DRIFT,B
,78,2.14,0.115,0.804,0.61,0.389,0.201,-3280,3240,1240,1.2,0.04,3,0.15,MKT+AI+DRIFT,B
,15,2.6,0.067,0.279,0.0,0.0,0.286,-2810,1090,1090,1.2,0.04,3,0.25,MKT+AI+DRIFT,B
,308,1.44,0.065,0.651,0.578,0.453,0.108,-15530,3240,1250,1.2,0.04,5,0.0,MKT+AI+DRIFT,B
,78,2.23,0.115,0.771,0.585,0.373,0.207,-3980,3240,1240,1.2,0.04,5,0.15,MKT+AI+DRIFT,B
,18,2.94,0.056,0.206,0.0,0.0,0.294,-4210,1090,1090,1.2,0.04,5,0.25,MKT+AI+DRIFT,B
,308,1.44,0.065,0.651,0.578,0.453,0.108,-15530,3240,1250,1.2,0.04,9,0.0,MKT+AI+DRIFT,B
,78,2.23,0.115,0.771,0.585,0.373,0.207,-3980,3240,1240,1.2,0.04,9,0.15,MKT+AI+DRIFT,B
,18,2.94,0.056,0.206,0.0,0.0,0.294,-4210,1090,1090,1.2,0.04,9,0.25,MKT+AI+DRIFT,B
,197,1.3,0.071,0.557,0.502,0.395,0.122,-11330,1420,1065,1.2,0.06,3,0.0,MKT+AI+DRIFT,B
,58,1.95,0.069,0.386,0.276,0.084,0.205,-6940,1240,1085,1.2,0.06,3,0.15,MKT+AI+DRIFT,B
,11,2.27,0.091,0.436,0.0,0.0,0.281,-1410,1090,1090,1.2,0.06,3,0.25,MKT+AI+DRIFT,B
,197,1.3,0.071,0.557,0.502,0.395,0.122,-11330,1420,1065,1.2,0.06,5,0.0,MKT+AI+DRIFT,B
,58,1.95,0.069,0.386,0.276,0.084,0.205,-6940,1240,1085,1.2,0.06,5,0.15,MKT+AI+DRIFT,B
,11,2.27,0.091,0.436,0.0,0.0,0.281,-1410,1090,1090,1.2,0.06,5,0.25,MKT+AI+DRIFT,B
,197,1.3,0.071,0.557,0.502,0.395,0.122,-11330,1420,1065,1.2,0.06,9,0.0,MKT+AI+DRIFT,B
,58,1.95,0.069,0.386,0.276,0.084,0.205,-6940,1240,1085,1.2,0.06,9,0.15,MKT+AI+DRIFT,B
,11,2.27,0.091,0.436,0.0,0.0,0.281,-1410,1090,1090,1.2,0.06,9,0.25,MKT+AI+DRIFT,B
,495,2.12,0.03,0.872,0.638,0.385,0.061,-13400,24620,3330,1.3,0.0,3,0.0,MKT+AI+DRIFT,B
,36,2.64,0.028,0.131,0.0,0.0,0.192,-8260,1240,1240,1.3,0.0,3,0.15,MKT+AI+DRIFT,B
,2,2.5,0.0,0.0,0.0,0.0,0.287,-500,0,0,1.3,0.0,3,0.25,MKT+AI+DRIFT,B
,495,2.6,0.042,0.893,0.702,0.495,0.073,-13780,24620,2100,1.3,0.0,5,0.0,MKT+AI+DRIFT,B
,53,3.87,0.132,0.883,0.371,0.226,0.213,-2400,10490,1370,1.3,0.0,5,0.15,MKT+AI+DRIFT,B
,11,4.64,0.091,0.186,0.0,0.0,0.295,-4150,950,950,1.3,0.0,5,0.25,MKT+AI+DRIFT,B
,496,2.97,0.044,0.788,0.621,0.44,0.081,-31160,24620,2015,1.3,0.0,9,0.0,MKT+AI+DRIFT,B
,68,5.32,0.132,0.557,0.267,0.185,0.227,-16030,10490,1240,1.3,0.0,9,0.15,MKT+AI+DRIFT,B
,22,6.59,0.182,0.973,0.25,0.066,0.305,-390,10490,1335,1.3,0.0,9,0.25,MKT+AI+DRIFT,B
,376,1.68,0.035,0.566,0.432,0.239,0.08,-27420,8480,1420,1.3,0.02,3,0.0,MKT+AI+DRIFT,B
,49,2.57,0.102,0.486,0.376,0.169,0.195,-6480,1380,1240,1.3,0.02,3,0.15,MKT+AI+DRIFT,B
,5,2.8,0.0,0.0,0.0,0.0,0.28,-1400,0,0,1.3,0.02,3,0.25,MKT+AI+DRIFT,B
,376,1.81,0.04,0.555,0.43,0.251,0.087,-30250,8480,1380,1.3,0.02,5,0.0,MKT+AI+DRIFT,B
,60,3.3,0.133,0.489,0.409,0.27,0.218,-10120,1590,1160,1.3,0.02,5,0.15,MKT+AI+DRIFT,B
,14,4.14,0.071,0.274,0.0,0.0,0.294,-4210,1590,1590,1.3,0.02,5,0.25,MKT+AI+DRIFT,B
,376,1.82,0.04,0.551,0.427,0.249,0.088,-30750,8480,1380,1.3,0.02,9,0.0,MKT+AI+DRIFT,B
,60,3.38,0.133,0.477,0.399,0.263,0.224,-10620,1590,1160,1.3,0.02,9,0.15,MKT+AI+DRIFT,B
,15,4.47,0.067,0.237,0.0,0.0,0.31,-5110,1590,1590,1.3,0.02,9,0.25,MKT+AI+DRIFT,B
,215,1.37,0.051,0.465,0.394,0.292,0.101,-15770,2100,1240,1.3,0.04,3,0.0,MKT+AI+DRIFT,B
,45,2.18,0.111,0.637,0.474,0.207,0.202,-3560,1590,1240,1.3,0.04,3,0.15,MKT+AI+DRIFT,B
,7,2.86,0.0,0.0,0.0,0.0,0.299,-2000,0,0,1.3,0.04,3,0.25,MKT+AI+DRIFT,B
,215,1.4,0.051,0.458,0.388,0.287,0.102,-16270,2100,1240,1.3,0.04,5,0.0,MKT+AI+DRIFT,B
,45,2.29,0.111,0.606,0.451,0.197,0.209,-4060,1590,1240,1.3,0.04,5,0.15,MKT+AI+DRIFT,B
,9,3.33,0.0,0.0,0.0,0.0,0.311,-3000,0,0,1.3,0.04,5,0.25,MKT+AI+DRIFT,B
,215,1.4,0.051,0.458,0.388,0.287,0.102,-16270,2100,1240,1.3,0.04,9,0.0,MKT+AI+DRIFT,B
,45,2.29,0.111,0.606,0.451,0.197,0.209,-4060,1590,1240,1.3,0.04,9,0.15,MKT+AI+DRIFT,B
,9,3.33,0.0,0.0,0.0,0.0,0.311,-3000,0,0,1.3,0.04,9,0.25,MKT+AI+DRIFT,B
,130,1.25,0.069,0.616,0.529,0.36,0.118,-6260,1420,1080,1.3,0.06,3,0.0,MKT+AI+DRIFT,B
,35,1.89,0.086,0.495,0.308,0.0,0.201,-3330,1240,1080,1.3,0.06,3,0.15,MKT+AI+DRIFT,B
,4,2.5,0.0,0.0,0.0,0.0,0.303,-1000,0,0,1.3,0.06,3,0.25,MKT+AI+DRIFT,B
,130,1.25,0.069,0.616,0.529,0.36,0.118,-6260,1420,1080,1.3,0.06,5,0.0,MKT+AI+DRIFT,B
,35,1.89,0.086,0.495,0.308,0.0,0.201,-3330,1240,1080,1.3,0.06,5,0.15,MKT+AI+DRIFT,B
,4,2.5,0.0,0.0,0.0,0.0,0.303,-1000,0,0,1.3,0.06,5,0.25,MKT+AI+DRIFT,B
,130,1.25,0.069,0.616,0.529,0.36,0.118,-6260,1420,1080,1.3,0.06,9,0.0,MKT+AI+DRIFT,B
,35,1.89,0.086,0.495,0.308,0.0,0.201,-3330,1240,1080,1.3,0.06,9,0.15,MKT+AI+DRIFT,B
,4,2.5,0.0,0.0,0.0,0.0,0.303,-1000,0,0,1.3,0.06,9,0.25,MKT+AI+DRIFT,B
,307,1.81,0.023,1.087,0.645,0.167,0.052,4830,24620,4410,1.5,0.0,3,0.0,MKT+AI+DRIFT,B
,15,2.6,0.0,0.0,0.0,0.0,0.197,-3900,0,0,1.5,0.0,3,0.15,MKT+AI+DRIFT,B
,1,3.0,0.0,0.0,0.0,0.0,0.31,-300,0,0,1.5,0.0,3,0.25,MKT+AI+DRIFT,B
,307,2.14,0.033,1.083,0.708,0.303,0.06,5440,24620,3170,1.5,0.0,5,0.0,MKT+AI+DRIFT,B
,25,3.64,0.08,0.27,0.119,0.0,0.205,-6640,1380,1230,1.5,0.0,5,0.15,MKT+AI+DRIFT,B
,3,4.0,0.0,0.0,0.0,0.0,0.282,-1200,0,0,1.5,0.0,5,0.25,MKT+AI+DRIFT,B
,308,2.36,0.036,0.991,0.653,0.288,0.065,-640,24620,1930,1.5,0.0,9,0.0,MKT+AI+DRIFT,B
,36,5.14,0.111,0.245,0.17,0.055,0.214,-13970,1380,1065,1.5,0.0,9,0.15,MKT+AI+DRIFT,B
,6,6.33,0.0,0.0,0.0,0.0,0.335,-3800,0,0,1.5,0.0,9,0.25,MKT+AI+DRIFT,B
,218,1.46,0.028,0.564,0.298,0.11,0.07,-13910,8480,1485,1.5,0.02,3,0.0,MKT+AI+DRIFT,B
,21,2.62,0.048,0.251,0.0,0.0,0.204,-4120,1380,1380,1.5,0.02,3,0.15,MKT+AI+DRIFT,B
,3,3.0,0.0,0.0,0.0,0.0,0.283,-900,0,0,1.5,0.02,3,0.25,MKT+AI+DRIFT,B
,218,1.53,0.032,0.569,0.315,0.136,0.074,-14390,8480,1380,1.5,0.02,5,0.0,MKT+AI+DRIFT,B
,27,3.19,0.074,0.279,0.119,0.0,0.211,-6200,1380,1200,1.5,0.02,5,0.15,MKT+AI+DRIFT,B
,4,3.75,0.0,0.0,0.0,0.0,0.299,-1500,0,0,1.5,0.02,5,0.25,MKT+AI+DRIFT,B
,218,1.54,0.032,0.566,0.313,0.135,0.075,-14590,8480,1380,1.5,0.02,9,0.0,MKT+AI+DRIFT,B
,27,3.26,0.074,0.273,0.116,0.0,0.22,-6400,1380,1200,1.5,0.02,9,0.15,MKT+AI+DRIFT,B
,5,4.4,0.0,0.0,0.0,0.0,0.327,-2200,0,0,1.5,0.02,9,0.25,MKT+AI+DRIFT,B
,114,1.3,0.044,0.414,0.306,0.14,0.096,-8680,1590,1080,1.5,0.04,3,0.0,MKT+AI+DRIFT,B
,21,2.1,0.048,0.314,0.0,0.0,0.198,-3020,1380,1380,1.5,0.04,3,0.15,MKT+AI+DRIFT,B
,3,3.0,0.0,0.0,0.0,0.0,0.325,-900,0,0,1.5,0.04,3,0.25,MKT+AI+DRIFT,B
,114,1.31,0.044,0.411,0.304,0.139,0.096,-8780,1590,1080,1.5,0.04,5,0.0,MKT+AI+DRIFT,B
,21,2.14,0.048,0.307,0.0,0.0,0.202,-3120,1380,1380,1.5,0.04,5,0.15,MKT+AI+DRIFT,B
,3,3.0,0.0,0.0,0.0,0.0,0.325,-900,0,0,1.5,0.04,5,0.25,MKT+AI+DRIFT,B
,114,1.31,0.044,0.411,0.304,0.139,0.096,-8780,1590,1080,1.5,0.04,9,0.0,MKT+AI+DRIFT,B
,21,2.14,0.048,0.307,0.0,0.0,0.202,-3120,1380,1380,1.5,0.04,9,0.15,MKT+AI+DRIFT,B
,3,3.0,0.0,0.0,0.0,0.0,0.325,-900,0,0,1.5,0.04,9,0.25,MKT+AI+DRIFT,B
,67,1.18,0.06,0.573,0.399,0.129,0.113,-3370,1380,1065,1.5,0.06,3,0.0,MKT+AI+DRIFT,B
,15,1.73,0.0,0.0,0.0,0.0,0.201,-2600,0,0,1.5,0.06,3,0.15,MKT+AI+DRIFT,B
,3,2.33,0.0,0.0,0.0,0.0,0.293,-700,0,0,1.5,0.06,3,0.25,MKT+AI+DRIFT,B
,67,1.18,0.06,0.573,0.399,0.129,0.113,-3370,1380,1065,1.5,0.06,5,0.0,MKT+AI+DRIFT,B
,15,1.73,0.0,0.0,0.0,0.0,0.201,-2600,0,0,1.5,0.06,5,0.15,MKT+AI+DRIFT,B
,3,2.33,0.0,0.0,0.0,0.0,0.293,-700,0,0,1.5,0.06,5,0.25,MKT+AI+DRIFT,B
,67,1.18,0.06,0.573,0.399,0.129,0.113,-3370,1380,1065,1.5,0.06,9,0.0,MKT+AI+DRIFT,B
,15,1.73,0.0,0.0,0.0,0.0,0.201,-2600,0,0,1.5,0.06,9,0.15,MKT+AI+DRIFT,B
,3,2.33,0.0,0.0,0.0,0.0,0.293,-700,0,0,1.5,0.06,9,0.25,MKT+AI+DRIFT,B
